instance_id,p,n,m,replicate,seed,generation_mode,accepted_attempt,rejected_total,rejection_reasons,unit_feasible_count,sha256,instance_file
P05_N010_M010_R01_seed105101001,5,10,10,1,105101001,paper_range_complete_draw_rejection,1,0,{},1,c51606750f1e6ce4f9ed717f30ad86c6af6ce5f77843dd29a8088dc587c6e544,P05_N010_M010_R01_seed105101001.npz
P05_N010_M010_R02_seed105101002,5,10,10,2,105101002,paper_range_complete_draw_rejection,1,0,{},5,3a3018d8a4163d08a8daabc401a838641700abd18da0ff288ed71315cd064c99,P05_N010_M010_R02_seed105101002.npz
P05_N010_M010_R03_seed105101003,5,10,10,3,105101003,paper_range_complete_draw_rejection,1,0,{},2,890af4562d509f26d05b598e9684ee228d07636c40b043048f701d269e3cabd0,P05_N010_M010_R03_seed105101003.npz
P05_N010_M010_R04_seed105101004,5,10,10,4,105101004,paper_range_complete_draw_rejection,2,1,"{""constant_preference_probe"": 1, ""no_nonzero_unit_feasible_point"": 1}",2,461f90d7fbedd996c429317e2a9b366eb6afb87653b27854acb786699196aa26,P05_N010_M010_R04_seed105101004.npz
P05_N010_M010_R05_seed105101005,5,10,10,5,105101005,paper_range_complete_draw_rejection,1,0,{},3,796de7c79729668f63dabf2042af3506a0c70c9f4b25ed33e4698233e6ad6ff3,P05_N010_M010_R05_seed105101005.npz
P05_N010_M010_R06_seed105101006,5,10,10,6,105101006,paper_range_complete_draw_rejection,1,0,{},9,aa4eddad833bf022c29fcbd3aef665b141b396a5e6ba88ca8c3c355f54ebec7e,P05_N010_M010_R06_seed105101006.npz
P05_N010_M010_R07_seed105101007,5,10,10,7,105101007,paper_range_complete_draw_rejection,2,1,"{""constant_preference_probe"": 1, ""no_nonzero_unit_feasible_point"": 1}",1,3194da6e3bcb0e598ae8136ea8adb37fec4d4949cf0e4d8c52bd1fadfce40f14,P05_N010_M010_R07_seed105101007.npz
P05_N010_M010_R08_seed105101008,5,10,10,8,105101008,paper_range_complete_draw_rejection,1,0,{},10,e2f5d7716aca442facac0958b88c76d6bd766ab950d536641545ed527ac19e44,P05_N010_M010_R08_seed105101008.npz
P05_N010_M010_R09_seed105101009,5,10,10,9,105101009,paper_range_complete_draw_rejection,1,0,{},3,3a2026c28defa716dc61a7aef0cfc277870226ab9eb4267952a792a1ab75b40f,P05_N010_M010_R09_seed105101009.npz
P05_N010_M010_R10_seed105101010,5,10,10,10,105101010,paper_range_complete_draw_rejection,1,0,{},5,d482322518c3735fb697b77ad18b547fdfec7132ad4d47af8bf9e95f1bb83959,P05_N010_M010_R10_seed105101010.npz
P05_N010_M010_R11_seed105101011,5,10,10,11,105101011,paper_range_complete_draw_rejection,2,1,"{""constant_preference_probe"": 1, ""no_nonzero_unit_feasible_point"": 1}",4,8b7521cfeec718175bf30dbd169eebe8a9c4ca51c356a530771a3286f775c38e,P05_N010_M010_R11_seed105101011.npz
P05_N010_M010_R12_seed105101012,5,10,10,12,105101012,paper_range_complete_draw_rejection,1,0,{},7,8b5c321989c5adeb9d0ea9b4ea1d3602d5d670814f5708d5881886fdba887f0b,P05_N010_M010_R12_seed105101012.npz
P05_N010_M010_R13_seed105101013,5,10,10,13,105101013,paper_range_complete_draw_rejection,1,0,{},4,1ed8dffed692c62d6f31388f45a590470e1a1daa1c8166571ea884489106abe9,P05_N010_M010_R13_seed105101013.npz
P05_N010_M010_R14_seed105101014,5,10,10,14,105101014,paper_range_complete_draw_rejection,3,2,"{""constant_preference_probe"": 2, ""no_nonzero_unit_feasible_point"": 2}",5,e2e11fe9198297f0436ade391409e28240ba36d3eb3707af8f6ced51a4fdb2f7,P05_N010_M010_R14_seed105101014.npz
P05_N010_M010_R15_seed105101015,5,10,10,15,105101015,paper_range_complete_draw_rejection,3,2,"{""constant_preference_probe"": 2, ""no_nonzero_unit_feasible_point"": 2}",8,b60a5ee9866df97c39ad58c7ceeaa462155c6ef780c54a483bb8200f47094ecb,P05_N010_M010_R15_seed105101015.npz
P05_N010_M010_R16_seed105101016,5,10,10,16,105101016,paper_range_complete_draw_rejection,1,0,{},10,d2027d26466eaf389a4801b2a03f50c29e9352960eed30102091a9c5dea2a12a,P05_N010_M010_R16_seed105101016.npz
P05_N010_M010_R17_seed105101017,5,10,10,17,105101017,paper_range_complete_draw_rejection,1,0,{},10,804b809e6a56aacb04e63c0715d194bc19b3d2efe3a071b7b626960ab76bc758,P05_N010_M010_R17_seed105101017.npz
P05_N010_M010_R18_seed105101018,5,10,10,18,105101018,paper_range_complete_draw_rejection,1,0,{},10,398d395d4281109f669c4c4de942911f7a5bbe9f6b578e166aa311a78bd8c3cd,P05_N010_M010_R18_seed105101018.npz
P05_N010_M010_R19_seed105101019,5,10,10,19,105101019,paper_range_complete_draw_rejection,1,0,{},10,21f5f280b78d665a742a49e4a58f192fa3675e5dd22d1b1a8b69e180a9f4d061,P05_N010_M010_R19_seed105101019.npz
P05_N010_M010_R20_seed105101020,5,10,10,20,105101020,paper_range_complete_draw_rejection,2,1,"{""constant_preference_probe"": 1, ""no_nonzero_unit_feasible_point"": 1}",1,4277719358cf3aaf71aad9efb08dbd5cada4d303eeb7c6949460f2f47b3830a3,P05_N010_M010_R20_seed105101020.npz
P05_N010_M010_R21_seed105101021,5,10,10,21,105101021,paper_range_complete_draw_rejection,2,1,"{""constant_preference_probe"": 1, ""no_nonzero_unit_feasible_point"": 1}",3,0dbf5fe598abff2eb9d7b918a06722b83229e995fc653becfac14bd40133cc62,P05_N010_M010_R21_seed105101021.npz
P05_N010_M010_R22_seed105101022,5,10,10,22,105101022,paper_range_complete_draw_rejection,1,0,{},1,2e66e03d04464f840e25bd9e792ab1c18eb637fd7ff56811ec4632359bd9eb66,P05_N010_M010_R22_seed105101022.npz
P05_N010_M010_R23_seed105101023,5,10,10,23,105101023,paper_range_complete_draw_rejection,1,0,{},1,9ee6c6353579d3548f308d3a630527bfa618e29a71259e5328895334bc23f362,P05_N010_M010_R23_seed105101023.npz
P05_N010_M010_R24_seed105101024,5,10,10,24,105101024,paper_range_complete_draw_rejection,1,0,{},2,580c29c58cfbd2cd8c7364016fac61ab24b0950a18d83069969a15556db9b731,P05_N010_M010_R24_seed105101024.npz
P05_N010_M010_R25_seed105101025,5,10,10,25,105101025,paper_range_complete_draw_rejection,1,0,{},10,bd52cc4f9c5de44710160ea13698c4269bcf4a636a0b64ac4b73ea8957f22acc,P05_N010_M010_R25_seed105101025.npz
P05_N010_M010_R26_seed105101026,5,10,10,26,105101026,paper_range_complete_draw_rejection,1,0,{},1,719224fca4cc857c18247c4af0c55b68dfb8bcaba4146b94074ff070b546aa8c,P05_N010_M010_R26_seed105101026.npz
P05_N010_M010_R27_seed105101027,5,10,10,27,105101027,paper_range_complete_draw_rejection,1,0,{},4,89e53dcae80d60efdee0701f7969ef729bee6fd17f799ae1c3ede864e81d59df,P05_N010_M010_R27_seed105101027.npz
P05_N010_M010_R28_seed105101028,5,10,10,28,105101028,paper_range_complete_draw_rejection,1,0,{},7,68d50de89a410faf5af373372e3516d16f9327dd3e0729ca73a915f28af60a22,P05_N010_M010_R28_seed105101028.npz
P05_N010_M010_R29_seed105101029,5,10,10,29,105101029,paper_range_complete_draw_rejection,3,2,"{""constant_preference_probe"": 2, ""no_nonzero_unit_feasible_point"": 2}",3,87a7ffd48ed20d88e32dde7ba1d4e3efc08702a18e9abe804f9103204f4ba771,P05_N010_M010_R29_seed105101029.npz
P05_N010_M010_R30_seed105101030,5,10,10,30,105101030,paper_range_complete_draw_rejection,2,1,"{""constant_preference_probe"": 1, ""no_nonzero_unit_feasible_point"": 1}",1,2cc2b5d73add0688f711eec7eb7057b75484caa3f8b29cec4fe9d61c493c0b3b,P05_N010_M010_R30_seed105101030.npz
P05_N010_M020_R01_seed105102001,5,10,20,1,105102001,paper_range_complete_draw_rejection,4,3,"{""constant_preference_probe"": 3, ""no_nonzero_unit_feasible_point"": 3}",1,af0da56a4b005f51dfa74378f9fe40dcec2ce46e1d95be530b8b27a393a0a0b9,P05_N010_M020_R01_seed105102001.npz
P05_N010_M020_R02_seed105102002,5,10,20,2,105102002,paper_range_complete_draw_rejection,1,0,{},4,9d83cbe0b9e6c6d59a433dbaad419e8d2a1db9e42db23e682fabba0bc181d973,P05_N010_M020_R02_seed105102002.npz
P05_N010_M020_R03_seed105102003,5,10,20,3,105102003,paper_range_complete_draw_rejection,1,0,{},6,0079c65ed9654133dc2e340a79b07fb4762079445f6851f1602dd44874e587b6,P05_N010_M020_R03_seed105102003.npz
P05_N010_M020_R04_seed105102004,5,10,20,4,105102004,paper_range_complete_draw_rejection,5,4,"{""constant_preference_probe"": 4, ""no_nonzero_unit_feasible_point"": 4}",2,c0f91055d7bdd98b299e44f1b951110a933e415c8d35fc57a73764bdab61e4f6,P05_N010_M020_R04_seed105102004.npz
P05_N010_M020_R05_seed105102005,5,10,20,5,105102005,paper_range_complete_draw_rejection,2,1,"{""constant_preference_probe"": 1, ""no_nonzero_unit_feasible_point"": 1}",1,1db8ff9aab92c9ce79bbf44a8e9ee6160dd4a6ddc43f98cc93f190de76bc4523,P05_N010_M020_R05_seed105102005.npz
P05_N010_M020_R06_seed105102006,5,10,20,6,105102006,paper_range_complete_draw_rejection,1,0,{},1,899ba4a5d27760f2699efb945e54314066d7ff966295eb13c9eb3d1c56741185,P05_N010_M020_R06_seed105102006.npz
P05_N010_M020_R07_seed105102007,5,10,20,7,105102007,paper_range_complete_draw_rejection,1,0,{},1,dbb48ba01c694ab4b905174a0a5b453b1543f8a7952d236229a6456a8ff56d89,P05_N010_M020_R07_seed105102007.npz
P05_N010_M020_R08_seed105102008,5,10,20,8,105102008,paper_range_complete_draw_rejection,2,1,"{""constant_preference_probe"": 1, ""no_nonzero_unit_feasible_point"": 1}",1,a68857e896ffd4be783ba7bcd082d4355bceb2901faca0cac090b0887d6d49de,P05_N010_M020_R08_seed105102008.npz
P05_N010_M020_R09_seed105102009,5,10,20,9,105102009,paper_range_complete_draw_rejection,2,1,"{""constant_preference_probe"": 1, ""no_nonzero_unit_feasible_point"": 1}",1,15ecbcfe4aed919163343adcbcebd2a086acce0febae922502540a36690717fe,P05_N010_M020_R09_seed105102009.npz
P05_N010_M020_R10_seed105102010,5,10,20,10,105102010,paper_range_complete_draw_rejection,4,3,"{""constant_preference_probe"": 3, ""no_nonzero_unit_feasible_point"": 3}",1,260d5a192eb7f31d37ea1a0fb58448e6ed4d103056fda9fdb9737c88e5c2d96b,P05_N010_M020_R10_seed105102010.npz
P05_N010_M020_R11_seed105102011,5,10,20,11,105102011,paper_range_complete_draw_rejection,1,0,{},1,75d978d95676e08a005aa3c508a2b94e647b606116ca4b117d54232beefee390,P05_N010_M020_R11_seed105102011.npz
P05_N010_M020_R12_seed105102012,5,10,20,12,105102012,paper_range_complete_draw_rejection,9,8,"{""constant_preference_probe"": 8, ""no_nonzero_unit_feasible_point"": 8}",3,d7aad686de0c167205b430c928bda2922756cd1e3c4293bf5183efff8392809b,P05_N010_M020_R12_seed105102012.npz
P05_N010_M020_R13_seed105102013,5,10,20,13,105102013,paper_range_complete_draw_rejection,1,0,{},2,3207edae8f6d241801d72fc9ee13d30210dcabe473b4a228eba3258bc6590493,P05_N010_M020_R13_seed105102013.npz
P05_N010_M020_R14_seed105102014,5,10,20,14,105102014,paper_range_complete_draw_rejection,1,0,{},2,f0d6b1ddf0b8b12320eb7682fc240493588fe7e83b06ef0cd86fc77baa551aa3,P05_N010_M020_R14_seed105102014.npz
P05_N010_M020_R15_seed105102015,5,10,20,15,105102015,paper_range_complete_draw_rejection,1,0,{},2,e0e37e93632483da529e3bb4bd3807f3b89ee6e1eb8d6e5bd30123e5a04c812a,P05_N010_M020_R15_seed105102015.npz
P05_N010_M020_R16_seed105102016,5,10,20,16,105102016,paper_range_complete_draw_rejection,2,1,"{""constant_preference_probe"": 1, ""no_nonzero_unit_feasible_point"": 1}",1,a358fb49dbee4c32b9015b4d78a0a17d781d1f57f25bdd693d7e20a36798c452,P05_N010_M020_R16_seed105102016.npz
P05_N010_M020_R17_seed105102017,5,10,20,17,105102017,paper_range_complete_draw_rejection,1,0,{},1,146c701c8d446359a4eaeea71c2896d888cc2aa8ad93bd76a90cdb352546a083,P05_N010_M020_R17_seed105102017.npz
P05_N010_M020_R18_seed105102018,5,10,20,18,105102018,paper_range_complete_draw_rejection,1,0,{},2,103079c34c6d7554bf0b861c9db698d5e0d8835a045fd40cb5a9deef24923c3d,P05_N010_M020_R18_seed105102018.npz
P05_N010_M020_R19_seed105102019,5,10,20,19,105102019,paper_range_complete_draw_rejection,1,0,{},1,321c5675d6c68fc089e71f925186d96867a22bcaa567dad6908a58d7c9eae891,P05_N010_M020_R19_seed105102019.npz
P05_N010_M020_R20_seed105102020,5,10,20,20,105102020,paper_range_complete_draw_rejection,2,1,"{""constant_preference_probe"": 1, ""no_nonzero_unit_feasible_point"": 1}",2,046707cb7b3983b7e84186749efa8b16bb0e6c40c96717edaeafa1900aea7dd1,P05_N010_M020_R20_seed105102020.npz
P05_N010_M020_R21_seed105102021,5,10,20,21,105102021,paper_range_complete_draw_rejection,1,0,{},1,72f273f971a8ee9b6e99d031b4cf2241d4cae5a908accf60a87bf1649f69d3da,P05_N010_M020_R21_seed105102021.npz
P05_N010_M020_R22_seed105102022,5,10,20,22,105102022,paper_range_complete_draw_rejection,1,0,{},1,d527267e6ecc724f4b9f61deabb20a1a867f0eb1ff0e6aa2eca925d73a37386d,P05_N010_M020_R22_seed105102022.npz
P05_N010_M020_R23_seed105102023,5,10,20,23,105102023,paper_range_complete_draw_rejection,2,1,"{""constant_preference_probe"": 1, ""no_nonzero_unit_feasible_point"": 1}",7,81b935fab7939f4a56e2d9bd2f365c58d768281e50abe59261c6e886ae874180,P05_N010_M020_R23_seed105102023.npz
P05_N010_M020_R24_seed105102024,5,10,20,24,105102024,paper_range_complete_draw_rejection,4,3,"{""constant_preference_probe"": 3, ""no_nonzero_unit_feasible_point"": 3}",7,4d682b546ac3702fa3c19bfb3870a6ef2df6989922433ed53627ed3b0d5fd4a9,P05_N010_M020_R24_seed105102024.npz
P05_N010_M020_R25_seed105102025,5,10,20,25,105102025,paper_range_complete_draw_rejection,1,0,{},2,7b184f2fea212a3e5cd883b90fb532ccbc03a1ef7a1e1e87e337d5cf61354483,P05_N010_M020_R25_seed105102025.npz
P05_N010_M020_R26_seed105102026,5,10,20,26,105102026,paper_range_complete_draw_rejection,4,3,"{""constant_preference_probe"": 3, ""no_nonzero_unit_feasible_point"": 3}",2,75206df3e726dbe692cc0b50680a9d15434c479c31e4066911a68dacc803fabd,P05_N010_M020_R26_seed105102026.npz
P05_N010_M020_R27_seed105102027,5,10,20,27,105102027,paper_range_complete_draw_rejection,1,0,{},9,e1019d4ad9d4421b0f80d879131357fa41dcb6ab29e98ee7c4fe2bdeadd732ff,P05_N010_M020_R27_seed105102027.npz
P05_N010_M020_R28_seed105102028,5,10,20,28,105102028,paper_range_complete_draw_rejection,9,8,"{""constant_preference_probe"": 8, ""no_nonzero_unit_feasible_point"": 8}",2,a4617a0c39a2d62d64a174e980237ffae88c3be04eb5fa42e6ab75ce1b742796,P05_N010_M020_R28_seed105102028.npz
P05_N010_M020_R29_seed105102029,5,10,20,29,105102029,paper_range_complete_draw_rejection,2,1,"{""constant_preference_probe"": 1, ""no_nonzero_unit_feasible_point"": 1}",1,4ddc5c8abb3225c09a76d2b085ee3d75c2cfe541df1676259804a8eafbbd6f93,P05_N010_M020_R29_seed105102029.npz
P05_N010_M020_R30_seed105102030,5,10,20,30,105102030,paper_range_complete_draw_rejection,6,5,"{""constant_preference_probe"": 5, ""no_nonzero_unit_feasible_point"": 5}",6,d7c23a2deaaa1714a38e7ada220d8e0a2c09dc9a4d548a1e74b7b8b37e6833ed,P05_N010_M020_R30_seed105102030.npz
P05_N010_M030_R01_seed105103001,5,10,30,1,105103001,paper_range_complete_draw_rejection,1,0,{},1,74257eccfde06b34aa4f61f99eb10cbce3b0a55ba703689a52060d1f7f27ede2,P05_N010_M030_R01_seed105103001.npz
P05_N010_M030_R02_seed105103002,5,10,30,2,105103002,paper_range_complete_draw_rejection,1,0,{},1,7914db5053f6653016f6584127e37054ce379544f787eec05fe6d3be0e1c62bf,P05_N010_M030_R02_seed105103002.npz
P05_N010_M030_R03_seed105103003,5,10,30,3,105103003,paper_range_complete_draw_rejection,5,4,"{""constant_preference_probe"": 4, ""no_nonzero_unit_feasible_point"": 4}",1,6f2004063bb12ef88f096a4f3b9b7112bc810cd3bdef8c02512f700748d950a9,P05_N010_M030_R03_seed105103003.npz
P05_N010_M030_R04_seed105103004,5,10,30,4,105103004,paper_range_complete_draw_rejection,2,1,"{""constant_preference_probe"": 1, ""no_nonzero_unit_feasible_point"": 1}",1,d0bff45891fd943ad37e248faa18bdf76b9177e93778e99635a4d8050249595c,P05_N010_M030_R04_seed105103004.npz
P05_N010_M030_R05_seed105103005,5,10,30,5,105103005,paper_range_complete_draw_rejection,2,1,"{""constant_preference_probe"": 1, ""no_nonzero_unit_feasible_point"": 1}",2,9cfaa7ba037f115ddc52390052ca179bc6325094a7cc9aa641842c43e304b501,P05_N010_M030_R05_seed105103005.npz
P05_N010_M030_R06_seed105103006,5,10,30,6,105103006,paper_range_complete_draw_rejection,1,0,{},2,8ff1e958e787db4ce57d465fd2146b8a2e0eca438a760a6d159a546c4b94e707,P05_N010_M030_R06_seed105103006.npz
P05_N010_M030_R07_seed105103007,5,10,30,7,105103007,paper_range_complete_draw_rejection,6,5,"{""constant_preference_probe"": 5, ""no_nonzero_unit_feasible_point"": 5}",2,77c65c05764b36ffaabeb25a8ac876fab1de257ae93785eb9d10dd0d7d98e5ad,P05_N010_M030_R07_seed105103007.npz
P05_N010_M030_R08_seed105103008,5,10,30,8,105103008,paper_range_complete_draw_rejection,3,2,"{""constant_preference_probe"": 2, ""no_nonzero_unit_feasible_point"": 2}",1,49937ebf92c7a914b5ae2b741ef3ffb5ebf968c6df0b2059c851c1f09bb358dc,P05_N010_M030_R08_seed105103008.npz
P05_N010_M030_R09_seed105103009,5,10,30,9,105103009,paper_range_complete_draw_rejection,3,2,"{""constant_preference_probe"": 2, ""no_nonzero_unit_feasible_point"": 2}",1,4a0963e727c95df9ba209e5411b6cb5ffa70ef62598aaa051f08d3f85918fb98,P05_N010_M030_R09_seed105103009.npz
P05_N010_M030_R10_seed105103010,5,10,30,10,105103010,paper_range_complete_draw_rejection,2,1,"{""constant_preference_probe"": 1, ""no_nonzero_unit_feasible_point"": 1}",1,01b6f24fd9318cd3777ff93e401e28aa1a728bfc3a96360d830f19ae61f7acd0,P05_N010_M030_R10_seed105103010.npz
P05_N010_M030_R11_seed105103011,5,10,30,11,105103011,paper_range_complete_draw_rejection,1,0,{},2,425c59845efc5380301e9bb02fa6038fd4f912149e79d98dbb6484c901576fb2,P05_N010_M030_R11_seed105103011.npz
P05_N010_M030_R12_seed105103012,5,10,30,12,105103012,paper_range_complete_draw_rejection,3,2,"{""constant_preference_probe"": 2, ""no_nonzero_unit_feasible_point"": 2}",1,d35f2a4ce994c9f4372b3835904fbfcbbaad2c55547697f9b63d8340088173b1,P05_N010_M030_R12_seed105103012.npz
P05_N010_M030_R13_seed105103013,5,10,30,13,105103013,paper_range_complete_draw_rejection,3,2,"{""constant_preference_probe"": 2, ""no_nonzero_unit_feasible_point"": 2}",2,298f9997e97fcc69cc603ca8f95455c5db0bfd4ba00bcdadcbaa4ba436c17716,P05_N010_M030_R13_seed105103013.npz
P05_N010_M030_R14_seed105103014,5,10,30,14,105103014,paper_range_complete_draw_rejection,2,1,"{""constant_preference_probe"": 1, ""no_nonzero_unit_feasible_point"": 1}",2,b24487393bcf498c8be1b99636f5cb937232b13524dc9e17b48729a888f1571c,P05_N010_M030_R14_seed105103014.npz
P05_N010_M030_R15_seed105103015,5,10,30,15,105103015,paper_range_complete_draw_rejection,5,4,"{""constant_preference_probe"": 4, ""no_nonzero_unit_feasible_point"": 4}",4,cb57d4ab5614eb7af8175942d7c838c78d307405c4d6612924c42d7c1e1c9184,P05_N010_M030_R15_seed105103015.npz
P05_N010_M030_R16_seed105103016,5,10,30,16,105103016,paper_range_complete_draw_rejection,7,6,"{""constant_preference_probe"": 6, ""no_nonzero_unit_feasible_point"": 6}",1,2fdfa7a9cc406754c75e32f0d05a8fe0a01376fcad781315a24ac60326e2a370,P05_N010_M030_R16_seed105103016.npz
P05_N010_M030_R17_seed105103017,5,10,30,17,105103017,paper_range_complete_draw_rejection,7,6,"{""constant_preference_probe"": 6, ""no_nonzero_unit_feasible_point"": 6}",1,6651dfb7033c414664f34119a11e9a36e35ac3cd7b8a28a247bd62e0b4da43b0,P05_N010_M030_R17_seed105103017.npz
P05_N010_M030_R18_seed105103018,5,10,30,18,105103018,paper_range_complete_draw_rejection,1,0,{},1,00cc857ed0ccec53e3665cf5a64112230b3fe269e76be6d4ac995656fc96fdc7,P05_N010_M030_R18_seed105103018.npz
P05_N010_M030_R19_seed105103019,5,10,30,19,105103019,paper_range_complete_draw_rejection,1,0,{},1,67211bd7b79108d9a2bf15f9c6fbc8e6d39bb8d209129c84692ab7a691f8713d,P05_N010_M030_R19_seed105103019.npz
P05_N010_M030_R20_seed105103020,5,10,30,20,105103020,paper_range_complete_draw_rejection,13,12,"{""constant_preference_probe"": 12, ""no_nonzero_unit_feasible_point"": 12}",4,fef53185735e1d0df1df583297334dc4563a0b44f6ec1c282f9770d393c1d071,P05_N010_M030_R20_seed105103020.npz
P05_N010_M030_R21_seed105103021,5,10,30,21,105103021,paper_range_complete_draw_rejection,3,2,"{""constant_preference_probe"": 2, ""no_nonzero_unit_feasible_point"": 2}",4,fef59aea863080e37bb615ae36589e898f35a44e1a34c1806299e6e2e3814f90,P05_N010_M030_R21_seed105103021.npz
P05_N010_M030_R22_seed105103022,5,10,30,22,105103022,paper_range_complete_draw_rejection,3,2,"{""constant_preference_probe"": 2, ""no_nonzero_unit_feasible_point"": 2}",1,0ba9a7f1ae4aebb9034437ba40dc34632220b42fd6a45685a3ada960f748968a,P05_N010_M030_R22_seed105103022.npz
P05_N010_M030_R23_seed105103023,5,10,30,23,105103023,paper_range_complete_draw_rejection,2,1,"{""constant_preference_probe"": 1, ""no_nonzero_unit_feasible_point"": 1}",2,ffdf20c7d82153364e8513e1b002ba0ede18359dfdc6316706ff4cd09b4bb627,P05_N010_M030_R23_seed105103023.npz
P05_N010_M030_R24_seed105103024,5,10,30,24,105103024,paper_range_complete_draw_rejection,7,6,"{""constant_preference_probe"": 6, ""no_nonzero_unit_feasible_point"": 6}",3,84b535e3884347e1bc7de846b9f5cf6bb9a4e15a7926ab9fb572aec4d24e6395,P05_N010_M030_R24_seed105103024.npz
P05_N010_M030_R25_seed105103025,5,10,30,25,105103025,paper_range_complete_draw_rejection,3,2,"{""constant_preference_probe"": 2, ""no_nonzero_unit_feasible_point"": 2}",4,bca29cd33282eb0497ed591cd37a1c6408481efcd0640c6ce693fe19fea5b67d,P05_N010_M030_R25_seed105103025.npz
P05_N010_M030_R26_seed105103026,5,10,30,26,105103026,paper_range_complete_draw_rejection,10,9,"{""constant_preference_probe"": 9, ""no_nonzero_unit_feasible_point"": 9}",2,7ce1c84ea2af501196b2a508198d602872cfb2513cfa4c46dce652f0480cb4b3,P05_N010_M030_R26_seed105103026.npz
P05_N010_M030_R27_seed105103027,5,10,30,27,105103027,paper_range_complete_draw_rejection,2,1,"{""constant_preference_probe"": 1, ""no_nonzero_unit_feasible_point"": 1}",3,7c5546ca3ae576549f09875ac4dd1a7a31b61de2459bb31e4b3d406dcf3835c5,P05_N010_M030_R27_seed105103027.npz
P05_N010_M030_R28_seed105103028,5,10,30,28,105103028,paper_range_complete_draw_rejection,3,2,"{""constant_preference_probe"": 2, ""no_nonzero_unit_feasible_point"": 2}",3,822dcd3dbc4415026b937d5b0bc092ab8ad3c8ae10f369d94776b1b222d37a86,P05_N010_M030_R28_seed105103028.npz
P05_N010_M030_R29_seed105103029,5,10,30,29,105103029,paper_range_complete_draw_rejection,3,2,"{""constant_preference_probe"": 2, ""no_nonzero_unit_feasible_point"": 2}",1,fda5c2f13dfdb8619c48ec6dc53723f910bb27f1627fd61239d8b1fae5b41594,P05_N010_M030_R29_seed105103029.npz
P05_N010_M030_R30_seed105103030,5,10,30,30,105103030,paper_range_complete_draw_rejection,5,4,"{""constant_preference_probe"": 4, ""no_nonzero_unit_feasible_point"": 4}",1,ca8e6d0ebeaf1aac6cf49b30d14d44dc7c7c25a63164f31f06ec503fe1e8bc89,P05_N010_M030_R30_seed105103030.npz
P05_N010_M050_R01_seed105105001,5,10,50,1,105105001,paper_range_complete_draw_rejection,21,20,"{""constant_preference_probe"": 20, ""no_nonzero_unit_feasible_point"": 20}",1,c08d1f30cde196d4e07e9a2cd39116afe0f506d611f3cf63708a15879764dd4b,P05_N010_M050_R01_seed105105001.npz
P05_N010_M050_R02_seed105105002,5,10,50,2,105105002,paper_range_complete_draw_rejection,40,39,"{""constant_preference_probe"": 39, ""no_nonzero_unit_feasible_point"": 39}",2,4cd76949bf97c5bd46dc04cc729b18efccea6d9a3cde0425d8b0b9ea5ebea575,P05_N010_M050_R02_seed105105002.npz
P05_N010_M050_R03_seed105105003,5,10,50,3,105105003,paper_range_complete_draw_rejection,13,12,"{""constant_preference_probe"": 12, ""no_nonzero_unit_feasible_point"": 12}",2,123a25fbefa3f88c3129f7eb8e449fcf8cabf75b9f09b53cb6ed6cd1efa2f0d0,P05_N010_M050_R03_seed105105003.npz
P05_N010_M050_R04_seed105105004,5,10,50,4,105105004,paper_range_complete_draw_rejection,47,46,"{""constant_preference_probe"": 46, ""no_nonzero_unit_feasible_point"": 46}",1,def1b633fe7130ecd538fa76012f10e8e3e90cd094c54d6c57ab7e9d35cb09f0,P05_N010_M050_R04_seed105105004.npz
P05_N010_M050_R05_seed105105005,5,10,50,5,105105005,paper_range_complete_draw_rejection,3,2,"{""constant_preference_probe"": 2, ""no_nonzero_unit_feasible_point"": 2}",3,6c0fb0ee47aa38f042760977a04e72cdbcbce4e546afe64663899cfc85dfec39,P05_N010_M050_R05_seed105105005.npz
P05_N010_M050_R06_seed105105006,5,10,50,6,105105006,paper_range_complete_draw_rejection,43,42,"{""constant_preference_probe"": 42, ""no_nonzero_unit_feasible_point"": 42}",4,bce875c88e50befb6d00d2101ad89cf9c0b409a959c58b2278abc184a50073a4,P05_N010_M050_R06_seed105105006.npz
P05_N010_M050_R07_seed105105007,5,10,50,7,105105007,paper_range_complete_draw_rejection,38,37,"{""constant_preference_probe"": 37, ""no_nonzero_unit_feasible_point"": 37}",1,14a164283bfea787bf44af1d5e9d533c215d84c0156af1e56a60a6c06ad2b590,P05_N010_M050_R07_seed105105007.npz
P05_N010_M050_R08_seed105105008,5,10,50,8,105105008,paper_range_complete_draw_rejection,38,37,"{""constant_preference_probe"": 37, ""no_nonzero_unit_feasible_point"": 37}",1,4c9a9fcdc8e45674679a3ceb8c42d65467e7128c174e84ecdeef43cada5defd1,P05_N010_M050_R08_seed105105008.npz
P05_N010_M050_R09_seed105105009,5,10,50,9,105105009,paper_range_complete_draw_rejection,7,6,"{""constant_preference_probe"": 6, ""no_nonzero_unit_feasible_point"": 6}",1,dda4b2a9a779e719f729557e9ddc435d23116db3cd79c7cd6aa2fcb4ca5985bd,P05_N010_M050_R09_seed105105009.npz
P05_N010_M050_R10_seed105105010,5,10,50,10,105105010,paper_range_complete_draw_rejection,3,2,"{""constant_preference_probe"": 2, ""no_nonzero_unit_feasible_point"": 2}",1,7d7a958e6d098495e36de4c6732aa0314d9567cf7901a7716a09c56e1527ceb6,P05_N010_M050_R10_seed105105010.npz
P05_N010_M050_R11_seed105105011,5,10,50,11,105105011,paper_range_complete_draw_rejection,11,10,"{""constant_preference_probe"": 10, ""no_nonzero_unit_feasible_point"": 10}",1,2028aaf75dbbe8c730a13a705bc5e55a847fd62aeddd6e5ca18cc3017efcd44b,P05_N010_M050_R11_seed105105011.npz
P05_N010_M050_R12_seed105105012,5,10,50,12,105105012,paper_range_complete_draw_rejection,21,20,"{""constant_preference_probe"": 20, ""no_nonzero_unit_feasible_point"": 20}",1,7a427433fef40a058ca02899f7b3369cba190e8b5314fe1b634db1745c472db1,P05_N010_M050_R12_seed105105012.npz
P05_N010_M050_R13_seed105105013,5,10,50,13,105105013,paper_range_complete_draw_rejection,2,1,"{""constant_preference_probe"": 1, ""no_nonzero_unit_feasible_point"": 1}",1,53c2d00f651e0f2eb03d5b64a44515efb7314031f7810698c283994aac82aee2,P05_N010_M050_R13_seed105105013.npz
P05_N010_M050_R14_seed105105014,5,10,50,14,105105014,paper_range_complete_draw_rejection,7,6,"{""constant_preference_probe"": 6, ""no_nonzero_unit_feasible_point"": 6}",1,8fc8c518c802179b0d5f883f899bee9f5ff87254d49fcbee25dde7bf8ce66e5a,P05_N010_M050_R14_seed105105014.npz
P05_N010_M050_R15_seed105105015,5,10,50,15,105105015,paper_range_complete_draw_rejection,9,8,"{""constant_preference_probe"": 8, ""no_nonzero_unit_feasible_point"": 8}",1,0d7469b7aa4fb14e56604105591b2188412686500335e508c19082d47029582e,P05_N010_M050_R15_seed105105015.npz
P05_N010_M050_R16_seed105105016,5,10,50,16,105105016,paper_range_complete_draw_rejection,5,4,"{""constant_preference_probe"": 4, ""no_nonzero_unit_feasible_point"": 4}",1,d8028a6a1edf13fb497b9d20de08710707c3f23d516f9ab63685acde06940a41,P05_N010_M050_R16_seed105105016.npz
P05_N010_M050_R17_seed105105017,5,10,50,17,105105017,paper_range_complete_draw_rejection,16,15,"{""constant_preference_probe"": 15, ""no_nonzero_unit_feasible_point"": 15}",1,889b9492dcee257bd5d17c2661c8dc5c11909e71d8d9e88eb24627195ca630cd,P05_N010_M050_R17_seed105105017.npz
P05_N010_M050_R18_seed105105018,5,10,50,18,105105018,paper_range_complete_draw_rejection,69,68,"{""constant_preference_probe"": 68, ""no_nonzero_unit_feasible_point"": 68}",1,b0f248218c0be6adc133c87317c4d4370c45bef94fae3fac55a4c7d23767ad6e,P05_N010_M050_R18_seed105105018.npz
P05_N010_M050_R19_seed105105019,5,10,50,19,105105019,paper_range_complete_draw_rejection,1,0,{},2,4134cf95212aa86f132ea148392c5f839b36414340ca672f31fe2eedaa4c6e14,P05_N010_M050_R19_seed105105019.npz
P05_N010_M050_R20_seed105105020,5,10,50,20,105105020,paper_range_complete_draw_rejection,12,11,"{""constant_preference_probe"": 11, ""no_nonzero_unit_feasible_point"": 11}",2,acf31358dcf96980c1d3a8b8ded93d4854db69589a16e13ec07a18fa82758a69,P05_N010_M050_R20_seed105105020.npz
P05_N010_M050_R21_seed105105021,5,10,50,21,105105021,paper_range_complete_draw_rejection,96,95,"{""constant_preference_probe"": 95, ""no_nonzero_unit_feasible_point"": 95}",1,fb86fe318f12020d6ae6307efc192b92b647579c8c7ee0484788e13cd4a08bfe,P05_N010_M050_R21_seed105105021.npz
P05_N010_M050_R22_seed105105022,5,10,50,22,105105022,paper_range_complete_draw_rejection,3,2,"{""constant_preference_probe"": 2, ""no_nonzero_unit_feasible_point"": 2}",1,c2cc03938bf7b83d12db6a702886a3cb8b5002f6b24e113661bf9979caf6d453,P05_N010_M050_R22_seed105105022.npz
P05_N010_M050_R23_seed105105023,5,10,50,23,105105023,paper_range_complete_draw_rejection,9,8,"{""constant_preference_probe"": 8, ""no_nonzero_unit_feasible_point"": 8}",4,f4d85845280deed84c6391aea3e2eed81e3b4d8a462d2e93cebe05e1fdd26ce8,P05_N010_M050_R23_seed105105023.npz
P05_N010_M050_R24_seed105105024,5,10,50,24,105105024,paper_range_complete_draw_rejection,9,8,"{""constant_preference_probe"": 8, ""no_nonzero_unit_feasible_point"": 8}",1,daef462c5f194918aefdedf11fd90175b5344210a840b2be367370ecbd2b5df5,P05_N010_M050_R24_seed105105024.npz
P05_N010_M050_R25_seed105105025,5,10,50,25,105105025,paper_range_complete_draw_rejection,5,4,"{""constant_preference_probe"": 4, ""no_nonzero_unit_feasible_point"": 4}",2,037b4aaf772446363a07a80be9cbc711d1effae76789d175988f1e4cd62d1f17,P05_N010_M050_R25_seed105105025.npz
P05_N010_M050_R26_seed105105026,5,10,50,26,105105026,paper_range_complete_draw_rejection,33,32,"{""constant_preference_probe"": 32, ""no_nonzero_unit_feasible_point"": 32}",1,09cdb224abe6901acecdb45890123e98472debe40365bbaf482cbb1c75eff6db,P05_N010_M050_R26_seed105105026.npz
P05_N010_M050_R27_seed105105027,5,10,50,27,105105027,paper_range_complete_draw_rejection,29,28,"{""constant_preference_probe"": 28, ""no_nonzero_unit_feasible_point"": 28}",1,afe62d4cb8b695fe01f45ec9b0e81959777a2ae55fc4703ef8cce953c3eff6ac,P05_N010_M050_R27_seed105105027.npz
P05_N010_M050_R28_seed105105028,5,10,50,28,105105028,paper_range_complete_draw_rejection,58,57,"{""constant_preference_probe"": 57, ""no_nonzero_unit_feasible_point"": 57}",1,da1098f582b39ddb0d9bd4920f04bb9f867a1aa03f5ee64abdb547680d2ae543,P05_N010_M050_R28_seed105105028.npz
P05_N010_M050_R29_seed105105029,5,10,50,29,105105029,paper_range_complete_draw_rejection,49,48,"{""constant_preference_probe"": 48, ""no_nonzero_unit_feasible_point"": 48}",1,f7cf32e4bd5cfe8f751f21d992cf82747347dad8d9a8bbe3b36820269cf5b4e0,P05_N010_M050_R29_seed105105029.npz
P05_N010_M050_R30_seed105105030,5,10,50,30,105105030,paper_range_complete_draw_rejection,6,5,"{""constant_preference_probe"": 5, ""no_nonzero_unit_feasible_point"": 5}",1,502b5b68b79fa7895f5d1105184b7bf72fdae0c792192e5093a336dab888c133,P05_N010_M050_R30_seed105105030.npz
P05_N020_M010_R01_seed105201001,5,20,10,1,105201001,paper_range_complete_draw_rejection,1,0,{},3,327a3db17f05361f83dac89a8db775cc0c450df7e3c5d458db34f5a4963a3b21,P05_N020_M010_R01_seed105201001.npz
P05_N020_M010_R02_seed105201002,5,20,10,2,105201002,paper_range_complete_draw_rejection,2,1,"{""constant_preference_probe"": 1, ""no_nonzero_unit_feasible_point"": 1}",20,22fcb259bd429efa87d4633886ebc808abd4ac7b46920c5efc9c8f15e1c76e8a,P05_N020_M010_R02_seed105201002.npz
P05_N020_M010_R03_seed105201003,5,20,10,3,105201003,paper_range_complete_draw_rejection,1,0,{},6,359a1171f6f0c65c712bab16a8105504046fec1def31619ea33b623b9e2824f1,P05_N020_M010_R03_seed105201003.npz
P05_N020_M010_R04_seed105201004,5,20,10,4,105201004,paper_range_complete_draw_rejection,1,0,{},7,cbe34e4e23ba93249bd37df2db72ac23028facc3b9f07b2afff1adbb736b4d2a,P05_N020_M010_R04_seed105201004.npz
P05_N020_M010_R05_seed105201005,5,20,10,5,105201005,paper_range_complete_draw_rejection,1,0,{},8,49a2725b06d4a22e9090157ffa206a80c95f7b0a4b703ecab825343891c67e4a,P05_N020_M010_R05_seed105201005.npz
P05_N020_M010_R06_seed105201006,5,20,10,6,105201006,paper_range_complete_draw_rejection,1,0,{},1,f378d11118ed0d6ffbbbdba0aacb7b5252e4256d73b655d91fb5cd7b3f211620,P05_N020_M010_R06_seed105201006.npz
P05_N020_M010_R07_seed105201007,5,20,10,7,105201007,paper_range_complete_draw_rejection,1,0,{},3,43c8a1567348dcba28e745f129e0e3c675eb62442114b45c5a4d86acadae622f,P05_N020_M010_R07_seed105201007.npz
P05_N020_M010_R08_seed105201008,5,20,10,8,105201008,paper_range_complete_draw_rejection,2,1,"{""constant_preference_probe"": 1, ""no_nonzero_unit_feasible_point"": 1}",8,5c493b6550e5946a2208d650efaad6e0bfb2d70ff1767e2a9dd67e907fa25c86,P05_N020_M010_R08_seed105201008.npz
P05_N020_M010_R09_seed105201009,5,20,10,9,105201009,paper_range_complete_draw_rejection,1,0,{},2,59a1045cec05141fbe44a2dfa6c0cbb890f82c4a37236a4e6322f9b640d531e9,P05_N020_M010_R09_seed105201009.npz
P05_N020_M010_R10_seed105201010,5,20,10,10,105201010,paper_range_complete_draw_rejection,1,0,{},8,e6d4b1e99d024b965724d8ed7a1d2f0786879e3bca7c6650047b5d5831edc5a8,P05_N020_M010_R10_seed105201010.npz
P05_N020_M010_R11_seed105201011,5,20,10,11,105201011,paper_range_complete_draw_rejection,1,0,{},20,6b5c71dfc2da93d651cad5ceb912afedf39a4c57dde02a5026ec6cf0afa85c3d,P05_N020_M010_R11_seed105201011.npz
P05_N020_M010_R12_seed105201012,5,20,10,12,105201012,paper_range_complete_draw_rejection,3,2,"{""constant_preference_probe"": 2, ""no_nonzero_unit_feasible_point"": 2}",1,f8cc15084ac1b439566b8bc910b53d8aed9e0add748325b6c841eaf0c212d895,P05_N020_M010_R12_seed105201012.npz
P05_N020_M010_R13_seed105201013,5,20,10,13,105201013,paper_range_complete_draw_rejection,1,0,{},1,1ddec97929abd8dfc2be5d7221fb8d76bb90c97c4172a4c531a495a4d2b061fb,P05_N020_M010_R13_seed105201013.npz
P05_N020_M010_R14_seed105201014,5,20,10,14,105201014,paper_range_complete_draw_rejection,1,0,{},20,ac75900a793043cc52bbe5aed7bced41d48291ac3ff16d0dfcd4d7337c46bb01,P05_N020_M010_R14_seed105201014.npz
P05_N020_M010_R15_seed105201015,5,20,10,15,105201015,paper_range_complete_draw_rejection,2,1,"{""constant_preference_probe"": 1, ""no_nonzero_unit_feasible_point"": 1}",4,6fe0d8612f8934bf84cbd736baaa58ccfbb89fb2675a2c88381cc45b22741b76,P05_N020_M010_R15_seed105201015.npz
P05_N020_M010_R16_seed105201016,5,20,10,16,105201016,paper_range_complete_draw_rejection,1,0,{},3,0a3e0b7161d880c0e31a04e67f5cdb2318ee644f63322d953e499ab6e5bd6d3b,P05_N020_M010_R16_seed105201016.npz
P05_N020_M010_R17_seed105201017,5,20,10,17,105201017,paper_range_complete_draw_rejection,1,0,{},3,552a24a07eca469f0d7b24504ad61557d286800c5878428e4540691d792e6853,P05_N020_M010_R17_seed105201017.npz
P05_N020_M010_R18_seed105201018,5,20,10,18,105201018,paper_range_complete_draw_rejection,1,0,{},9,7013d1a1605b41b655ea124fae0eb29cdc18395af8bf3a0b5445f9e1ac05aaf9,P05_N020_M010_R18_seed105201018.npz
P05_N020_M010_R19_seed105201019,5,20,10,19,105201019,paper_range_complete_draw_rejection,1,0,{},4,cef5bdd3dfceefd2f3e2bf1a4abd575a4b55464d803755410e751fb850a947e6,P05_N020_M010_R19_seed105201019.npz
P05_N020_M010_R20_seed105201020,5,20,10,20,105201020,paper_range_complete_draw_rejection,1,0,{},3,376079687f40c205ddd582e5336fb6aab80dc941b0d3f176c65ab2650b5e4358,P05_N020_M010_R20_seed105201020.npz
P05_N020_M010_R21_seed105201021,5,20,10,21,105201021,paper_range_complete_draw_rejection,1,0,{},20,29ffad7e7251f0e4bef777f45644505cbe42c7bae449e70595b29e081ebba5cc,P05_N020_M010_R21_seed105201021.npz
P05_N020_M010_R22_seed105201022,5,20,10,22,105201022,paper_range_complete_draw_rejection,1,0,{},20,aa2c796fab617613145c13fc5905bc92c19c6df3b2ab3091f011f3c67b4f391b,P05_N020_M010_R22_seed105201022.npz
P05_N020_M010_R23_seed105201023,5,20,10,23,105201023,paper_range_complete_draw_rejection,1,0,{},7,c94aa1b287c84aa6aebe7a51af89255dd36953eb9cd0dff0538fe3aff054a79d,P05_N020_M010_R23_seed105201023.npz
P05_N020_M010_R24_seed105201024,5,20,10,24,105201024,paper_range_complete_draw_rejection,2,1,"{""constant_preference_probe"": 1, ""no_nonzero_unit_feasible_point"": 1}",14,c6bc6f63b967bcadc9427fa1175c5060c72ce405f690ea00010721681d38fcbf,P05_N020_M010_R24_seed105201024.npz
P05_N020_M010_R25_seed105201025,5,20,10,25,105201025,paper_range_complete_draw_rejection,1,0,{},1,4a4f02e5649e0fa92b0673650525a1cde6e8a47e86d3efd7649fa42d0621d2d0,P05_N020_M010_R25_seed105201025.npz
P05_N020_M010_R26_seed105201026,5,20,10,26,105201026,paper_range_complete_draw_rejection,2,1,"{""constant_preference_probe"": 1, ""no_nonzero_unit_feasible_point"": 1}",18,337acad9cb5f906635541715ba5287a134727e38372cfb6b90024828a2156b67,P05_N020_M010_R26_seed105201026.npz
P05_N020_M010_R27_seed105201027,5,20,10,27,105201027,paper_range_complete_draw_rejection,1,0,{},4,73c17ec84b02c927053de3d0f084cb38293b797305d82db3782b7770942ec49e,P05_N020_M010_R27_seed105201027.npz
P05_N020_M010_R28_seed105201028,5,20,10,28,105201028,paper_range_complete_draw_rejection,1,0,{},20,fdd3d671b85182ed600a48ec20adc938a162da34568770d70c3a2fa93c5c38a2,P05_N020_M010_R28_seed105201028.npz
P05_N020_M010_R29_seed105201029,5,20,10,29,105201029,paper_range_complete_draw_rejection,1,0,{},20,d3887d9002958ca13810f6b57ba691c1819a118864631cf1e8eabcdd1aae91f7,P05_N020_M010_R29_seed105201029.npz
P05_N020_M010_R30_seed105201030,5,20,10,30,105201030,paper_range_complete_draw_rejection,2,1,"{""constant_preference_probe"": 1, ""no_nonzero_unit_feasible_point"": 1}",19,a71c6b738a8f8595d76126bb682cdfd3b0d9e361a8ac33ff8007655e3cd3308a,P05_N020_M010_R30_seed105201030.npz
P05_N020_M020_R01_seed105202001,5,20,20,1,105202001,paper_range_complete_draw_rejection,1,0,{},6,844f24077c222786a0cab7b8a8129c548e8276f6249035bb7bad194696202eb4,P05_N020_M020_R01_seed105202001.npz
P05_N020_M020_R02_seed105202002,5,20,20,2,105202002,paper_range_complete_draw_rejection,1,0,{},20,7bebebb6a74fc9c175acf5c7e4c8aaf9abb2030babd2078932d7b930e8c94b93,P05_N020_M020_R02_seed105202002.npz
P05_N020_M020_R03_seed105202003,5,20,20,3,105202003,paper_range_complete_draw_rejection,1,0,{},4,1e0edbfa142be425abbd8ba1ff8d657700cce0716b0ce819010f9e90087fec3a,P05_N020_M020_R03_seed105202003.npz
P05_N020_M020_R04_seed105202004,5,20,20,4,105202004,paper_range_complete_draw_rejection,1,0,{},20,3359ae788c12e64ac431b2f1a990d755914892792fabadd4e478bda657790da7,P05_N020_M020_R04_seed105202004.npz
P05_N020_M020_R05_seed105202005,5,20,20,5,105202005,paper_range_complete_draw_rejection,1,0,{},7,ecb4f1eddedc36ec89dd1aa512265a5b5efdfda3925c7f15707706e956930fba,P05_N020_M020_R05_seed105202005.npz
P05_N020_M020_R06_seed105202006,5,20,20,6,105202006,paper_range_complete_draw_rejection,1,0,{},13,b53122091739c74639d3f9b91b2a3baee8314964d18b010d8a8899aa8a909ea4,P05_N020_M020_R06_seed105202006.npz
P05_N020_M020_R07_seed105202007,5,20,20,7,105202007,paper_range_complete_draw_rejection,1,0,{},9,ebfb8174b8427f5d83170edd4aacbe44b1f364270e9a510e9c34d55ad56464db,P05_N020_M020_R07_seed105202007.npz
P05_N020_M020_R08_seed105202008,5,20,20,8,105202008,paper_range_complete_draw_rejection,5,4,"{""constant_preference_probe"": 4, ""no_nonzero_unit_feasible_point"": 4}",1,7d39c30acabff40af74644a19d793a8561e8b1bcfce5d2dfc0a66af0d9875e55,P05_N020_M020_R08_seed105202008.npz
P05_N020_M020_R09_seed105202009,5,20,20,9,105202009,paper_range_complete_draw_rejection,4,3,"{""constant_preference_probe"": 3, ""no_nonzero_unit_feasible_point"": 3}",2,287c69eb8d4c30449654c3f222879fc5ec18b5635fc59ea9f7c66bffe5a89660,P05_N020_M020_R09_seed105202009.npz
P05_N020_M020_R10_seed105202010,5,20,20,10,105202010,paper_range_complete_draw_rejection,3,2,"{""constant_preference_probe"": 2, ""no_nonzero_unit_feasible_point"": 2}",3,339ae1ba6d9cf4f8f2a9dc7ce7bf805b1c75cd3595db49e654bf38ffb1659bf3,P05_N020_M020_R10_seed105202010.npz
P05_N020_M020_R11_seed105202011,5,20,20,11,105202011,paper_range_complete_draw_rejection,3,2,"{""constant_preference_probe"": 2, ""no_nonzero_unit_feasible_point"": 2}",3,b9357a2e239fbf5507b3aa74d30e6a176917da8112742ad4ee0affcb0bf7276d,P05_N020_M020_R11_seed105202011.npz
P05_N020_M020_R12_seed105202012,5,20,20,12,105202012,paper_range_complete_draw_rejection,1,0,{},1,30727c2ad0a8f851f94c5fbb0a0ba76caf82e9115890984539e6bfb9b8c799c4,P05_N020_M020_R12_seed105202012.npz
P05_N020_M020_R13_seed105202013,5,20,20,13,105202013,paper_range_complete_draw_rejection,1,0,{},1,1c8e7dc888389fc4166fe30a7b28fb644541957704c1edb45bd268234cb26bec,P05_N020_M020_R13_seed105202013.npz
P05_N020_M020_R14_seed105202014,5,20,20,14,105202014,paper_range_complete_draw_rejection,1,0,{},3,b11fb41030a880f3e380a2a766eee9980c95b48da42cfcca245edbf67cf1eb27,P05_N020_M020_R14_seed105202014.npz
P05_N020_M020_R15_seed105202015,5,20,20,15,105202015,paper_range_complete_draw_rejection,1,0,{},1,58dfc2b99e4231766aa7b600b05599a0e71bf1bfb81cd8bb65a7c1642aaafe8d,P05_N020_M020_R15_seed105202015.npz
P05_N020_M020_R16_seed105202016,5,20,20,16,105202016,paper_range_complete_draw_rejection,2,1,"{""constant_preference_probe"": 1, ""no_nonzero_unit_feasible_point"": 1}",2,4ca8de1e6985b6dc3ac1f153e1d41145c0e3369c70098e6342f6ac8908948fa7,P05_N020_M020_R16_seed105202016.npz
P05_N020_M020_R17_seed105202017,5,20,20,17,105202017,paper_range_complete_draw_rejection,1,0,{},20,db2f5734c090c3378367191cae8c27f68611a0ba5e26d254af8e9ce69287a508,P05_N020_M020_R17_seed105202017.npz
P05_N020_M020_R18_seed105202018,5,20,20,18,105202018,paper_range_complete_draw_rejection,1,0,{},1,84fc9f3b4d665aaf644c20333fb3391ac7cf101017aa7334ab8621dad1b6b463,P05_N020_M020_R18_seed105202018.npz
P05_N020_M020_R19_seed105202019,5,20,20,19,105202019,paper_range_complete_draw_rejection,1,0,{},3,8cdc8f8e14103aac825e747fb84ffeba778a1416c038486f2f8fce7c2563a420,P05_N020_M020_R19_seed105202019.npz
P05_N020_M020_R20_seed105202020,5,20,20,20,105202020,paper_range_complete_draw_rejection,3,2,"{""constant_preference_probe"": 2, ""no_nonzero_unit_feasible_point"": 2}",1,347d8ea064ed7373df48b9e08a924e61b65a731ded745cd1627390beebb79ad0,P05_N020_M020_R20_seed105202020.npz
P05_N020_M020_R21_seed105202021,5,20,20,21,105202021,paper_range_complete_draw_rejection,1,0,{},8,2c183f6187056365c52ac54187cf5d7805a8a6b68a4caa4c4fbb21c36d90c149,P05_N020_M020_R21_seed105202021.npz
P05_N020_M020_R22_seed105202022,5,20,20,22,105202022,paper_range_complete_draw_rejection,1,0,{},16,0b76b8554c1c6ce3a7294462508eb009f17d7aabb16a643eaa2d0a6b09a50309,P05_N020_M020_R22_seed105202022.npz
P05_N020_M020_R23_seed105202023,5,20,20,23,105202023,paper_range_complete_draw_rejection,1,0,{},1,956e34e7c4c93c8b2ef5cf4d74c8c6edf8b8be9fce57832d53a76ee5c6d5c6bd,P05_N020_M020_R23_seed105202023.npz
P05_N020_M020_R24_seed105202024,5,20,20,24,105202024,paper_range_complete_draw_rejection,1,0,{},3,1da99b6cb56b01ec151c6680e8cd255d4047cfcad4cbcfc92ac94b1fe190dea7,P05_N020_M020_R24_seed105202024.npz
P05_N020_M020_R25_seed105202025,5,20,20,25,105202025,paper_range_complete_draw_rejection,1,0,{},11,9abf9ab0c52efd7b27edffcf8bd68b2ccd5d1dc8b74517c47d07b66d82db062c,P05_N020_M020_R25_seed105202025.npz
P05_N020_M020_R26_seed105202026,5,20,20,26,105202026,paper_range_complete_draw_rejection,2,1,"{""constant_preference_probe"": 1, ""no_nonzero_unit_feasible_point"": 1}",2,ff8f36ded726b4dbd2c3b34b80cb4a3017e368fbf763c0f54cb2643c3e05ae05,P05_N020_M020_R26_seed105202026.npz
P05_N020_M020_R27_seed105202027,5,20,20,27,105202027,paper_range_complete_draw_rejection,1,0,{},20,89db811a01f0f69f9a3484bc276eafa2511f5f179a3c4eff646183e29ce6fbd6,P05_N020_M020_R27_seed105202027.npz
P05_N020_M020_R28_seed105202028,5,20,20,28,105202028,paper_range_complete_draw_rejection,2,1,"{""constant_preference_probe"": 1, ""no_nonzero_unit_feasible_point"": 1}",8,9fc9944caa9582e6d9cc0f57ca8c37501f29a65e4e8273a416eb8b029b0196bf,P05_N020_M020_R28_seed105202028.npz
P05_N020_M020_R29_seed105202029,5,20,20,29,105202029,paper_range_complete_draw_rejection,1,0,{},2,b264bc1c3f7d4977b0e6f113e7166d4df9fb20d29c4f23f52ebe8a6ffae3c33f,P05_N020_M020_R29_seed105202029.npz
P05_N020_M020_R30_seed105202030,5,20,20,30,105202030,paper_range_complete_draw_rejection,3,2,"{""constant_preference_probe"": 2, ""no_nonzero_unit_feasible_point"": 2}",6,4d3a831af14d0e9f0e53fbb0ced5e25d2ebfbebe1be269c376895f0380c61b8d,P05_N020_M020_R30_seed105202030.npz
P05_N020_M030_R01_seed105203001,5,20,30,1,105203001,paper_range_complete_draw_rejection,1,0,{},9,90b332c6125e8997d605625586807152de0dc6ba2efb511c34655490df6fe494,P05_N020_M030_R01_seed105203001.npz
P05_N020_M030_R02_seed105203002,5,20,30,2,105203002,paper_range_complete_draw_rejection,8,7,"{""constant_preference_probe"": 7, ""no_nonzero_unit_feasible_point"": 7}",2,dc6ab3a24f16c0145ef0276e99d6c5e7eeaf2e6a897997e47e73545d470e20af,P05_N020_M030_R02_seed105203002.npz
P05_N020_M030_R03_seed105203003,5,20,30,3,105203003,paper_range_complete_draw_rejection,3,2,"{""constant_preference_probe"": 2, ""no_nonzero_unit_feasible_point"": 2}",2,8a808e731ff6aa2fd084cff71aa01fcfc38cc6cce8a86f874a7cc37b8a7cd33d,P05_N020_M030_R03_seed105203003.npz
P05_N020_M030_R04_seed105203004,5,20,30,4,105203004,paper_range_complete_draw_rejection,1,0,{},3,c5000d16615c76669ee367f74a8a577fdaa1ef9dfa8cefe555c6c736b583c6bf,P05_N020_M030_R04_seed105203004.npz
P05_N020_M030_R05_seed105203005,5,20,30,5,105203005,paper_range_complete_draw_rejection,4,3,"{""constant_preference_probe"": 3, ""no_nonzero_unit_feasible_point"": 3}",1,8d39b2167459a19fa16ad8c9095193d5608bf41f036fd2c2b08871b813d7f91e,P05_N020_M030_R05_seed105203005.npz
P05_N020_M030_R06_seed105203006,5,20,30,6,105203006,paper_range_complete_draw_rejection,1,0,{},1,e1258be3147ca62d06bc292f40795d5c6467de51d0b248c080495ad425032e6d,P05_N020_M030_R06_seed105203006.npz
P05_N020_M030_R07_seed105203007,5,20,30,7,105203007,paper_range_complete_draw_rejection,2,1,"{""constant_preference_probe"": 1, ""no_nonzero_unit_feasible_point"": 1}",6,8bae37c7f5618d9b366da765d32e22623be56b340a77da6f7c4d7f0220ae0f6e,P05_N020_M030_R07_seed105203007.npz
P05_N020_M030_R08_seed105203008,5,20,30,8,105203008,paper_range_complete_draw_rejection,5,4,"{""constant_preference_probe"": 4, ""no_nonzero_unit_feasible_point"": 4}",10,ec46a2c412f9fcb1f13511221836f56abdef3ca19d8ea2071cdf1dfd32ef5279,P05_N020_M030_R08_seed105203008.npz
P05_N020_M030_R09_seed105203009,5,20,30,9,105203009,paper_range_complete_draw_rejection,1,0,{},2,d3f5aee4cdb06dacb1ae259a274d4297a6115c0e34ab09c6b8fc399cb49e4a1f,P05_N020_M030_R09_seed105203009.npz
P05_N020_M030_R10_seed105203010,5,20,30,10,105203010,paper_range_complete_draw_rejection,5,4,"{""constant_preference_probe"": 4, ""no_nonzero_unit_feasible_point"": 4}",4,6341a64ee568edeb1a92e1bfaf2a979017b52a21830210b0d4547d601314bbd7,P05_N020_M030_R10_seed105203010.npz
P05_N020_M030_R11_seed105203011,5,20,30,11,105203011,paper_range_complete_draw_rejection,2,1,"{""constant_preference_probe"": 1, ""no_nonzero_unit_feasible_point"": 1}",3,ecd940a6c4ddb212ec26fa3b580d993716cd3c67844325d82b3dbc94e85508e1,P05_N020_M030_R11_seed105203011.npz
P05_N020_M030_R12_seed105203012,5,20,30,12,105203012,paper_range_complete_draw_rejection,4,3,"{""constant_preference_probe"": 3, ""no_nonzero_unit_feasible_point"": 3}",8,705bfda7bff971ae021ebe9bd76bcd08c46484796abc2f72a34b9da6b6b8266a,P05_N020_M030_R12_seed105203012.npz
P05_N020_M030_R13_seed105203013,5,20,30,13,105203013,paper_range_complete_draw_rejection,2,1,"{""constant_preference_probe"": 1, ""no_nonzero_unit_feasible_point"": 1}",1,588b21436347ab7de302d06da6b62e9d96c18c1ca74e518b94503ba76ae8c625,P05_N020_M030_R13_seed105203013.npz
P05_N020_M030_R14_seed105203014,5,20,30,14,105203014,paper_range_complete_draw_rejection,5,4,"{""constant_preference_probe"": 4, ""no_nonzero_unit_feasible_point"": 4}",4,b1e032ed383bfa1c6271295fe5b2d4e16a06f62b07a2cb5ee827a91bca839e34,P05_N020_M030_R14_seed105203014.npz
P05_N020_M030_R15_seed105203015,5,20,30,15,105203015,paper_range_complete_draw_rejection,9,8,"{""constant_preference_probe"": 8, ""no_nonzero_unit_feasible_point"": 8}",1,61e07e75ed12b5db8779f74be5f4986ed69f79a267d1ec173c5d82f4ae9952c1,P05_N020_M030_R15_seed105203015.npz
P05_N020_M030_R16_seed105203016,5,20,30,16,105203016,paper_range_complete_draw_rejection,1,0,{},2,532141bf3526341b60df3aec125b97a76be6ab2a3b151276e912a30eb0d60ac4,P05_N020_M030_R16_seed105203016.npz
P05_N020_M030_R17_seed105203017,5,20,30,17,105203017,paper_range_complete_draw_rejection,1,0,{},1,c785baffc9d312c9d0580bf5f3b42bde59c9ea1b8a67a2b9536c4a0d6f26c8d9,P05_N020_M030_R17_seed105203017.npz
P05_N020_M030_R18_seed105203018,5,20,30,18,105203018,paper_range_complete_draw_rejection,3,2,"{""constant_preference_probe"": 2, ""no_nonzero_unit_feasible_point"": 2}",1,41e4b6599cb3c4a6f77413c25a5808c802401a17a1249c33dbc5a43b0325cf47,P05_N020_M030_R18_seed105203018.npz
P05_N020_M030_R19_seed105203019,5,20,30,19,105203019,paper_range_complete_draw_rejection,1,0,{},9,ef3351729c12b4108d1f0f7ddf9c0aba3f9b30c7feef35167daf4e791e0f4a13,P05_N020_M030_R19_seed105203019.npz
P05_N020_M030_R20_seed105203020,5,20,30,20,105203020,paper_range_complete_draw_rejection,3,2,"{""constant_preference_probe"": 2, ""no_nonzero_unit_feasible_point"": 2}",6,df1ea2c91e3a23000ed50f401024df697715c15963fdaf49ac3218fd2050b847,P05_N020_M030_R20_seed105203020.npz
P05_N020_M030_R21_seed105203021,5,20,30,21,105203021,paper_range_complete_draw_rejection,6,5,"{""constant_preference_probe"": 5, ""no_nonzero_unit_feasible_point"": 5}",3,2e0aa19bc1ee3925404451c78eb26ce72676229e21133dc8fa00a603e0e224a6,P05_N020_M030_R21_seed105203021.npz
P05_N020_M030_R22_seed105203022,5,20,30,22,105203022,paper_range_complete_draw_rejection,19,18,"{""constant_preference_probe"": 18, ""no_nonzero_unit_feasible_point"": 18}",2,9cb24efaf6e8a3019bf53b6b487605e13d0fca2342a6316e343fb6a6d767c2c1,P05_N020_M030_R22_seed105203022.npz
P05_N020_M030_R23_seed105203023,5,20,30,23,105203023,paper_range_complete_draw_rejection,9,8,"{""constant_preference_probe"": 8, ""no_nonzero_unit_feasible_point"": 8}",11,3e8363e2f75448186494bd5438a89dab4efc6a1e96554663037957ffc7131e71,P05_N020_M030_R23_seed105203023.npz
P05_N020_M030_R24_seed105203024,5,20,30,24,105203024,paper_range_complete_draw_rejection,2,1,"{""constant_preference_probe"": 1, ""no_nonzero_unit_feasible_point"": 1}",1,91304cbff2b33a90325c00015e1b7103ca0d04eb8bb0f78e42679c94dec36a3f,P05_N020_M030_R24_seed105203024.npz
P05_N020_M030_R25_seed105203025,5,20,30,25,105203025,paper_range_complete_draw_rejection,3,2,"{""constant_preference_probe"": 2, ""no_nonzero_unit_feasible_point"": 2}",3,dbb29ababb4ccd238db7802f7cae3618dc094c5ce1c1feb62f13471097913c6f,P05_N020_M030_R25_seed105203025.npz
P05_N020_M030_R26_seed105203026,5,20,30,26,105203026,paper_range_complete_draw_rejection,33,32,"{""constant_preference_probe"": 32, ""no_nonzero_unit_feasible_point"": 32}",1,7308c5e8efbe1cad851b45a02444856a8b08a7130ea64bf9b7d6250de3db6d86,P05_N020_M030_R26_seed105203026.npz
P05_N020_M030_R27_seed105203027,5,20,30,27,105203027,paper_range_complete_draw_rejection,1,0,{},8,45b291909961b816470bf93bc9d794149ef2b07821723d7394c2c408685949fd,P05_N020_M030_R27_seed105203027.npz
P05_N020_M030_R28_seed105203028,5,20,30,28,105203028,paper_range_complete_draw_rejection,1,0,{},2,3c8dd8b791ffbcc62f6147bb793c9aaed23540f467e89d4473d8df8858ec9a62,P05_N020_M030_R28_seed105203028.npz
P05_N020_M030_R29_seed105203029,5,20,30,29,105203029,paper_range_complete_draw_rejection,4,3,"{""constant_preference_probe"": 3, ""no_nonzero_unit_feasible_point"": 3}",2,aac8dee06d8bfe64533248da4e84955aaa6a5a9e669088ec7e2090e9de99e6bc,P05_N020_M030_R29_seed105203029.npz
P05_N020_M030_R30_seed105203030,5,20,30,30,105203030,paper_range_complete_draw_rejection,1,0,{},1,06ad14e3faef777cb77ab7401eb8d93809958cf67b868838c79cbb9933c71f3b,P05_N020_M030_R30_seed105203030.npz
P05_N020_M050_R01_seed105205001,5,20,50,1,105205001,paper_range_complete_draw_rejection,54,53,"{""constant_preference_probe"": 53, ""no_nonzero_unit_feasible_point"": 53}",1,9dcd72417d7371fc554eed20bd8fd73332bda0f5299ec2cae81ea3ad9890b2c6,P05_N020_M050_R01_seed105205001.npz
P05_N020_M050_R02_seed105205002,5,20,50,2,105205002,paper_range_complete_draw_rejection,54,53,"{""constant_preference_probe"": 53, ""no_nonzero_unit_feasible_point"": 53}",2,46d628784b5b1a1dd8dfe24aeaec357492027e5b86c666bf01df46c097f0ade3,P05_N020_M050_R02_seed105205002.npz
P05_N020_M050_R03_seed105205003,5,20,50,3,105205003,paper_range_complete_draw_rejection,4,3,"{""constant_preference_probe"": 3, ""no_nonzero_unit_feasible_point"": 3}",1,c3ec75893f88f42dc44f4b9581ed340c3da751f6044547899ad6c5a650bdf18d,P05_N020_M050_R03_seed105205003.npz
P05_N020_M050_R04_seed105205004,5,20,50,4,105205004,paper_range_complete_draw_rejection,3,2,"{""constant_preference_probe"": 2, ""no_nonzero_unit_feasible_point"": 2}",1,8c4e90b4a967ff8d8eb480a9f266105aa941051019663ea83f5debed6bd27075,P05_N020_M050_R04_seed105205004.npz
P05_N020_M050_R05_seed105205005,5,20,50,5,105205005,paper_range_complete_draw_rejection,3,2,"{""constant_preference_probe"": 2, ""no_nonzero_unit_feasible_point"": 2}",1,52773e21a80aa91bcc8cdf53c713c55e8f91201ec7b2266ce4b63a3bd799a690,P05_N020_M050_R05_seed105205005.npz
P05_N020_M050_R06_seed105205006,5,20,50,6,105205006,paper_range_complete_draw_rejection,9,8,"{""constant_preference_probe"": 8, ""no_nonzero_unit_feasible_point"": 8}",1,5aa75aa313220f060db7101dbbbe6628b3ec0165c05caa1a83b2b62728bc67f5,P05_N020_M050_R06_seed105205006.npz
P05_N020_M050_R07_seed105205007,5,20,50,7,105205007,paper_range_complete_draw_rejection,31,30,"{""constant_preference_probe"": 30, ""no_nonzero_unit_feasible_point"": 30}",1,0ed08ae488235c1d5fc7800daf7982443fef9a581d1580db192278def47bb982,P05_N020_M050_R07_seed105205007.npz
P05_N020_M050_R08_seed105205008,5,20,50,8,105205008,paper_range_complete_draw_rejection,13,12,"{""constant_preference_probe"": 12, ""no_nonzero_unit_feasible_point"": 12}",4,b19ddaa1eb0ba154c50c8992fd22825836bd25d035d0ca88f433a22c3decaaaf,P05_N020_M050_R08_seed105205008.npz
P05_N020_M050_R09_seed105205009,5,20,50,9,105205009,paper_range_complete_draw_rejection,16,15,"{""constant_preference_probe"": 15, ""no_nonzero_unit_feasible_point"": 15}",1,941a4d7ce35ff65349d64fc4b8d6b2c174cc73b255f31393554f5e636d0b5d36,P05_N020_M050_R09_seed105205009.npz
P05_N020_M050_R10_seed105205010,5,20,50,10,105205010,paper_range_complete_draw_rejection,16,15,"{""constant_preference_probe"": 15, ""no_nonzero_unit_feasible_point"": 15}",1,752ab49ce445fa91d9782b2d70fe96888f0a66774c8955f24d01ce3a5a5837cc,P05_N020_M050_R10_seed105205010.npz
P05_N020_M050_R11_seed105205011,5,20,50,11,105205011,paper_range_complete_draw_rejection,45,44,"{""constant_preference_probe"": 44, ""no_nonzero_unit_feasible_point"": 44}",4,b1266df35015f4fb3cabc0a0698760ca852c81f5d839b411e4e4913f3fed7e41,P05_N020_M050_R11_seed105205011.npz
P05_N020_M050_R12_seed105205012,5,20,50,12,105205012,paper_range_complete_draw_rejection,4,3,"{""constant_preference_probe"": 3, ""no_nonzero_unit_feasible_point"": 3}",1,f26bf2dd1bc888e49511976ea2abab3c70c3efd0c305b49625cd902204b891ab,P05_N020_M050_R12_seed105205012.npz
P05_N020_M050_R13_seed105205013,5,20,50,13,105205013,paper_range_complete_draw_rejection,32,31,"{""constant_preference_probe"": 31, ""no_nonzero_unit_feasible_point"": 31}",1,c40e5a20cd8b18af7b369474186f5dbd31e74335d6239669a963fdfecef57404,P05_N020_M050_R13_seed105205013.npz
P05_N020_M050_R14_seed105205014,5,20,50,14,105205014,paper_range_complete_draw_rejection,39,38,"{""constant_preference_probe"": 38, ""no_nonzero_unit_feasible_point"": 38}",3,08ade46d09e31149e3a5ecf9395e1e73fc98249320cf6fd05971a27a9d6879da,P05_N020_M050_R14_seed105205014.npz
P05_N020_M050_R15_seed105205015,5,20,50,15,105205015,paper_range_complete_draw_rejection,7,6,"{""constant_preference_probe"": 6, ""no_nonzero_unit_feasible_point"": 6}",1,a0e58305d55748976e12d4d42dd2a6845278074dc1a483eab7902a9fbbb5200c,P05_N020_M050_R15_seed105205015.npz
P05_N020_M050_R16_seed105205016,5,20,50,16,105205016,paper_range_complete_draw_rejection,5,4,"{""constant_preference_probe"": 4, ""no_nonzero_unit_feasible_point"": 4}",1,7b4b93f2e2b7c25093806d79f11da473d296fba035cf7054a41670328333ffb7,P05_N020_M050_R16_seed105205016.npz
P05_N020_M050_R17_seed105205017,5,20,50,17,105205017,paper_range_complete_draw_rejection,62,61,"{""constant_preference_probe"": 61, ""no_nonzero_unit_feasible_point"": 61}",1,cb905cbcd67c5dfa239106d5ef783f89494e4fad6fb283cfe60ef39d4d5580fe,P05_N020_M050_R17_seed105205017.npz
P05_N020_M050_R18_seed105205018,5,20,50,18,105205018,paper_range_complete_draw_rejection,31,30,"{""constant_preference_probe"": 30, ""no_nonzero_unit_feasible_point"": 30}",1,bd029db54530b587b65a4a56753d809be284aa61d5c0ad9abd020e91afc2a231,P05_N020_M050_R18_seed105205018.npz
P05_N020_M050_R19_seed105205019,5,20,50,19,105205019,paper_range_complete_draw_rejection,71,70,"{""constant_preference_probe"": 70, ""no_nonzero_unit_feasible_point"": 70}",1,553d1c8c0a9a21b46d677bab4b962c336a021b4a6c7ddd593bc4d4164b236db1,P05_N020_M050_R19_seed105205019.npz
P05_N020_M050_R20_seed105205020,5,20,50,20,105205020,paper_range_complete_draw_rejection,41,40,"{""constant_preference_probe"": 40, ""no_nonzero_unit_feasible_point"": 40}",1,2bf1040835be9dff2e8bcd64db955ac2ffa28f2432a6331bdd12f351d0b0e4a1,P05_N020_M050_R20_seed105205020.npz
P05_N020_M050_R21_seed105205021,5,20,50,21,105205021,paper_range_complete_draw_rejection,29,28,"{""constant_preference_probe"": 28, ""no_nonzero_unit_feasible_point"": 28}",7,2007dfc8dbacb199c827e80d4efd802145fe05b5d89aafac952fd8bd11511dd5,P05_N020_M050_R21_seed105205021.npz
P05_N020_M050_R22_seed105205022,5,20,50,22,105205022,paper_range_complete_draw_rejection,51,50,"{""constant_preference_probe"": 50, ""no_nonzero_unit_feasible_point"": 50}",2,fa05d986217a67841c997cc6b625cba1dd496241cf456d324edf70081ac3d2ee,P05_N020_M050_R22_seed105205022.npz
P05_N020_M050_R23_seed105205023,5,20,50,23,105205023,paper_range_complete_draw_rejection,3,2,"{""constant_preference_probe"": 2, ""no_nonzero_unit_feasible_point"": 2}",1,fa85e31896c65b33a97d8ea41b7115bad3c16ba93e830a761b78df32d93ee682,P05_N020_M050_R23_seed105205023.npz
P05_N020_M050_R24_seed105205024,5,20,50,24,105205024,paper_range_complete_draw_rejection,4,3,"{""constant_preference_probe"": 3, ""no_nonzero_unit_feasible_point"": 3}",1,3758e048d94ca4ef8e6728843ae533df3570f9c6602170098a22fe81f29c7d41,P05_N020_M050_R24_seed105205024.npz
P05_N020_M050_R25_seed105205025,5,20,50,25,105205025,paper_range_complete_draw_rejection,3,2,"{""constant_preference_probe"": 2, ""no_nonzero_unit_feasible_point"": 2}",1,1d77c9a0496c90e44884a321838ad4a62a1193fd80180055fa4c079911bd9970,P05_N020_M050_R25_seed105205025.npz
P05_N020_M050_R26_seed105205026,5,20,50,26,105205026,paper_range_complete_draw_rejection,36,35,"{""constant_preference_probe"": 35, ""no_nonzero_unit_feasible_point"": 35}",2,da7adbfb603b4f2e7d04c7a629a302def9c88d2ae518b5e9e29389a007a03e0a,P05_N020_M050_R26_seed105205026.npz
P05_N020_M050_R27_seed105205027,5,20,50,27,105205027,paper_range_complete_draw_rejection,13,12,"{""constant_preference_probe"": 12, ""no_nonzero_unit_feasible_point"": 12}",5,da32cfb04cc7552815ea0050cbd89ec5edbb5d839ece6c1366721ca8347864b5,P05_N020_M050_R27_seed105205027.npz
P05_N020_M050_R28_seed105205028,5,20,50,28,105205028,paper_range_complete_draw_rejection,4,3,"{""constant_preference_probe"": 3, ""no_nonzero_unit_feasible_point"": 3}",1,ec495fd3937d4e1bdba55cb3fb192489486ac32972ff084f0088548b9bbec653,P05_N020_M050_R28_seed105205028.npz
P05_N020_M050_R29_seed105205029,5,20,50,29,105205029,paper_range_complete_draw_rejection,22,21,"{""constant_preference_probe"": 21, ""no_nonzero_unit_feasible_point"": 21}",2,911c82dc5abe207b10907002617fc30302bc9ea9d39b10dfe4d0b6ea00039ec3,P05_N020_M050_R29_seed105205029.npz
P05_N020_M050_R30_seed105205030,5,20,50,30,105205030,paper_range_complete_draw_rejection,6,5,"{""constant_preference_probe"": 5, ""no_nonzero_unit_feasible_point"": 5}",1,11a55f61b406c9894e598dacf934339e8226c6bc01f7653ddefb8b1e79a036aa,P05_N020_M050_R30_seed105205030.npz
P05_N050_M010_R01_seed105501001,5,50,10,1,105501001,paper_range_complete_draw_rejection,1,0,{},47,eeef93b8f3e076d16bd25dffbc74d9ac64af92d8eddbf8749138a1221f84d034,P05_N050_M010_R01_seed105501001.npz
P05_N050_M010_R02_seed105501002,5,50,10,2,105501002,paper_range_complete_draw_rejection,1,0,{},50,440e3a7b8bd931ebba9447c5b2bd2dacb2d5cfda8d3b812b8e66a52bde2fce19,P05_N050_M010_R02_seed105501002.npz
P05_N050_M010_R03_seed105501003,5,50,10,3,105501003,paper_range_complete_draw_rejection,1,0,{},13,505fd35b19306366f219ede8436e85633f905a9bb250c690df14ed3760a4eda5,P05_N050_M010_R03_seed105501003.npz
P05_N050_M010_R04_seed105501004,5,50,10,4,105501004,paper_range_complete_draw_rejection,1,0,{},21,bc48333e4d32b174b0160f37d5dc5df79b3230df29f83ea291721874cf6485e4,P05_N050_M010_R04_seed105501004.npz
P05_N050_M010_R05_seed105501005,5,50,10,5,105501005,paper_range_complete_draw_rejection,1,0,{},12,93477d3b0e620c75e7507a444f52f0c99d7f3fb49c12372abeaa8ec7d6b52134,P05_N050_M010_R05_seed105501005.npz
P05_N050_M010_R06_seed105501006,5,50,10,6,105501006,paper_range_complete_draw_rejection,1,0,{},30,d721db3a286e4b19a67f6143c68f88ee43f84bb7fc5fb61706887dddb22eb736,P05_N050_M010_R06_seed105501006.npz
P05_N050_M010_R07_seed105501007,5,50,10,7,105501007,paper_range_complete_draw_rejection,1,0,{},15,28a74b9f9dfcd89df3432fa868c8678edc01c1d34b9e68b955f25d730f818dfc,P05_N050_M010_R07_seed105501007.npz
P05_N050_M010_R08_seed105501008,5,50,10,8,105501008,paper_range_complete_draw_rejection,1,0,{},50,b86ca4718bb906d581ad608932d9d10ec17456fe5edc5e9f3b5dff6685d3eb13,P05_N050_M010_R08_seed105501008.npz
P05_N050_M010_R09_seed105501009,5,50,10,9,105501009,paper_range_complete_draw_rejection,1,0,{},7,28eea54f2d6d0b368d1a077e01683807fdb61342024eed960a1ab8f92b99daf6,P05_N050_M010_R09_seed105501009.npz
P05_N050_M010_R10_seed105501010,5,50,10,10,105501010,paper_range_complete_draw_rejection,1,0,{},20,ff3372a714755bb068475d41401495a9a1534e567df7653a0a221f2ff02ff688,P05_N050_M010_R10_seed105501010.npz
P05_N050_M010_R11_seed105501011,5,50,10,11,105501011,paper_range_complete_draw_rejection,1,0,{},13,04f826098b26af72d4e57511dd05f2089ac0aa7c2b2f9dbbf9afbe7aee3ded98,P05_N050_M010_R11_seed105501011.npz
P05_N050_M010_R12_seed105501012,5,50,10,12,105501012,paper_range_complete_draw_rejection,1,0,{},50,467efff3a5cf6b51755b32e619bb4fa9a28bbdca9060d04cdea6141197d5c682,P05_N050_M010_R12_seed105501012.npz
P05_N050_M010_R13_seed105501013,5,50,10,13,105501013,paper_range_complete_draw_rejection,1,0,{},23,ca3d4940b7de2c60380d3e2eb95afd2e8b4f33cfd0ae4fda8abaf4078e2db60c,P05_N050_M010_R13_seed105501013.npz
P05_N050_M010_R14_seed105501014,5,50,10,14,105501014,paper_range_complete_draw_rejection,1,0,{},20,8244c7643c3a90716e9bf21a93920fa267efa36c8a9a2e526a8f0a5c3672cb02,P05_N050_M010_R14_seed105501014.npz
P05_N050_M010_R15_seed105501015,5,50,10,15,105501015,paper_range_complete_draw_rejection,1,0,{},3,a5c7576e0313a9a7160f57de467df08e7f7f5431bd897fb3dfc1eb45fd40b517,P05_N050_M010_R15_seed105501015.npz
P05_N050_M010_R16_seed105501016,5,50,10,16,105501016,paper_range_complete_draw_rejection,1,0,{},3,27a70c8626215fc89375c7691b6fa63548fe8a236f8c6a4d53f38a50a033a170,P05_N050_M010_R16_seed105501016.npz
P05_N050_M010_R17_seed105501017,5,50,10,17,105501017,paper_range_complete_draw_rejection,1,0,{},20,8c32163d717a933c035683588c67c26800ffdd837e22368ff3ee035e35b3799e,P05_N050_M010_R17_seed105501017.npz
P05_N050_M010_R18_seed105501018,5,50,10,18,105501018,paper_range_complete_draw_rejection,1,0,{},50,943f6119c87203d45ac1030ddf84d915be741e3df258ca3c7e1ee51b9a1990d3,P05_N050_M010_R18_seed105501018.npz
P05_N050_M010_R19_seed105501019,5,50,10,19,105501019,paper_range_complete_draw_rejection,1,0,{},1,bf10375c3f8195fcaed613862be6f6f437118511573a04d41828e7cf5874eb9d,P05_N050_M010_R19_seed105501019.npz
P05_N050_M010_R20_seed105501020,5,50,10,20,105501020,paper_range_complete_draw_rejection,1,0,{},14,3ae33384d97367d2e74fb3e8266e7684451b52f2ce976a7d476923d5eead4ec2,P05_N050_M010_R20_seed105501020.npz
P05_N050_M010_R21_seed105501021,5,50,10,21,105501021,paper_range_complete_draw_rejection,2,1,"{""constant_preference_probe"": 1, ""no_nonzero_unit_feasible_point"": 1}",2,370fadaea110cdf406e1de3d332efbbebbbdb828559675476a301c89cbfd0478,P05_N050_M010_R21_seed105501021.npz
P05_N050_M010_R22_seed105501022,5,50,10,22,105501022,paper_range_complete_draw_rejection,1,0,{},1,929fbec7f34cc6f793306f8526dacdeab69abf6216737523a07dd231ff31527c,P05_N050_M010_R22_seed105501022.npz
P05_N050_M010_R23_seed105501023,5,50,10,23,105501023,paper_range_complete_draw_rejection,1,0,{},18,531ce975c6dc80024b438a9fb7eaa17a85cdc1ccf4e6845466e7b0eb9db4ba81,P05_N050_M010_R23_seed105501023.npz
P05_N050_M010_R24_seed105501024,5,50,10,24,105501024,paper_range_complete_draw_rejection,1,0,{},10,7ef470acfa7a967dd664e6e61c3e0664fc0210a9dbde145e35bb3ae6237b6d88,P05_N050_M010_R24_seed105501024.npz
P05_N050_M010_R25_seed105501025,5,50,10,25,105501025,paper_range_complete_draw_rejection,1,0,{},9,8852f187570084c6dd46873494d422675a2fb5b3699801040c04509a22f035e5,P05_N050_M010_R25_seed105501025.npz
P05_N050_M010_R26_seed105501026,5,50,10,26,105501026,paper_range_complete_draw_rejection,2,1,"{""constant_preference_probe"": 1, ""no_nonzero_unit_feasible_point"": 1}",1,408a8158416d9e8741e4dfc6de717c5c149d2ca72fa00b0520781c507f5a220d,P05_N050_M010_R26_seed105501026.npz
P05_N050_M010_R27_seed105501027,5,50,10,27,105501027,paper_range_complete_draw_rejection,1,0,{},22,8d8dfd8412ec2d1e64d271f24528a882c543684ead643857225af86337f532c6,P05_N050_M010_R27_seed105501027.npz
P05_N050_M010_R28_seed105501028,5,50,10,28,105501028,paper_range_complete_draw_rejection,1,0,{},31,ee379ab6045dd003a762c3b005a8cc436b2d681a073bbf52ed12ed06b20e5289,P05_N050_M010_R28_seed105501028.npz
P05_N050_M010_R29_seed105501029,5,50,10,29,105501029,paper_range_complete_draw_rejection,1,0,{},43,75975d284e5f1d90b204e205d28f81c800b9b40ee4b46b3969bbdcf5905f0dbe,P05_N050_M010_R29_seed105501029.npz
P05_N050_M010_R30_seed105501030,5,50,10,30,105501030,paper_range_complete_draw_rejection,1,0,{},25,2a4bdfc46017187fda46e4e0eae9b589b70ae1611996ac6300709aad94936291,P05_N050_M010_R30_seed105501030.npz
P05_N050_M020_R01_seed105502001,5,50,20,1,105502001,paper_range_complete_draw_rejection,1,0,{},2,29d6c8ceff6e2d2810ebeeb3c0ed3e6eb56fe02cd9779966b57aa830456a3b99,P05_N050_M020_R01_seed105502001.npz
P05_N050_M020_R02_seed105502002,5,50,20,2,105502002,paper_range_complete_draw_rejection,2,1,"{""constant_preference_probe"": 1, ""no_nonzero_unit_feasible_point"": 1}",7,a59d32d3487bfb274f546421ebf053da79c700e0b610b9497c1f84b06be6ddee,P05_N050_M020_R02_seed105502002.npz
P05_N050_M020_R03_seed105502003,5,50,20,3,105502003,paper_range_complete_draw_rejection,2,1,"{""constant_preference_probe"": 1, ""no_nonzero_unit_feasible_point"": 1}",4,4b58a2617e5a6204a51acbb39dd93c1bfe0796484c54138e2fe80c55a1f1b9ae,P05_N050_M020_R03_seed105502003.npz
P05_N050_M020_R04_seed105502004,5,50,20,4,105502004,paper_range_complete_draw_rejection,1,0,{},4,1be1cbd0c6fd4012836ab034fa3c7ac06050d5acae0f554a6944989bf2a6162b,P05_N050_M020_R04_seed105502004.npz
P05_N050_M020_R05_seed105502005,5,50,20,5,105502005,paper_range_complete_draw_rejection,3,2,"{""constant_preference_probe"": 2, ""no_nonzero_unit_feasible_point"": 2}",2,37aec4f78168721c34214e6b19ad16d4b57fefe7ff0779f63d6f4669a806bd04,P05_N050_M020_R05_seed105502005.npz
P05_N050_M020_R06_seed105502006,5,50,20,6,105502006,paper_range_complete_draw_rejection,2,1,"{""constant_preference_probe"": 1, ""no_nonzero_unit_feasible_point"": 1}",50,d7727976b27a5acb6124b8ac34983dea4d3816439d14462218d4d45b9e5c9a7f,P05_N050_M020_R06_seed105502006.npz
P05_N050_M020_R07_seed105502007,5,50,20,7,105502007,paper_range_complete_draw_rejection,1,0,{},31,0d6c70b30fe5d7a5071df414a750d7f00925b1924c3eac72d596eadacf8e53ff,P05_N050_M020_R07_seed105502007.npz
P05_N050_M020_R08_seed105502008,5,50,20,8,105502008,paper_range_complete_draw_rejection,2,1,"{""constant_preference_probe"": 1, ""no_nonzero_unit_feasible_point"": 1}",4,ad15aba3e3ee072459fba60868164d42aedfcfadc4b8d3324467ddcc68aefda4,P05_N050_M020_R08_seed105502008.npz
P05_N050_M020_R09_seed105502009,5,50,20,9,105502009,paper_range_complete_draw_rejection,2,1,"{""constant_preference_probe"": 1, ""no_nonzero_unit_feasible_point"": 1}",12,cd4b4802f2c0afd752d0383987631cf7f0f789b4ab9d7db92067e1fc82f7dd8d,P05_N050_M020_R09_seed105502009.npz
P05_N050_M020_R10_seed105502010,5,50,20,10,105502010,paper_range_complete_draw_rejection,2,1,"{""constant_preference_probe"": 1, ""no_nonzero_unit_feasible_point"": 1}",11,8e9b09a9cba3d166fdb450d77c51b9c8369f03e14492e43b80bb6086ebead770,P05_N050_M020_R10_seed105502010.npz
P05_N050_M020_R11_seed105502011,5,50,20,11,105502011,paper_range_complete_draw_rejection,1,0,{},14,2dd0170343b1efadbec785afad83a1b5982fe5d8461f0b07a9832f32e10d6db6,P05_N050_M020_R11_seed105502011.npz
P05_N050_M020_R12_seed105502012,5,50,20,12,105502012,paper_range_complete_draw_rejection,2,1,"{""constant_preference_probe"": 1, ""no_nonzero_unit_feasible_point"": 1}",1,d19106075bc36da8f17ed5ab5e9827781acfc9d3b1755712207b741eba5f656f,P05_N050_M020_R12_seed105502012.npz
P05_N050_M020_R13_seed105502013,5,50,20,13,105502013,paper_range_complete_draw_rejection,2,1,"{""constant_preference_probe"": 1, ""no_nonzero_unit_feasible_point"": 1}",3,baf6eb92949e5762d9e057357006ab7d7e82ce13f736322082b4e4bbaec8c371,P05_N050_M020_R13_seed105502013.npz
P05_N050_M020_R14_seed105502014,5,50,20,14,105502014,paper_range_complete_draw_rejection,3,2,"{""constant_preference_probe"": 2, ""no_nonzero_unit_feasible_point"": 2}",6,d06b980c742d68a3dc6e52ae2f12123da662ff12d6d45159ab1eee74ca113b6f,P05_N050_M020_R14_seed105502014.npz
P05_N050_M020_R15_seed105502015,5,50,20,15,105502015,paper_range_complete_draw_rejection,2,1,"{""constant_preference_probe"": 1, ""no_nonzero_unit_feasible_point"": 1}",18,60c603e9edf89703f9834c6f79345bca5a238d4d52777561e72aa35b309fc622,P05_N050_M020_R15_seed105502015.npz
P05_N050_M020_R16_seed105502016,5,50,20,16,105502016,paper_range_complete_draw_rejection,1,0,{},1,6ca3733df1007078f6c9b731d9a3911268a51e2596a86accf553cc39b9fc437e,P05_N050_M020_R16_seed105502016.npz
P05_N050_M020_R17_seed105502017,5,50,20,17,105502017,paper_range_complete_draw_rejection,1,0,{},19,2debbff7ba05185547e696a0e1bb1e61e34d5ac2e997e310632510ddb09a0f77,P05_N050_M020_R17_seed105502017.npz
P05_N050_M020_R18_seed105502018,5,50,20,18,105502018,paper_range_complete_draw_rejection,1,0,{},13,08423c50470f8fd7d5e96ead9a28591a31e48111a2569a8fbf08fb1b35c25d2c,P05_N050_M020_R18_seed105502018.npz
P05_N050_M020_R19_seed105502019,5,50,20,19,105502019,paper_range_complete_draw_rejection,1,0,{},2,82e03e7080bbd4f3f75d43cdb3cfab3d4c6276278d89e3a1f39f26293205144b,P05_N050_M020_R19_seed105502019.npz
P05_N050_M020_R20_seed105502020,5,50,20,20,105502020,paper_range_complete_draw_rejection,2,1,"{""constant_preference_probe"": 1, ""no_nonzero_unit_feasible_point"": 1}",1,5793b662e2b098be75cf81c52f93ab41c11dbcaa3019c7972366568e6f3fabed,P05_N050_M020_R20_seed105502020.npz
P05_N050_M020_R21_seed105502021,5,50,20,21,105502021,paper_range_complete_draw_rejection,1,0,{},1,a23921fcadf3caf9ab7a53b4031a3fd76fdc7460a06ed431122658641f8f156b,P05_N050_M020_R21_seed105502021.npz
P05_N050_M020_R22_seed105502022,5,50,20,22,105502022,paper_range_complete_draw_rejection,1,0,{},4,700b3a1ff468501f56039a8fb130c7a6a09aa9bbcae75e696132dc3a1d58bf0e,P05_N050_M020_R22_seed105502022.npz
P05_N050_M020_R23_seed105502023,5,50,20,23,105502023,paper_range_complete_draw_rejection,1,0,{},6,fb1f222f2a90083b66cd687f21eb93a12d638097595c59c0c8b18aeee2ac55a9,P05_N050_M020_R23_seed105502023.npz
P05_N050_M020_R24_seed105502024,5,50,20,24,105502024,paper_range_complete_draw_rejection,1,0,{},2,0ff1a2f64f2b4f43e4e146d2e9cc88148681914958ce22e29e7aced9df13ba83,P05_N050_M020_R24_seed105502024.npz
P05_N050_M020_R25_seed105502025,5,50,20,25,105502025,paper_range_complete_draw_rejection,1,0,{},14,456ea66c629cd0bbf48afb3ea808af7c0ffdbb9c3cf7dd535f334a0b3d6a35c0,P05_N050_M020_R25_seed105502025.npz
P05_N050_M020_R26_seed105502026,5,50,20,26,105502026,paper_range_complete_draw_rejection,3,2,"{""constant_preference_probe"": 2, ""no_nonzero_unit_feasible_point"": 2}",2,1530b474c9f82ff2841e3d352b0c0575c8b72e55f7b666c14648d1cd2d0342d9,P05_N050_M020_R26_seed105502026.npz
P05_N050_M020_R27_seed105502027,5,50,20,27,105502027,paper_range_complete_draw_rejection,5,4,"{""constant_preference_probe"": 4, ""no_nonzero_unit_feasible_point"": 4}",2,86a2eb1635cae66078e2bb6e0e0408fe2044389fe61c53bef34e0f918fb4a64b,P05_N050_M020_R27_seed105502027.npz
P05_N050_M020_R28_seed105502028,5,50,20,28,105502028,paper_range_complete_draw_rejection,2,1,"{""constant_preference_probe"": 1, ""no_nonzero_unit_feasible_point"": 1}",6,52751526e309235d1313a5e72c2c13b28e948a99efde3a517f0b2ceb74f591ed,P05_N050_M020_R28_seed105502028.npz
P05_N050_M020_R29_seed105502029,5,50,20,29,105502029,paper_range_complete_draw_rejection,1,0,{},4,20e4a7cf1d53280763ab07dd532be69a556e6e4a3f851673a247d3094e06d489,P05_N050_M020_R29_seed105502029.npz
P05_N050_M020_R30_seed105502030,5,50,20,30,105502030,paper_range_complete_draw_rejection,1,0,{},3,dbd962f10742901eb8fa9f4d873ce4932488a67c295f1227c7134b3de89775a5,P05_N050_M020_R30_seed105502030.npz
P05_N050_M030_R01_seed105503001,5,50,30,1,105503001,paper_range_complete_draw_rejection,5,4,"{""constant_preference_probe"": 4, ""no_nonzero_unit_feasible_point"": 4}",9,efc62dade0bc5a10cc33d4156da66ac083acf0d116c935244bd7dc1069dd37f4,P05_N050_M030_R01_seed105503001.npz
P05_N050_M030_R02_seed105503002,5,50,30,2,105503002,paper_range_complete_draw_rejection,2,1,"{""constant_preference_probe"": 1, ""no_nonzero_unit_feasible_point"": 1}",4,e0a7789a38d47e35d2f82561bb3e097135d6a1fa6f972871926e168f7933a0c0,P05_N050_M030_R02_seed105503002.npz
P05_N050_M030_R03_seed105503003,5,50,30,3,105503003,paper_range_complete_draw_rejection,1,0,{},10,1cd5150f5c75fc84dade3f917c58ad71bbb9947754aac1ef0ed18bf07300aa91,P05_N050_M030_R03_seed105503003.npz
P05_N050_M030_R04_seed105503004,5,50,30,4,105503004,paper_range_complete_draw_rejection,1,0,{},9,00b79b758c2775e249b001ee3b92dad8d4992d68a800decdb6bd172d0590add2,P05_N050_M030_R04_seed105503004.npz
P05_N050_M030_R05_seed105503005,5,50,30,5,105503005,paper_range_complete_draw_rejection,3,2,"{""constant_preference_probe"": 2, ""no_nonzero_unit_feasible_point"": 2}",1,0aa98709540c3c2de81c7432a8cfdc23c82d4045af0801fdf005e82f25abb1da,P05_N050_M030_R05_seed105503005.npz
P05_N050_M030_R06_seed105503006,5,50,30,6,105503006,paper_range_complete_draw_rejection,1,0,{},16,6a1fbc9c96e6ced863447a09cb7ad01d4d5512ae87567145b6b223fed66459a4,P05_N050_M030_R06_seed105503006.npz
P05_N050_M030_R07_seed105503007,5,50,30,7,105503007,paper_range_complete_draw_rejection,1,0,{},1,50b5c9effd73b01533bad40e07abc3b859fe8b8205ed903471711804347b7464,P05_N050_M030_R07_seed105503007.npz
P05_N050_M030_R08_seed105503008,5,50,30,8,105503008,paper_range_complete_draw_rejection,3,2,"{""constant_preference_probe"": 2, ""no_nonzero_unit_feasible_point"": 2}",7,904e8326345e04a3edcb741adca99e1c55bc59db454a2dc68b4dc5ae82a9696b,P05_N050_M030_R08_seed105503008.npz
P05_N050_M030_R09_seed105503009,5,50,30,9,105503009,paper_range_complete_draw_rejection,5,4,"{""constant_preference_probe"": 4, ""no_nonzero_unit_feasible_point"": 4}",9,78f050ee1f64f35a4b4c1bbbdba6b3a5c11abd1f60b1fa1ace14e9206be55d0e,P05_N050_M030_R09_seed105503009.npz
P05_N050_M030_R10_seed105503010,5,50,30,10,105503010,paper_range_complete_draw_rejection,2,1,"{""constant_preference_probe"": 1, ""no_nonzero_unit_feasible_point"": 1}",13,ea58e79bb212f34049ff33639ee40ad34eb1f225421610249aab16ffb205f2f3,P05_N050_M030_R10_seed105503010.npz
P05_N050_M030_R11_seed105503011,5,50,30,11,105503011,paper_range_complete_draw_rejection,3,2,"{""constant_preference_probe"": 2, ""no_nonzero_unit_feasible_point"": 2}",7,785afb055588526ff34149a78a2932529677adef623d28ad6913089cb1624d38,P05_N050_M030_R11_seed105503011.npz
P05_N050_M030_R12_seed105503012,5,50,30,12,105503012,paper_range_complete_draw_rejection,1,0,{},3,7529ba2802ee372d8675eb2f00dab4238c256f52e25a6bd2f32a95c4424ed93b,P05_N050_M030_R12_seed105503012.npz
P05_N050_M030_R13_seed105503013,5,50,30,13,105503013,paper_range_complete_draw_rejection,1,0,{},5,acf87069213970ff863eaa6cfc0ce701774fde18dc2de89abf5f9bf4014c7abb,P05_N050_M030_R13_seed105503013.npz
P05_N050_M030_R14_seed105503014,5,50,30,14,105503014,paper_range_complete_draw_rejection,1,0,{},2,238ac3bab30cad30b38cdd9e4dce292aa72a31b618fabe984d736954ba59f022,P05_N050_M030_R14_seed105503014.npz
P05_N050_M030_R15_seed105503015,5,50,30,15,105503015,paper_range_complete_draw_rejection,2,1,"{""constant_preference_probe"": 1, ""no_nonzero_unit_feasible_point"": 1}",2,e66c251df25ca673971f1332b49da1021dddd06d7e0a0b0d45ae704d728737a7,P05_N050_M030_R15_seed105503015.npz
P05_N050_M030_R16_seed105503016,5,50,30,16,105503016,paper_range_complete_draw_rejection,4,3,"{""constant_preference_probe"": 3, ""no_nonzero_unit_feasible_point"": 3}",10,4b858442433e308f8cf847595034b213caf03e17d21d2061949074224f368bc3,P05_N050_M030_R16_seed105503016.npz
P05_N050_M030_R17_seed105503017,5,50,30,17,105503017,paper_range_complete_draw_rejection,4,3,"{""constant_preference_probe"": 3, ""no_nonzero_unit_feasible_point"": 3}",1,3a712f57a77ab44b003cdc6a23232994bb02a084f673735879313535646ac251,P05_N050_M030_R17_seed105503017.npz
P05_N050_M030_R18_seed105503018,5,50,30,18,105503018,paper_range_complete_draw_rejection,2,1,"{""constant_preference_probe"": 1, ""no_nonzero_unit_feasible_point"": 1}",1,77072a23802873e48c06ea51b6a3bc738d43742a44fb1b41229ec8c00bb9f013,P05_N050_M030_R18_seed105503018.npz
P05_N050_M030_R19_seed105503019,5,50,30,19,105503019,paper_range_complete_draw_rejection,12,11,"{""constant_preference_probe"": 11, ""no_nonzero_unit_feasible_point"": 11}",1,17ebe2030b688e8f1ef86635d6493296dcb129cfbca92dd16389384a2e660673,P05_N050_M030_R19_seed105503019.npz
P05_N050_M030_R20_seed105503020,5,50,30,20,105503020,paper_range_complete_draw_rejection,6,5,"{""constant_preference_probe"": 5, ""no_nonzero_unit_feasible_point"": 5}",2,e6f182d570da9844774b508a52e096f8f55387eda51b38d69211de72cd51d1d8,P05_N050_M030_R20_seed105503020.npz
P05_N050_M030_R21_seed105503021,5,50,30,21,105503021,paper_range_complete_draw_rejection,1,0,{},3,e596b9910fe678c7be120ac466517231940bf682eda94b681aa16bcf6f97fae4,P05_N050_M030_R21_seed105503021.npz
P05_N050_M030_R22_seed105503022,5,50,30,22,105503022,paper_range_complete_draw_rejection,3,2,"{""constant_preference_probe"": 2, ""no_nonzero_unit_feasible_point"": 2}",3,dab0d4e38007bae72743692dcb5b8c15af46f7e07d8f78ae54c7c548aa19e1f6,P05_N050_M030_R22_seed105503022.npz
P05_N050_M030_R23_seed105503023,5,50,30,23,105503023,paper_range_complete_draw_rejection,3,2,"{""constant_preference_probe"": 2, ""no_nonzero_unit_feasible_point"": 2}",8,e27f42d3a244493ce4d7ac80a29b2b711be15d14e617763cdc262c117b68fdc8,P05_N050_M030_R23_seed105503023.npz
P05_N050_M030_R24_seed105503024,5,50,30,24,105503024,paper_range_complete_draw_rejection,4,3,"{""constant_preference_probe"": 3, ""no_nonzero_unit_feasible_point"": 3}",15,f060e044eb0a285b9fc9e6bba414b0fae19b8c47968aeaa482bc5677e3ebc68e,P05_N050_M030_R24_seed105503024.npz
P05_N050_M030_R25_seed105503025,5,50,30,25,105503025,paper_range_complete_draw_rejection,2,1,"{""constant_preference_probe"": 1, ""no_nonzero_unit_feasible_point"": 1}",3,85b58b9fadf0b45b1ba88d8e5fc42917136612c04de50cb517e6f3273cc2987c,P05_N050_M030_R25_seed105503025.npz
P05_N050_M030_R26_seed105503026,5,50,30,26,105503026,paper_range_complete_draw_rejection,1,0,{},2,5986d0f6113d977c109fab8dbfbde311b97ed0faa83ea958b09d61370973f00d,P05_N050_M030_R26_seed105503026.npz
P05_N050_M030_R27_seed105503027,5,50,30,27,105503027,paper_range_complete_draw_rejection,1,0,{},4,f3beb566377ed9749b601fe9225f456e6bb74ed3db0e936cf17878e57ff00f6d,P05_N050_M030_R27_seed105503027.npz
P05_N050_M030_R28_seed105503028,5,50,30,28,105503028,paper_range_complete_draw_rejection,1,0,{},2,25bd3d05af2822945caa43e4130185a202a1d20c5e6ac69ac30250c8bcf9f4d1,P05_N050_M030_R28_seed105503028.npz
P05_N050_M030_R29_seed105503029,5,50,30,29,105503029,paper_range_complete_draw_rejection,2,1,"{""constant_preference_probe"": 1, ""no_nonzero_unit_feasible_point"": 1}",1,4a6400f8c9d051c3636cb0c393175b3f62abf02465c5b58f514596939318d268,P05_N050_M030_R29_seed105503029.npz
P05_N050_M030_R30_seed105503030,5,50,30,30,105503030,paper_range_complete_draw_rejection,4,3,"{""constant_preference_probe"": 3, ""no_nonzero_unit_feasible_point"": 3}",2,904024d8d0e870258b9f3b705f9732f815f846e6979f0d86977f507e4567ec37,P05_N050_M030_R30_seed105503030.npz
P05_N050_M050_R01_seed105505001,5,50,50,1,105505001,paper_range_complete_draw_rejection,5,4,"{""constant_preference_probe"": 4, ""no_nonzero_unit_feasible_point"": 4}",1,fdd7647d02acafb62aeff61799b51df5b9a374fef0e3effcb73dcb52b6f7db5e,P05_N050_M050_R01_seed105505001.npz
P05_N050_M050_R02_seed105505002,5,50,50,2,105505002,paper_range_complete_draw_rejection,12,11,"{""constant_preference_probe"": 11, ""no_nonzero_unit_feasible_point"": 11}",1,45588cb28edd57c5151f04a478c71d736cec9aab2586a7f8d74c6b213fb4a10a,P05_N050_M050_R02_seed105505002.npz
P05_N050_M050_R03_seed105505003,5,50,50,3,105505003,paper_range_complete_draw_rejection,14,13,"{""constant_preference_probe"": 13, ""no_nonzero_unit_feasible_point"": 13}",2,af592996a53181a16af0cc2cab39f03a81044b24702340f7a50a0aabfa8c3030,P05_N050_M050_R03_seed105505003.npz
P05_N050_M050_R04_seed105505004,5,50,50,4,105505004,paper_range_complete_draw_rejection,4,3,"{""constant_preference_probe"": 3, ""no_nonzero_unit_feasible_point"": 3}",1,6b5c794296f4fbe13ea38b6319e1f6090d254d292c9a5afd5608e87cacbfaf56,P05_N050_M050_R04_seed105505004.npz
P05_N050_M050_R05_seed105505005,5,50,50,5,105505005,paper_range_complete_draw_rejection,19,18,"{""constant_preference_probe"": 18, ""no_nonzero_unit_feasible_point"": 18}",4,cfe67582b9705fbb968c317489f036d15d000dc8d1adb75a491b6fd415ec8c17,P05_N050_M050_R05_seed105505005.npz
P05_N050_M050_R06_seed105505006,5,50,50,6,105505006,paper_range_complete_draw_rejection,30,29,"{""constant_preference_probe"": 29, ""no_nonzero_unit_feasible_point"": 29}",1,953c2f3142bbd118a0f9c859164e45b4d7721aa47691ca38f041ebe5472b4179,P05_N050_M050_R06_seed105505006.npz
P05_N050_M050_R07_seed105505007,5,50,50,7,105505007,paper_range_complete_draw_rejection,14,13,"{""constant_preference_probe"": 13, ""no_nonzero_unit_feasible_point"": 13}",1,d82a8a7138047ade945569b5320537426fe184fe8dc6dd8fd06317fe056c2534,P05_N050_M050_R07_seed105505007.npz
P05_N050_M050_R08_seed105505008,5,50,50,8,105505008,paper_range_complete_draw_rejection,5,4,"{""constant_preference_probe"": 4, ""no_nonzero_unit_feasible_point"": 4}",2,3eb359699541ca210752aab551d634134c609931e5f1ff87a982fa2af1b8a9ba,P05_N050_M050_R08_seed105505008.npz
P05_N050_M050_R09_seed105505009,5,50,50,9,105505009,paper_range_complete_draw_rejection,1,0,{},7,afd924fe39a8e373e0483f06f0f00fc9a62f033c8fe3a02247222bbf926b7813,P05_N050_M050_R09_seed105505009.npz
P05_N050_M050_R10_seed105505010,5,50,50,10,105505010,paper_range_complete_draw_rejection,11,10,"{""constant_preference_probe"": 10, ""no_nonzero_unit_feasible_point"": 10}",1,02b46624ef7b39c5b0cc9d19025492e81557c6192c629cf13e898a3165544b32,P05_N050_M050_R10_seed105505010.npz
P05_N050_M050_R11_seed105505011,5,50,50,11,105505011,paper_range_complete_draw_rejection,6,5,"{""constant_preference_probe"": 5, ""no_nonzero_unit_feasible_point"": 5}",1,15910bdd23611e71cfb54ca68bbe6da6923118ae896265038af6818348475b78,P05_N050_M050_R11_seed105505011.npz
P05_N050_M050_R12_seed105505012,5,50,50,12,105505012,paper_range_complete_draw_rejection,8,7,"{""constant_preference_probe"": 7, ""no_nonzero_unit_feasible_point"": 7}",1,7d600c774e8dc75899ff7cb335c45d0a2f801dc4ce62443ead6561a6d9f09fb0,P05_N050_M050_R12_seed105505012.npz
P05_N050_M050_R13_seed105505013,5,50,50,13,105505013,paper_range_complete_draw_rejection,9,8,"{""constant_preference_probe"": 8, ""no_nonzero_unit_feasible_point"": 8}",3,7897900fe04ccba3911a95fec5df86b2b11084bf7f0d24a93b8db195c0d6f582,P05_N050_M050_R13_seed105505013.npz
P05_N050_M050_R14_seed105505014,5,50,50,14,105505014,paper_range_complete_draw_rejection,3,2,"{""constant_preference_probe"": 2, ""no_nonzero_unit_feasible_point"": 2}",1,267c9a16d93b1769941202da5c3c67365caf081a256b6dd1def6ea9be48b2a95,P05_N050_M050_R14_seed105505014.npz
P05_N050_M050_R15_seed105505015,5,50,50,15,105505015,paper_range_complete_draw_rejection,26,25,"{""constant_preference_probe"": 25, ""no_nonzero_unit_feasible_point"": 25}",8,59ca3b2a585d0b3bc49e9fe58facf68ba3b41d1ff9db17bfaacc1b8ee08e34ca,P05_N050_M050_R15_seed105505015.npz
P05_N050_M050_R16_seed105505016,5,50,50,16,105505016,paper_range_complete_draw_rejection,13,12,"{""constant_preference_probe"": 12, ""no_nonzero_unit_feasible_point"": 12}",3,916c95cefcdfb3df135cf044b1b9763d3222847390ce0ee43a9d6df921a53678,P05_N050_M050_R16_seed105505016.npz
P05_N050_M050_R17_seed105505017,5,50,50,17,105505017,paper_range_complete_draw_rejection,2,1,"{""constant_preference_probe"": 1, ""no_nonzero_unit_feasible_point"": 1}",1,91b71bb162d6aa753c2c6aa3ffc37c66a3de136ff76e406b80eeab37f60ef76f,P05_N050_M050_R17_seed105505017.npz
P05_N050_M050_R18_seed105505018,5,50,50,18,105505018,paper_range_complete_draw_rejection,10,9,"{""constant_preference_probe"": 9, ""no_nonzero_unit_feasible_point"": 9}",3,586e056adc2ec6e0c113c999db3a4fa703469e6d8defc02e2f856bd356ca6206,P05_N050_M050_R18_seed105505018.npz
P05_N050_M050_R19_seed105505019,5,50,50,19,105505019,paper_range_complete_draw_rejection,1,0,{},8,e283d23711a87ff46ec2dcc8d4ac50bfc080d5439cbbf7bd0507056639f70fbd,P05_N050_M050_R19_seed105505019.npz
P05_N050_M050_R20_seed105505020,5,50,50,20,105505020,paper_range_complete_draw_rejection,2,1,"{""constant_preference_probe"": 1, ""no_nonzero_unit_feasible_point"": 1}",2,10b3c5560b59e2b2401260c5b11ffd2244b4ba71f15495e63972e2bc0687a2c6,P05_N050_M050_R20_seed105505020.npz
P05_N050_M050_R21_seed105505021,5,50,50,21,105505021,paper_range_complete_draw_rejection,9,8,"{""constant_preference_probe"": 8, ""no_nonzero_unit_feasible_point"": 8}",1,5b95b26fd412deacf25b332d99ac55f256d15f9d75b6531ef38e03b8a5578ee9,P05_N050_M050_R21_seed105505021.npz
P05_N050_M050_R22_seed105505022,5,50,50,22,105505022,paper_range_complete_draw_rejection,3,2,"{""constant_preference_probe"": 2, ""no_nonzero_unit_feasible_point"": 2}",2,bb8c6366e9ac2fc9cca523182298771c84697e9f993248cb21f5b53a635b03a5,P05_N050_M050_R22_seed105505022.npz
P05_N050_M050_R23_seed105505023,5,50,50,23,105505023,paper_range_complete_draw_rejection,11,10,"{""constant_preference_probe"": 10, ""no_nonzero_unit_feasible_point"": 10}",7,bbb22cfc1fe597f850660f0c22bdb96227c161adbc669805cb59127598388415,P05_N050_M050_R23_seed105505023.npz
P05_N050_M050_R24_seed105505024,5,50,50,24,105505024,paper_range_complete_draw_rejection,5,4,"{""constant_preference_probe"": 4, ""no_nonzero_unit_feasible_point"": 4}",2,c2f03db955fff231d58c14d3dd03535afacaac1a6bf1ad071c6cc4971fbccbec,P05_N050_M050_R24_seed105505024.npz
P05_N050_M050_R25_seed105505025,5,50,50,25,105505025,paper_range_complete_draw_rejection,2,1,"{""constant_preference_probe"": 1, ""no_nonzero_unit_feasible_point"": 1}",1,fe9d5d18d2aa8beed67a2c6be31bac96379bb670ea7c88ce930f43180d4b5564,P05_N050_M050_R25_seed105505025.npz
P05_N050_M050_R26_seed105505026,5,50,50,26,105505026,paper_range_complete_draw_rejection,2,1,"{""constant_preference_probe"": 1, ""no_nonzero_unit_feasible_point"": 1}",1,812d3e0b0b95a5cd281fca147f62c3f94b57d8a51b3ba319d62ff07f7bba3a57,P05_N050_M050_R26_seed105505026.npz
P05_N050_M050_R27_seed105505027,5,50,50,27,105505027,paper_range_complete_draw_rejection,9,8,"{""constant_preference_probe"": 8, ""no_nonzero_unit_feasible_point"": 8}",1,76a7ac789c3c67d147be59e2693aaf2cba01a687a4f2f14f48bcd9ec9a53b957,P05_N050_M050_R27_seed105505027.npz
P05_N050_M050_R28_seed105505028,5,50,50,28,105505028,paper_range_complete_draw_rejection,5,4,"{""constant_preference_probe"": 4, ""no_nonzero_unit_feasible_point"": 4}",1,824f8ed1ba1c0a33768b0eae8ff645adc1d2f3ea6fa435eb620898a87b638bec,P05_N050_M050_R28_seed105505028.npz
P05_N050_M050_R29_seed105505029,5,50,50,29,105505029,paper_range_complete_draw_rejection,8,7,"{""constant_preference_probe"": 7, ""no_nonzero_unit_feasible_point"": 7}",1,e43e6a8a57a8e14a1c15f2d008e08fed119e74ca43aee71ea096374dd8614b47,P05_N050_M050_R29_seed105505029.npz
P05_N050_M050_R30_seed105505030,5,50,50,30,105505030,paper_range_complete_draw_rejection,7,6,"{""constant_preference_probe"": 6, ""no_nonzero_unit_feasible_point"": 6}",1,3decc7ff302e348d9fe2cb8d55a268b935e5a518d01d3f7a5a0281ac6c28e5cc,P05_N050_M050_R30_seed105505030.npz
P10_N010_M010_R01_seed110101001,10,10,10,1,110101001,paper_range_complete_draw_rejection,1,0,{},7,19733c67d4fba6a39e9d00df268832804aaf816ff5b135d584b6c450c6c5e040,P10_N010_M010_R01_seed110101001.npz
P10_N010_M010_R02_seed110101002,10,10,10,2,110101002,paper_range_complete_draw_rejection,2,1,"{""constant_preference_probe"": 1, ""no_nonzero_unit_feasible_point"": 1}",1,1510c2ce094d79772123590b19d777906af7f8f66be6905d17bb827b3cb7a225,P10_N010_M010_R02_seed110101002.npz
P10_N010_M010_R03_seed110101003,10,10,10,3,110101003,paper_range_complete_draw_rejection,4,3,"{""constant_preference_probe"": 3, ""no_nonzero_unit_feasible_point"": 3}",5,deeb99432215f7761e8f13d49ec62a2930358978dab9da4f7607a0cf53326128,P10_N010_M010_R03_seed110101003.npz
P10_N010_M010_R04_seed110101004,10,10,10,4,110101004,paper_range_complete_draw_rejection,2,1,"{""constant_preference_probe"": 1, ""no_nonzero_unit_feasible_point"": 1}",1,e8236f7ca156517481ea437778832994197d932141323f5837484a208322d20a,P10_N010_M010_R04_seed110101004.npz
P10_N010_M010_R05_seed110101005,10,10,10,5,110101005,paper_range_complete_draw_rejection,1,0,{},3,069bb5d6b8f23549a83ca2fbff7b8d4b9290e9c01ed5b00741f9b1f5f54a3688,P10_N010_M010_R05_seed110101005.npz
P10_N010_M010_R06_seed110101006,10,10,10,6,110101006,paper_range_complete_draw_rejection,2,1,"{""constant_preference_probe"": 1, ""no_nonzero_unit_feasible_point"": 1}",6,a63068e501295111bf76be0ee17ffcdd18e06de4b3f6e96e1ad2dcbd84a03498,P10_N010_M010_R06_seed110101006.npz
P10_N010_M010_R07_seed110101007,10,10,10,7,110101007,paper_range_complete_draw_rejection,1,0,{},7,b440ba53e539a1d325197286c08095236e7c2a8d6f976f1dae0ba8006b749c26,P10_N010_M010_R07_seed110101007.npz
P10_N010_M010_R08_seed110101008,10,10,10,8,110101008,paper_range_complete_draw_rejection,1,0,{},9,2bb2f2a74def27981604d56796265c870e4d8b9651ab4f1b4b6539f596d38b31,P10_N010_M010_R08_seed110101008.npz
P10_N010_M010_R09_seed110101009,10,10,10,9,110101009,paper_range_complete_draw_rejection,2,1,"{""constant_preference_probe"": 1, ""no_nonzero_unit_feasible_point"": 1}",6,56b5b717836f6668d246382a2d4a79a0f399a841b2c59d603d941606672c4db6,P10_N010_M010_R09_seed110101009.npz
P10_N010_M010_R10_seed110101010,10,10,10,10,110101010,paper_range_complete_draw_rejection,1,0,{},2,7358294ce8499a0b05ec5a68ffeb4c3d9c501b1a7b77be3a1a64d6993ba80326,P10_N010_M010_R10_seed110101010.npz
P10_N010_M010_R11_seed110101011,10,10,10,11,110101011,paper_range_complete_draw_rejection,1,0,{},10,bc51b1521cfe96bb49fca3ff3de02b1454c10cb17ecc491066d80bb41d042b92,P10_N010_M010_R11_seed110101011.npz
P10_N010_M010_R12_seed110101012,10,10,10,12,110101012,paper_range_complete_draw_rejection,1,0,{},8,a604ba77b0c89107b25199c1ed3c74b16bc12473a1bd635621a7e1d437f8892d,P10_N010_M010_R12_seed110101012.npz
P10_N010_M010_R13_seed110101013,10,10,10,13,110101013,paper_range_complete_draw_rejection,2,1,"{""constant_preference_probe"": 1, ""no_nonzero_unit_feasible_point"": 1}",2,7e222ef9a26d0bda593ca5f2f36d97ac950bc7ef3ca4827ec8ef0eb5f4d0988e,P10_N010_M010_R13_seed110101013.npz
P10_N010_M010_R14_seed110101014,10,10,10,14,110101014,paper_range_complete_draw_rejection,1,0,{},5,5fba285ce557a8c37f894c9c923df29b59e388d7a2a451e557a517a24b936b0b,P10_N010_M010_R14_seed110101014.npz
P10_N010_M010_R15_seed110101015,10,10,10,15,110101015,paper_range_complete_draw_rejection,1,0,{},7,0029d8834ee7bd76fd4803d1e84ad244d96a37c0e312ae209645acf7e0dd826a,P10_N010_M010_R15_seed110101015.npz
P10_N010_M010_R16_seed110101016,10,10,10,16,110101016,paper_range_complete_draw_rejection,1,0,{},10,79a0347ac16f1286af7fcb69c9a7661edea79a18d0ed275197cd323f8d778f98,P10_N010_M010_R16_seed110101016.npz
P10_N010_M010_R17_seed110101017,10,10,10,17,110101017,paper_range_complete_draw_rejection,2,1,"{""constant_preference_probe"": 1, ""no_nonzero_unit_feasible_point"": 1}",10,276c8ab19c4956a1457e71b1870b9c330b007c805f967bbf50edef9c15dfc095,P10_N010_M010_R17_seed110101017.npz
P10_N010_M010_R18_seed110101018,10,10,10,18,110101018,paper_range_complete_draw_rejection,1,0,{},2,7425a9aeccc3a3f527aefef2148f0b86b51a2a434a101d06d093bd357c57f639,P10_N010_M010_R18_seed110101018.npz
P10_N010_M010_R19_seed110101019,10,10,10,19,110101019,paper_range_complete_draw_rejection,1,0,{},10,1dcddf2c4c70ebd2bded0468d241cb408540ed41b5d0fe9b6d8237abd9153ae6,P10_N010_M010_R19_seed110101019.npz
P10_N010_M010_R20_seed110101020,10,10,10,20,110101020,paper_range_complete_draw_rejection,1,0,{},3,e5e03c71281d6abac728bc941c6d289dfa7d5ec98abaa2956507d0f2f1a0091d,P10_N010_M010_R20_seed110101020.npz
P10_N010_M010_R21_seed110101021,10,10,10,21,110101021,paper_range_complete_draw_rejection,1,0,{},10,b01c2d85b090864ba69ba4df60ca07c7af7d87d303090033501c0a34640b029e,P10_N010_M010_R21_seed110101021.npz
P10_N010_M010_R22_seed110101022,10,10,10,22,110101022,paper_range_complete_draw_rejection,1,0,{},9,64aacdc433e51ff0fafd40216795203ff14c05d2e3ccde53333ab9c61db8b628,P10_N010_M010_R22_seed110101022.npz
P10_N010_M010_R23_seed110101023,10,10,10,23,110101023,paper_range_complete_draw_rejection,1,0,{},5,0106ee95e40511582a89bf79524b8ce628f1596b54fbeaa68f0e5df8f09e8d33,P10_N010_M010_R23_seed110101023.npz
P10_N010_M010_R24_seed110101024,10,10,10,24,110101024,paper_range_complete_draw_rejection,2,1,"{""constant_preference_probe"": 1, ""no_nonzero_unit_feasible_point"": 1}",1,3bc52491700d8a34ffa36e5d75daa0fa268ad92e3db21e06091233b3c0db3c6f,P10_N010_M010_R24_seed110101024.npz
P10_N010_M010_R25_seed110101025,10,10,10,25,110101025,paper_range_complete_draw_rejection,1,0,{},1,95259631f41d3cdf040c67bcc505c7be341708e68166471fcf1a7d89c42938d5,P10_N010_M010_R25_seed110101025.npz
P10_N010_M010_R26_seed110101026,10,10,10,26,110101026,paper_range_complete_draw_rejection,1,0,{},2,819c2186626222de64551f78f2f09464d230e729654539aecf6bf40d4cb8f5c3,P10_N010_M010_R26_seed110101026.npz
P10_N010_M010_R27_seed110101027,10,10,10,27,110101027,paper_range_complete_draw_rejection,2,1,"{""constant_preference_probe"": 1, ""no_nonzero_unit_feasible_point"": 1}",1,748638f91a38d94d4840ee2461853a5099104b5dc3f81c17e29da2e5300619dd,P10_N010_M010_R27_seed110101027.npz
P10_N010_M010_R28_seed110101028,10,10,10,28,110101028,paper_range_complete_draw_rejection,1,0,{},2,715331bbeb550092616c10404a9b4169e93e3ebefddb69efde64024bfc0d7f2c,P10_N010_M010_R28_seed110101028.npz
P10_N010_M010_R29_seed110101029,10,10,10,29,110101029,paper_range_complete_draw_rejection,1,0,{},2,87b0181e374db3975b39a74c7496312f7e275b203a6c43fb87fa70e9288fe415,P10_N010_M010_R29_seed110101029.npz
P10_N010_M010_R30_seed110101030,10,10,10,30,110101030,paper_range_complete_draw_rejection,1,0,{},10,724f3499319f801c5feca8395891e5483475ef69ba43dae529452d9c11323ebb,P10_N010_M010_R30_seed110101030.npz
P10_N010_M020_R01_seed110102001,10,10,20,1,110102001,paper_range_complete_draw_rejection,1,0,{},2,b0b5ecd41aa2561fbd8b67135667f44cc77e856537cf04f4c433cd783989d353,P10_N010_M020_R01_seed110102001.npz
P10_N010_M020_R02_seed110102002,10,10,20,2,110102002,paper_range_complete_draw_rejection,1,0,{},1,798efff7674357165182ed056a89c828da4f947a6b0c1d166655fe55816fe52a,P10_N010_M020_R02_seed110102002.npz
P10_N010_M020_R03_seed110102003,10,10,20,3,110102003,paper_range_complete_draw_rejection,4,3,"{""constant_preference_probe"": 3, ""no_nonzero_unit_feasible_point"": 3}",1,de08c668ea44c8ad527b807b19ab8fe4ab347902b361a01fa9009154bf487b03,P10_N010_M020_R03_seed110102003.npz
P10_N010_M020_R04_seed110102004,10,10,20,4,110102004,paper_range_complete_draw_rejection,3,2,"{""constant_preference_probe"": 2, ""no_nonzero_unit_feasible_point"": 2}",1,61601e110ef5a701ed6199c0f5230054a471e8e7cd8f0e28bf5a263f52a4b4c0,P10_N010_M020_R04_seed110102004.npz
P10_N010_M020_R05_seed110102005,10,10,20,5,110102005,paper_range_complete_draw_rejection,2,1,"{""constant_preference_probe"": 1, ""no_nonzero_unit_feasible_point"": 1}",1,d5c24bbcbf3055e745afd09dfea95ed7e1838881afcc5db1125a016c5d5c29fe,P10_N010_M020_R05_seed110102005.npz
P10_N010_M020_R06_seed110102006,10,10,20,6,110102006,paper_range_complete_draw_rejection,1,0,{},1,3c5796f4c1b5100d706decbfe58c6051c6029ac987edacf61d1759ec549184dd,P10_N010_M020_R06_seed110102006.npz
P10_N010_M020_R07_seed110102007,10,10,20,7,110102007,paper_range_complete_draw_rejection,1,0,{},3,65254f5eda433f06be4c41dbdc887f0d41a4ca95acbb4096a6336e16075ce02f,P10_N010_M020_R07_seed110102007.npz
P10_N010_M020_R08_seed110102008,10,10,20,8,110102008,paper_range_complete_draw_rejection,1,0,{},5,42a20be40ddaa79175d2710150ab9b05cb036f31ac4e2d2e90a98e05a33f718e,P10_N010_M020_R08_seed110102008.npz
P10_N010_M020_R09_seed110102009,10,10,20,9,110102009,paper_range_complete_draw_rejection,2,1,"{""constant_preference_probe"": 1, ""no_nonzero_unit_feasible_point"": 1}",2,dab02a9b1cc85eb515233aa4a6a320e55ca80a95d4f198c59936037753c24629,P10_N010_M020_R09_seed110102009.npz
P10_N010_M020_R10_seed110102010,10,10,20,10,110102010,paper_range_complete_draw_rejection,1,0,{},7,046eefebb0376653af9a584165cddd9f34d0df79893c1fd3d0b5e55736b75da6,P10_N010_M020_R10_seed110102010.npz
P10_N010_M020_R11_seed110102011,10,10,20,11,110102011,paper_range_complete_draw_rejection,2,1,"{""constant_preference_probe"": 1, ""no_nonzero_unit_feasible_point"": 1}",2,13dad4c75a3778c1275b92044c92523925be2949cbc50fed7b6839e51c7185db,P10_N010_M020_R11_seed110102011.npz
P10_N010_M020_R12_seed110102012,10,10,20,12,110102012,paper_range_complete_draw_rejection,1,0,{},1,262dde0bf39dd082bf44b41d80eaee02c4835dc2690264cd11efb421ef1beb2c,P10_N010_M020_R12_seed110102012.npz
P10_N010_M020_R13_seed110102013,10,10,20,13,110102013,paper_range_complete_draw_rejection,1,0,{},2,fc6f61b6918792723c65880df88edf16db993eb70acc0e83907b927889ef7f4d,P10_N010_M020_R13_seed110102013.npz
P10_N010_M020_R14_seed110102014,10,10,20,14,110102014,paper_range_complete_draw_rejection,2,1,"{""constant_preference_probe"": 1, ""no_nonzero_unit_feasible_point"": 1}",2,b7353c29efa702cec3cce935e56d9d5b9adf47eb4bb309ebbf0d5e6a25aa71d9,P10_N010_M020_R14_seed110102014.npz
P10_N010_M020_R15_seed110102015,10,10,20,15,110102015,paper_range_complete_draw_rejection,3,2,"{""constant_preference_probe"": 2, ""no_nonzero_unit_feasible_point"": 2}",2,8c95d5f443c287148437f153a9a384bdc85d223026c4f3c20751e1e67d38c77f,P10_N010_M020_R15_seed110102015.npz
P10_N010_M020_R16_seed110102016,10,10,20,16,110102016,paper_range_complete_draw_rejection,1,0,{},1,98f17ae00701f7215e2e9ed12f5ac45aa97c038509e9a42f542a9d8609c658fc,P10_N010_M020_R16_seed110102016.npz
P10_N010_M020_R17_seed110102017,10,10,20,17,110102017,paper_range_complete_draw_rejection,2,1,"{""constant_preference_probe"": 1, ""no_nonzero_unit_feasible_point"": 1}",1,f376de881210045912d7c35184c2694aec1e82dde9bb8179ce19380398c7b63a,P10_N010_M020_R17_seed110102017.npz
P10_N010_M020_R18_seed110102018,10,10,20,18,110102018,paper_range_complete_draw_rejection,1,0,{},1,20162d897665c5bbd68fc9c26a373e31eb6e1b01cebf9997f8d523e33000233b,P10_N010_M020_R18_seed110102018.npz
P10_N010_M020_R19_seed110102019,10,10,20,19,110102019,paper_range_complete_draw_rejection,3,2,"{""constant_preference_probe"": 2, ""no_nonzero_unit_feasible_point"": 2}",1,6f8787e97bf5654bfcb7578f43e65f2699b65ec3a0105ddcb838319b2ab2177c,P10_N010_M020_R19_seed110102019.npz
P10_N010_M020_R20_seed110102020,10,10,20,20,110102020,paper_range_complete_draw_rejection,1,0,{},2,fdb7d31519be868878fdd6cae38a43c40f878125bffda0f392c92746d26c184d,P10_N010_M020_R20_seed110102020.npz
P10_N010_M020_R21_seed110102021,10,10,20,21,110102021,paper_range_complete_draw_rejection,1,0,{},2,27945a727c7fa5e686a967a138141f04537240318d74bf7a9690735405243bdc,P10_N010_M020_R21_seed110102021.npz
P10_N010_M020_R22_seed110102022,10,10,20,22,110102022,paper_range_complete_draw_rejection,2,1,"{""constant_preference_probe"": 1, ""no_nonzero_unit_feasible_point"": 1}",2,44d39770ffddc72b39ba7b7db5be98fa200e75a4a4ef0ff3e7ac341ec1863a66,P10_N010_M020_R22_seed110102022.npz
P10_N010_M020_R23_seed110102023,10,10,20,23,110102023,paper_range_complete_draw_rejection,2,1,"{""constant_preference_probe"": 1, ""no_nonzero_unit_feasible_point"": 1}",7,3460231b1bc65aa1d0967f57a1519a18a825d68d897770907d0dca357f3c4f3c,P10_N010_M020_R23_seed110102023.npz
P10_N010_M020_R24_seed110102024,10,10,20,24,110102024,paper_range_complete_draw_rejection,3,2,"{""constant_preference_probe"": 2, ""no_nonzero_unit_feasible_point"": 2}",2,d375c014f06aafe99c8f5dddf1f0ab93b2f89937a1f151e7fc77f642cbe9bacd,P10_N010_M020_R24_seed110102024.npz
P10_N010_M020_R25_seed110102025,10,10,20,25,110102025,paper_range_complete_draw_rejection,3,2,"{""constant_preference_probe"": 2, ""no_nonzero_unit_feasible_point"": 2}",2,96938a0706cf4fc0f4217607d9f2563a9e5adeb1dd530ca617c929e79da5a5b6,P10_N010_M020_R25_seed110102025.npz
P10_N010_M020_R26_seed110102026,10,10,20,26,110102026,paper_range_complete_draw_rejection,2,1,"{""constant_preference_probe"": 1, ""no_nonzero_unit_feasible_point"": 1}",1,3d6d6bc3a0d341d6d1278bf4728dda547c3d13c360516cdad524a2a1e38befab,P10_N010_M020_R26_seed110102026.npz
P10_N010_M020_R27_seed110102027,10,10,20,27,110102027,paper_range_complete_draw_rejection,2,1,"{""constant_preference_probe"": 1, ""no_nonzero_unit_feasible_point"": 1}",2,288e9b637eb1b92634a0b68da6ee4667f609ba50e2b72c4ca4527ccb67cdd209,P10_N010_M020_R27_seed110102027.npz
P10_N010_M020_R28_seed110102028,10,10,20,28,110102028,paper_range_complete_draw_rejection,5,4,"{""constant_preference_probe"": 4, ""no_nonzero_unit_feasible_point"": 4}",6,9d98dc8e5c05cbaf0c3b2d5111a9475b616309bf90b029ad3028ee22bdef8bdd,P10_N010_M020_R28_seed110102028.npz
P10_N010_M020_R29_seed110102029,10,10,20,29,110102029,paper_range_complete_draw_rejection,1,0,{},2,edecff2f48b02d882e1bcbefbf3ded3ba0ad25f6560d404b2cb95dc807ca2204,P10_N010_M020_R29_seed110102029.npz
P10_N010_M020_R30_seed110102030,10,10,20,30,110102030,paper_range_complete_draw_rejection,2,1,"{""constant_preference_probe"": 1, ""no_nonzero_unit_feasible_point"": 1}",6,8feb75f2264bfb32ee56d1b057557248c1d82be008ca77529497212f4cdcf833,P10_N010_M020_R30_seed110102030.npz
P10_N010_M030_R01_seed110103001,10,10,30,1,110103001,paper_range_complete_draw_rejection,7,6,"{""constant_preference_probe"": 6, ""no_nonzero_unit_feasible_point"": 6}",1,d7e51df689ea06bc2bc2e85d0d141d91662c45dd9c8dfca6ae1bc8a2cedcd90c,P10_N010_M030_R01_seed110103001.npz
P10_N010_M030_R02_seed110103002,10,10,30,2,110103002,paper_range_complete_draw_rejection,2,1,"{""constant_preference_probe"": 1, ""no_nonzero_unit_feasible_point"": 1}",1,b399d8d161ee6561f211b964d06528a9864fc120bf5b425df6c03fa195f2a9f1,P10_N010_M030_R02_seed110103002.npz
P10_N010_M030_R03_seed110103003,10,10,30,3,110103003,paper_range_complete_draw_rejection,3,2,"{""constant_preference_probe"": 2, ""no_nonzero_unit_feasible_point"": 2}",1,3ea0b129dbf820a92829f93c01227c6b914ad1953774088c7e147c3e68cc9c51,P10_N010_M030_R03_seed110103003.npz
P10_N010_M030_R04_seed110103004,10,10,30,4,110103004,paper_range_complete_draw_rejection,2,1,"{""constant_preference_probe"": 1, ""no_nonzero_unit_feasible_point"": 1}",6,0403404d5a48d40f66f2d06c9ce3c8d4e01656d8f7feb61895284cab0622b3d2,P10_N010_M030_R04_seed110103004.npz
P10_N010_M030_R05_seed110103005,10,10,30,5,110103005,paper_range_complete_draw_rejection,1,0,{},1,90f06c6f78d71f9a8fe6110f49ee850fc729985988f5ac7872e218d9b6c1cf23,P10_N010_M030_R05_seed110103005.npz
P10_N010_M030_R06_seed110103006,10,10,30,6,110103006,paper_range_complete_draw_rejection,3,2,"{""constant_preference_probe"": 2, ""no_nonzero_unit_feasible_point"": 2}",1,e6a551d6cef2814ad5ad8d3dcb3e508134216084a97c67c0b33666bd09f1970a,P10_N010_M030_R06_seed110103006.npz
P10_N010_M030_R07_seed110103007,10,10,30,7,110103007,paper_range_complete_draw_rejection,14,13,"{""constant_preference_probe"": 13, ""no_nonzero_unit_feasible_point"": 13}",1,f7ad35755d10fd68f09031559b97f22fa71c42999a1f7147eddfde60680b85b0,P10_N010_M030_R07_seed110103007.npz
P10_N010_M030_R08_seed110103008,10,10,30,8,110103008,paper_range_complete_draw_rejection,1,0,{},4,8a48c0b6554d343936eb901a83c8ee4b608e4d28f5b98de2af06474a09e74d3e,P10_N010_M030_R08_seed110103008.npz
P10_N010_M030_R09_seed110103009,10,10,30,9,110103009,paper_range_complete_draw_rejection,9,8,"{""constant_preference_probe"": 8, ""no_nonzero_unit_feasible_point"": 8}",1,e2366c3d3f717aca7dfd49ad9c9d4d3184e74ec49d2f3a93fcc35b93f961da96,P10_N010_M030_R09_seed110103009.npz
P10_N010_M030_R10_seed110103010,10,10,30,10,110103010,paper_range_complete_draw_rejection,1,0,{},5,69dbbcf80b0024cf6ead0880578246e13ab01b2da4b8a91f3eea02491a01a8b3,P10_N010_M030_R10_seed110103010.npz
P10_N010_M030_R11_seed110103011,10,10,30,11,110103011,paper_range_complete_draw_rejection,14,13,"{""constant_preference_probe"": 13, ""no_nonzero_unit_feasible_point"": 13}",1,2d6c854978786480a2da1514b2479b2bf95938411643606489e094c13a3bca90,P10_N010_M030_R11_seed110103011.npz
P10_N010_M030_R12_seed110103012,10,10,30,12,110103012,paper_range_complete_draw_rejection,1,0,{},1,df201e360f54a73c2879e93bb06cacee73475e94649d5daf32cd91e748ca52b9,P10_N010_M030_R12_seed110103012.npz
P10_N010_M030_R13_seed110103013,10,10,30,13,110103013,paper_range_complete_draw_rejection,2,1,"{""constant_preference_probe"": 1, ""no_nonzero_unit_feasible_point"": 1}",1,7c32b70c548c1c760b52e74cef406a10f71c9b4ba2012e6dfa65b2af9d9edb0e,P10_N010_M030_R13_seed110103013.npz
P10_N010_M030_R14_seed110103014,10,10,30,14,110103014,paper_range_complete_draw_rejection,6,5,"{""constant_preference_probe"": 5, ""no_nonzero_unit_feasible_point"": 5}",1,f8c9c6fc2725d38f78b2a5c376c5c47c581db06af4cc2bd73c47db9736795802,P10_N010_M030_R14_seed110103014.npz
P10_N010_M030_R15_seed110103015,10,10,30,15,110103015,paper_range_complete_draw_rejection,7,6,"{""constant_preference_probe"": 6, ""no_nonzero_unit_feasible_point"": 6}",2,e0a19ba0d98057c821b17eb628d3927d7cca3829c7cf1c5706714072b6ebafac,P10_N010_M030_R15_seed110103015.npz
P10_N010_M030_R16_seed110103016,10,10,30,16,110103016,paper_range_complete_draw_rejection,1,0,{},2,844875f72cf9f8985090f9084006b5b163d999d78d9261ccfc8c47a393819f03,P10_N010_M030_R16_seed110103016.npz
P10_N010_M030_R17_seed110103017,10,10,30,17,110103017,paper_range_complete_draw_rejection,1,0,{},1,6d652b23cbf839228329bd6277f23e630618324746b64f582a1f85088a8238e5,P10_N010_M030_R17_seed110103017.npz
P10_N010_M030_R18_seed110103018,10,10,30,18,110103018,paper_range_complete_draw_rejection,1,0,{},1,b62dee8168cbe382821495d9e9bd9a0d1d76f755ecb61686930f11554da982c1,P10_N010_M030_R18_seed110103018.npz
P10_N010_M030_R19_seed110103019,10,10,30,19,110103019,paper_range_complete_draw_rejection,3,2,"{""constant_preference_probe"": 2, ""no_nonzero_unit_feasible_point"": 2}",2,53d66c506881825532a9751e72070d84db4f9aadc5a30b8e315f497d4aec00a6,P10_N010_M030_R19_seed110103019.npz
P10_N010_M030_R20_seed110103020,10,10,30,20,110103020,paper_range_complete_draw_rejection,4,3,"{""constant_preference_probe"": 3, ""no_nonzero_unit_feasible_point"": 3}",1,1f07864d7d20b323093f9787b21e1306ba80ce79885ecd5bcc438614ca8bdd9c,P10_N010_M030_R20_seed110103020.npz
P10_N010_M030_R21_seed110103021,10,10,30,21,110103021,paper_range_complete_draw_rejection,2,1,"{""constant_preference_probe"": 1, ""no_nonzero_unit_feasible_point"": 1}",1,716ab39c5fa2899d8d93e48153be4bcc095341eb3d3e97fe6f99d57bab69410f,P10_N010_M030_R21_seed110103021.npz
P10_N010_M030_R22_seed110103022,10,10,30,22,110103022,paper_range_complete_draw_rejection,2,1,"{""constant_preference_probe"": 1, ""no_nonzero_unit_feasible_point"": 1}",1,0dc6147be121ebeab883f2f29adc85c0c7d16ae7091a2a8e89b5dffee5834aaf,P10_N010_M030_R22_seed110103022.npz
P10_N010_M030_R23_seed110103023,10,10,30,23,110103023,paper_range_complete_draw_rejection,2,1,"{""constant_preference_probe"": 1, ""no_nonzero_unit_feasible_point"": 1}",2,7842abebdad33a8f7094ff0bfc6fead26890a10b3b8b0c921937a0295216afaf,P10_N010_M030_R23_seed110103023.npz
P10_N010_M030_R24_seed110103024,10,10,30,24,110103024,paper_range_complete_draw_rejection,12,11,"{""constant_preference_probe"": 11, ""no_nonzero_unit_feasible_point"": 11}",1,9e4295838e9ec7b405a45f91670f870e03f831563ca0f79640d295b3c27da5e5,P10_N010_M030_R24_seed110103024.npz
P10_N010_M030_R25_seed110103025,10,10,30,25,110103025,paper_range_complete_draw_rejection,2,1,"{""constant_preference_probe"": 1, ""no_nonzero_unit_feasible_point"": 1}",1,b1c887c7af7e0ad5f6ef2bf7e9232333ca893492a289ef04a089cea083c6f5be,P10_N010_M030_R25_seed110103025.npz
P10_N010_M030_R26_seed110103026,10,10,30,26,110103026,paper_range_complete_draw_rejection,1,0,{},1,4e55dfd9c6afcbba00316573d3d982fc1e54205cb50bad5973bbc1768f150eb0,P10_N010_M030_R26_seed110103026.npz
P10_N010_M030_R27_seed110103027,10,10,30,27,110103027,paper_range_complete_draw_rejection,1,0,{},5,846418b28d696eb1530f28c20d01160792c29209baa8499cc53da4606921570e,P10_N010_M030_R27_seed110103027.npz
P10_N010_M030_R28_seed110103028,10,10,30,28,110103028,paper_range_complete_draw_rejection,2,1,"{""constant_preference_probe"": 1, ""no_nonzero_unit_feasible_point"": 1}",1,17333615854dfda2ca253aeb4201582775ca12424396d89f8e11ddcf17902e40,P10_N010_M030_R28_seed110103028.npz
P10_N010_M030_R29_seed110103029,10,10,30,29,110103029,paper_range_complete_draw_rejection,9,8,"{""constant_preference_probe"": 8, ""no_nonzero_unit_feasible_point"": 8}",1,4b6d0971254345643b77d6eab38be2e594cc8c0e5388c7d2e654824f9148af4f,P10_N010_M030_R29_seed110103029.npz
P10_N010_M030_R30_seed110103030,10,10,30,30,110103030,paper_range_complete_draw_rejection,4,3,"{""constant_preference_probe"": 3, ""no_nonzero_unit_feasible_point"": 3}",8,f7dc3ca2bcddcf8244ad42d1c6239805ea2f0ab3e8f838b0459cbbd9e3f63b13,P10_N010_M030_R30_seed110103030.npz
P10_N010_M050_R01_seed110105001,10,10,50,1,110105001,paper_range_complete_draw_rejection,60,59,"{""constant_preference_probe"": 59, ""no_nonzero_unit_feasible_point"": 59}",1,da15264cf9dc6d58570bb8003034b403f7dd4d963a6c90be3ddec0658ee63e64,P10_N010_M050_R01_seed110105001.npz
P10_N010_M050_R02_seed110105002,10,10,50,2,110105002,paper_range_complete_draw_rejection,15,14,"{""constant_preference_probe"": 14, ""no_nonzero_unit_feasible_point"": 14}",1,568c7adea07e0453cbb861260d3c167adf407d089ef9a0bfc25b2e4625716755,P10_N010_M050_R02_seed110105002.npz
P10_N010_M050_R03_seed110105003,10,10,50,3,110105003,paper_range_complete_draw_rejection,8,7,"{""constant_preference_probe"": 7, ""no_nonzero_unit_feasible_point"": 7}",1,34e7a02defb63859e320a951d862de4dad11495e06a66afaba9475d944a1a7ec,P10_N010_M050_R03_seed110105003.npz
P10_N010_M050_R04_seed110105004,10,10,50,4,110105004,paper_range_complete_draw_rejection,23,22,"{""constant_preference_probe"": 22, ""no_nonzero_unit_feasible_point"": 22}",1,5b0faff937ee18ed723d09c0fba66531b31107442ac2e7cd30757cc73fce55f6,P10_N010_M050_R04_seed110105004.npz
P10_N010_M050_R05_seed110105005,10,10,50,5,110105005,paper_range_complete_draw_rejection,41,40,"{""constant_preference_probe"": 40, ""no_nonzero_unit_feasible_point"": 40}",1,681861bce4e63d41f14ab288e62577328b82923acbf22d522ec62a4690be6b91,P10_N010_M050_R05_seed110105005.npz
P10_N010_M050_R06_seed110105006,10,10,50,6,110105006,paper_range_complete_draw_rejection,15,14,"{""constant_preference_probe"": 14, ""no_nonzero_unit_feasible_point"": 14}",2,b581bae7e0c0ea1fe33be72342173807f8dbb8fee2e1dd4d88f81888e98f7e0e,P10_N010_M050_R06_seed110105006.npz
P10_N010_M050_R07_seed110105007,10,10,50,7,110105007,paper_range_complete_draw_rejection,16,15,"{""constant_preference_probe"": 15, ""no_nonzero_unit_feasible_point"": 15}",2,658a94c4c3212288b6d5755fb2e2e356b90baff0b3c8037f66681622d98587e0,P10_N010_M050_R07_seed110105007.npz
P10_N010_M050_R08_seed110105008,10,10,50,8,110105008,paper_range_complete_draw_rejection,11,10,"{""constant_preference_probe"": 10, ""no_nonzero_unit_feasible_point"": 10}",2,789196c831ba4f6cf8205dc26e055ac2d510cee66686bfbdcc637d9259cb0b6b,P10_N010_M050_R08_seed110105008.npz
P10_N010_M050_R09_seed110105009,10,10,50,9,110105009,paper_range_complete_draw_rejection,17,16,"{""constant_preference_probe"": 16, ""no_nonzero_unit_feasible_point"": 16}",1,10a54e2e38968138bc9b5ab52c6689e29b7b7cb1e81e7af69967659d41f085c1,P10_N010_M050_R09_seed110105009.npz
P10_N010_M050_R10_seed110105010,10,10,50,10,110105010,paper_range_complete_draw_rejection,10,9,"{""constant_preference_probe"": 9, ""no_nonzero_unit_feasible_point"": 9}",1,6a6c89de40d1091c7a36b989b48ccf681e62b5aeaa931167010f1f1be19bef76,P10_N010_M050_R10_seed110105010.npz
P10_N010_M050_R11_seed110105011,10,10,50,11,110105011,paper_range_complete_draw_rejection,58,57,"{""constant_preference_probe"": 57, ""no_nonzero_unit_feasible_point"": 57}",1,7fc52248bf3ec9238eaf177bab429b60261761c9fb9d6448b2dd2c25ad8d53a8,P10_N010_M050_R11_seed110105011.npz
P10_N010_M050_R12_seed110105012,10,10,50,12,110105012,paper_range_complete_draw_rejection,64,63,"{""constant_preference_probe"": 63, ""no_nonzero_unit_feasible_point"": 63}",1,daf0cbe2ef80cad840c35c48c7f5bdb5152c4247e6ccbda10774524d0f5b7658,P10_N010_M050_R12_seed110105012.npz
P10_N010_M050_R13_seed110105013,10,10,50,13,110105013,paper_range_complete_draw_rejection,20,19,"{""constant_preference_probe"": 19, ""no_nonzero_unit_feasible_point"": 19}",3,8d62a9c2bc71854fa34821247e3e63d78ecd98a5292f1aaa0e3106fac62507b4,P10_N010_M050_R13_seed110105013.npz
P10_N010_M050_R14_seed110105014,10,10,50,14,110105014,paper_range_complete_draw_rejection,6,5,"{""constant_preference_probe"": 5, ""no_nonzero_unit_feasible_point"": 5}",1,7aa74572e03a32b04c0ae66a88d8e44e3251b64d71f5f70c38458b54a9d25e63,P10_N010_M050_R14_seed110105014.npz
P10_N010_M050_R15_seed110105015,10,10,50,15,110105015,paper_range_complete_draw_rejection,47,46,"{""constant_preference_probe"": 46, ""no_nonzero_unit_feasible_point"": 46}",1,82a4550912447195b368cedb4810dfde1ab180834d7c59791dfc7e0cc91404f6,P10_N010_M050_R15_seed110105015.npz
P10_N010_M050_R16_seed110105016,10,10,50,16,110105016,paper_range_complete_draw_rejection,14,13,"{""constant_preference_probe"": 13, ""no_nonzero_unit_feasible_point"": 13}",2,c959bd88dede82a3d25b243ec094e5da03aedee9cebdb69487384c4504253364,P10_N010_M050_R16_seed110105016.npz
P10_N010_M050_R17_seed110105017,10,10,50,17,110105017,paper_range_complete_draw_rejection,1,0,{},1,072cfc17bd2c2a5b7ac898d4a8c9e55957dc149293a783a64adbaaf739005ef5,P10_N010_M050_R17_seed110105017.npz
P10_N010_M050_R18_seed110105018,10,10,50,18,110105018,paper_range_complete_draw_rejection,52,51,"{""constant_preference_probe"": 51, ""no_nonzero_unit_feasible_point"": 51}",4,58fec16026730392f21fd6e3b301072a9f6aec4f411f9080a42cbad8d580f446,P10_N010_M050_R18_seed110105018.npz
P10_N010_M050_R19_seed110105019,10,10,50,19,110105019,paper_range_complete_draw_rejection,47,46,"{""constant_preference_probe"": 46, ""no_nonzero_unit_feasible_point"": 46}",3,563da6ec4a7a75b6885b33af349c1d503843a71a1b1cd2c9a0288096456e44e5,P10_N010_M050_R19_seed110105019.npz
P10_N010_M050_R20_seed110105020,10,10,50,20,110105020,paper_range_complete_draw_rejection,8,7,"{""constant_preference_probe"": 7, ""no_nonzero_unit_feasible_point"": 7}",1,8d582ed2d5cdb7f668c9537f15534e0fc69e297f6a3e334a0efe9fdc95ecf840,P10_N010_M050_R20_seed110105020.npz
P10_N010_M050_R21_seed110105021,10,10,50,21,110105021,paper_range_complete_draw_rejection,4,3,"{""constant_preference_probe"": 3, ""no_nonzero_unit_feasible_point"": 3}",1,baa30e8814b4078e2bc454e4e582397ae666ebd931e270a458ff31a467652197,P10_N010_M050_R21_seed110105021.npz
P10_N010_M050_R22_seed110105022,10,10,50,22,110105022,paper_range_complete_draw_rejection,35,34,"{""constant_preference_probe"": 34, ""no_nonzero_unit_feasible_point"": 34}",1,d91681b6c10b1bd00ef9bf9ac708a98b803f54e17d9c9184fd48e643ce2761ff,P10_N010_M050_R22_seed110105022.npz
P10_N010_M050_R23_seed110105023,10,10,50,23,110105023,paper_range_complete_draw_rejection,6,5,"{""constant_preference_probe"": 5, ""no_nonzero_unit_feasible_point"": 5}",1,bc42779b3e4120db91ccd822b46a5e3d5e1671137c441b6331af7788a1d2b155,P10_N010_M050_R23_seed110105023.npz
P10_N010_M050_R24_seed110105024,10,10,50,24,110105024,paper_range_complete_draw_rejection,7,6,"{""constant_preference_probe"": 6, ""no_nonzero_unit_feasible_point"": 6}",2,85ffa1e7765c1f6859474af35fbfc48ce9ea2cd5142bb432c1c68d1eb53c9031,P10_N010_M050_R24_seed110105024.npz
P10_N010_M050_R25_seed110105025,10,10,50,25,110105025,paper_range_complete_draw_rejection,9,8,"{""constant_preference_probe"": 8, ""no_nonzero_unit_feasible_point"": 8}",1,e0135ccd74dcce5cf52b18362e8f5b282e89ecb5d374be72db5c3662a382b84c,P10_N010_M050_R25_seed110105025.npz
P10_N010_M050_R26_seed110105026,10,10,50,26,110105026,paper_range_complete_draw_rejection,8,7,"{""constant_preference_probe"": 7, ""no_nonzero_unit_feasible_point"": 7}",2,0fbf8dca6151f779db4361985d073706cf0c453efa1af7f53d52450b2d9a2d9e,P10_N010_M050_R26_seed110105026.npz
P10_N010_M050_R27_seed110105027,10,10,50,27,110105027,paper_range_complete_draw_rejection,18,17,"{""constant_preference_probe"": 17, ""no_nonzero_unit_feasible_point"": 17}",1,53ee86537264866f157f5ad26bc7480598e0b07f6d10eeddcd108c0e4aa316a4,P10_N010_M050_R27_seed110105027.npz
P10_N010_M050_R28_seed110105028,10,10,50,28,110105028,paper_range_complete_draw_rejection,73,72,"{""constant_preference_probe"": 72, ""no_nonzero_unit_feasible_point"": 72}",1,f857a89192d26ce141f7eff4c8c6aad3ccccab50c43695cb9b04ae640670d40b,P10_N010_M050_R28_seed110105028.npz
P10_N010_M050_R29_seed110105029,10,10,50,29,110105029,paper_range_complete_draw_rejection,49,48,"{""constant_preference_probe"": 48, ""no_nonzero_unit_feasible_point"": 48}",1,db8a2b88cb68516f9735d9eed05d71d8ba6c9add83bce853cdc51f31f1bc4dab,P10_N010_M050_R29_seed110105029.npz
P10_N010_M050_R30_seed110105030,10,10,50,30,110105030,paper_range_complete_draw_rejection,35,34,"{""constant_preference_probe"": 34, ""no_nonzero_unit_feasible_point"": 34}",4,ee20375733fa946bb7415970f3a2ed14231c47cd4b1e4acf229f7170488dcb05,P10_N010_M050_R30_seed110105030.npz
P10_N020_M010_R01_seed110201001,10,20,10,1,110201001,paper_range_complete_draw_rejection,1,0,{},10,763bcb353261a13f3dcb41eda377f9605a099bc0dab2ff1d892ac1e9d5a95c02,P10_N020_M010_R01_seed110201001.npz
P10_N020_M010_R02_seed110201002,10,20,10,2,110201002,paper_range_complete_draw_rejection,1,0,{},8,b156fa49033b6c32f24f54875e51f1b88a9b56fb3412a9329d5fef8c857aade2,P10_N020_M010_R02_seed110201002.npz
P10_N020_M010_R03_seed110201003,10,20,10,3,110201003,paper_range_complete_draw_rejection,2,1,"{""constant_preference_probe"": 1, ""no_nonzero_unit_feasible_point"": 1}",1,a2e6c58fd09498af3f30a737fd71853fd017996ac9967d17f39ca2b58d3f7a69,P10_N020_M010_R03_seed110201003.npz
P10_N020_M010_R04_seed110201004,10,20,10,4,110201004,paper_range_complete_draw_rejection,1,0,{},4,dda096759d817df18a504cec3c7a28aee3ea321207863ca5009c08e8fed4e5f6,P10_N020_M010_R04_seed110201004.npz
P10_N020_M010_R05_seed110201005,10,20,10,5,110201005,paper_range_complete_draw_rejection,1,0,{},14,6667d27eeb76a556535e010be4e3ae3747f9c354c6f633bb00ed76847422df20,P10_N020_M010_R05_seed110201005.npz
P10_N020_M010_R06_seed110201006,10,20,10,6,110201006,paper_range_complete_draw_rejection,1,0,{},1,982695f4239ad87c34070aa1dc5862663793787eba4f0ca89c29729f48fc17c6,P10_N020_M010_R06_seed110201006.npz
P10_N020_M010_R07_seed110201007,10,20,10,7,110201007,paper_range_complete_draw_rejection,1,0,{},13,a7e893fe03594d87cdd610ca9513d33c0e1c8794b80fc725a92fe212b3c03045,P10_N020_M010_R07_seed110201007.npz
P10_N020_M010_R08_seed110201008,10,20,10,8,110201008,paper_range_complete_draw_rejection,1,0,{},1,5323f1a1c70b058c33780db13a64423a84af114f7b0e0e905995f95e75d70e13,P10_N020_M010_R08_seed110201008.npz
P10_N020_M010_R09_seed110201009,10,20,10,9,110201009,paper_range_complete_draw_rejection,1,0,{},5,07f1c5ab0fd2290ab6a5f236dca78d7d6584b28cabe701afbb91cd100da53edc,P10_N020_M010_R09_seed110201009.npz
P10_N020_M010_R10_seed110201010,10,20,10,10,110201010,paper_range_complete_draw_rejection,1,0,{},17,13ca32d5e224fbb290ee2812368f00a9ac322094b57b1acb213676bc1864811b,P10_N020_M010_R10_seed110201010.npz
P10_N020_M010_R11_seed110201011,10,20,10,11,110201011,paper_range_complete_draw_rejection,2,1,"{""constant_preference_probe"": 1, ""no_nonzero_unit_feasible_point"": 1}",2,d0acce1b5eae12cb0b49f88be1ba8fafd4044b9fa9d3c7cea43e6af01711fce2,P10_N020_M010_R11_seed110201011.npz
P10_N020_M010_R12_seed110201012,10,20,10,12,110201012,paper_range_complete_draw_rejection,1,0,{},8,a1014aa7bd19a10cbac8e43a66f7c1bedbc2615ef876a4d7047ac3aa4e717b44,P10_N020_M010_R12_seed110201012.npz
P10_N020_M010_R13_seed110201013,10,20,10,13,110201013,paper_range_complete_draw_rejection,1,0,{},20,cc188406e5d26097ca35b158373f7bf35792ba1381a94898529aadb7dd9e4d34,P10_N020_M010_R13_seed110201013.npz
P10_N020_M010_R14_seed110201014,10,20,10,14,110201014,paper_range_complete_draw_rejection,1,0,{},20,31ea36b57b6390590981725a835459d93e8c349f4a145388cc1b66bf94cd2155,P10_N020_M010_R14_seed110201014.npz
P10_N020_M010_R15_seed110201015,10,20,10,15,110201015,paper_range_complete_draw_rejection,1,0,{},18,1188603b89c2ecaf59fc71065a5188bd050dba10fb3d2e223d0510adf5288165,P10_N020_M010_R15_seed110201015.npz
P10_N020_M010_R16_seed110201016,10,20,10,16,110201016,paper_range_complete_draw_rejection,1,0,{},5,f1d1bab801c25852c3ffdbda0d3dae3027107a4066d94f59b5cd1c1fb8553445,P10_N020_M010_R16_seed110201016.npz
P10_N020_M010_R17_seed110201017,10,20,10,17,110201017,paper_range_complete_draw_rejection,1,0,{},3,ea0098117b082d93a26d4452796e373060576916442579d7d5e43d4c3eef3c60,P10_N020_M010_R17_seed110201017.npz
P10_N020_M010_R18_seed110201018,10,20,10,18,110201018,paper_range_complete_draw_rejection,1,0,{},20,9082e211127636c58c2f330f41cfab5b2360525a5e9d5d455d51417b4af656ad,P10_N020_M010_R18_seed110201018.npz
P10_N020_M010_R19_seed110201019,10,20,10,19,110201019,paper_range_complete_draw_rejection,1,0,{},20,9f2066f8971f60388e6d8b10e036e55eaa1391f8b1aea5a72a787d79a4cf48ca,P10_N020_M010_R19_seed110201019.npz
P10_N020_M010_R20_seed110201020,10,20,10,20,110201020,paper_range_complete_draw_rejection,1,0,{},13,7c4c0fc616eb2875e39d613fba66064618801c08cfefefcc3a84da397754371f,P10_N020_M010_R20_seed110201020.npz
P10_N020_M010_R21_seed110201021,10,20,10,21,110201021,paper_range_complete_draw_rejection,1,0,{},20,b01e595816d5a0fdb8af66b2d0a2b15fe660ed0a6cfaa4a5f11856a14a906798,P10_N020_M010_R21_seed110201021.npz
P10_N020_M010_R22_seed110201022,10,20,10,22,110201022,paper_range_complete_draw_rejection,1,0,{},9,7d79598d0e7517b1b4f6fe480d53556ebd092c08378cdbb3c1cdba861f091c21,P10_N020_M010_R22_seed110201022.npz
P10_N020_M010_R23_seed110201023,10,20,10,23,110201023,paper_range_complete_draw_rejection,1,0,{},3,74bd91fd930e6e413fa5c58e6d6d8aaef93638ebb8db7c1b5b81413f5c6dc246,P10_N020_M010_R23_seed110201023.npz
P10_N020_M010_R24_seed110201024,10,20,10,24,110201024,paper_range_complete_draw_rejection,1,0,{},9,ce55eb1fce2285897e52db770a6d297769f1b190a0ed7e544bcbcc62625de9ac,P10_N020_M010_R24_seed110201024.npz
P10_N020_M010_R25_seed110201025,10,20,10,25,110201025,paper_range_complete_draw_rejection,1,0,{},10,0b1c81845a10d751b8f87d6c140f6289d043e2639ae1a210ef90f38715ae052d,P10_N020_M010_R25_seed110201025.npz
P10_N020_M010_R26_seed110201026,10,20,10,26,110201026,paper_range_complete_draw_rejection,1,0,{},20,6b8fabec93f8c10e122b27217eb9a3785b077c63d8825771cb034b93544d2dde,P10_N020_M010_R26_seed110201026.npz
P10_N020_M010_R27_seed110201027,10,20,10,27,110201027,paper_range_complete_draw_rejection,1,0,{},19,d6ef0c98a03bc249b3ee47cf88ba85147232ef63867b7682ddec204583e247c9,P10_N020_M010_R27_seed110201027.npz
P10_N020_M010_R28_seed110201028,10,20,10,28,110201028,paper_range_complete_draw_rejection,1,0,{},10,e71abcbe65380a69c85a34ee80cb7713dc9e226559e3c5dbabdadfca71702c4d,P10_N020_M010_R28_seed110201028.npz
P10_N020_M010_R29_seed110201029,10,20,10,29,110201029,paper_range_complete_draw_rejection,1,0,{},10,5880ee382ae61b853235f94b294246bdcf32ef299a555b0f65183090404037d6,P10_N020_M010_R29_seed110201029.npz
P10_N020_M010_R30_seed110201030,10,20,10,30,110201030,paper_range_complete_draw_rejection,1,0,{},2,7c2a70c03688166d00e3f3490d9d0b846410a70654dc5e8469fb67fb9911bc1b,P10_N020_M010_R30_seed110201030.npz
P10_N020_M020_R01_seed110202001,10,20,20,1,110202001,paper_range_complete_draw_rejection,1,0,{},3,159277f38cb9ec111d3dd5aa83ab185c3191ed48405071d29451ed6a3ca6834a,P10_N020_M020_R01_seed110202001.npz
P10_N020_M020_R02_seed110202002,10,20,20,2,110202002,paper_range_complete_draw_rejection,1,0,{},1,dd76e82a6bb51eec89739f7065a15727fd76e2ce4d55a2cd5f81edfca6d3683d,P10_N020_M020_R02_seed110202002.npz
P10_N020_M020_R03_seed110202003,10,20,20,3,110202003,paper_range_complete_draw_rejection,1,0,{},11,acf165dd5e0b2593fb451048a572f06d2e042a934e306730c221f04dc7033efc,P10_N020_M020_R03_seed110202003.npz
P10_N020_M020_R04_seed110202004,10,20,20,4,110202004,paper_range_complete_draw_rejection,1,0,{},2,f1206888618fa2a93e206e92e48d08a34df8ec89287c0d1acad704da914cf839,P10_N020_M020_R04_seed110202004.npz
P10_N020_M020_R05_seed110202005,10,20,20,5,110202005,paper_range_complete_draw_rejection,7,6,"{""constant_preference_probe"": 6, ""no_nonzero_unit_feasible_point"": 6}",1,b15d1f38459a2e2004eb5aa2debdc1550e736970b5ec879b92921daccb28e31e,P10_N020_M020_R05_seed110202005.npz
P10_N020_M020_R06_seed110202006,10,20,20,6,110202006,paper_range_complete_draw_rejection,1,0,{},1,51fb64a17f58f023070dad3fac246a15d485c2c9c12ab5435cb868e2963b79d1,P10_N020_M020_R06_seed110202006.npz
P10_N020_M020_R07_seed110202007,10,20,20,7,110202007,paper_range_complete_draw_rejection,2,1,"{""constant_preference_probe"": 1, ""no_nonzero_unit_feasible_point"": 1}",6,2f9f55df4632c0cd994c94252ca3f6d2b1b51ddb49c49936aa986ad9aca190bc,P10_N020_M020_R07_seed110202007.npz
P10_N020_M020_R08_seed110202008,10,20,20,8,110202008,paper_range_complete_draw_rejection,2,1,"{""constant_preference_probe"": 1, ""no_nonzero_unit_feasible_point"": 1}",1,547120b465213d7d6ad2cc6003b3d3492ba9728e2f895b301058c2f2514ad980,P10_N020_M020_R08_seed110202008.npz
P10_N020_M020_R09_seed110202009,10,20,20,9,110202009,paper_range_complete_draw_rejection,1,0,{},9,9e93d9e4bb8b16383c5b599676fe504cbc4a20b653c1b71882f79c03af4fcffa,P10_N020_M020_R09_seed110202009.npz
P10_N020_M020_R10_seed110202010,10,20,20,10,110202010,paper_range_complete_draw_rejection,1,0,{},1,12274102821f7e6340527597fb0d57a6a4ac5314d99b19d3f7d81a22877485c7,P10_N020_M020_R10_seed110202010.npz
P10_N020_M020_R11_seed110202011,10,20,20,11,110202011,paper_range_complete_draw_rejection,4,3,"{""constant_preference_probe"": 3, ""no_nonzero_unit_feasible_point"": 3}",7,65f8909bc397e28f61d4ef9db1196ccbe6a61be33f19c629edf26a4090d213aa,P10_N020_M020_R11_seed110202011.npz
P10_N020_M020_R12_seed110202012,10,20,20,12,110202012,paper_range_complete_draw_rejection,1,0,{},6,379ffc50bc4d87f4edf0b05ce976e25ee65a2ab88b944502c473d56adea8ab5d,P10_N020_M020_R12_seed110202012.npz
P10_N020_M020_R13_seed110202013,10,20,20,13,110202013,paper_range_complete_draw_rejection,1,0,{},6,a803ad5de947abb91f9d8ca498be9cb9aaafc0a3c934a8665f3d2c6988788ec7,P10_N020_M020_R13_seed110202013.npz
P10_N020_M020_R14_seed110202014,10,20,20,14,110202014,paper_range_complete_draw_rejection,1,0,{},5,6b496af7507fda02f36bb969654a9700f2fceb3d05f32780bc8a85ed0290c472,P10_N020_M020_R14_seed110202014.npz
P10_N020_M020_R15_seed110202015,10,20,20,15,110202015,paper_range_complete_draw_rejection,1,0,{},13,9558a6de29f1fb7b97b3541fcc53701364186822fb1247063b83341490d5c1e5,P10_N020_M020_R15_seed110202015.npz
P10_N020_M020_R16_seed110202016,10,20,20,16,110202016,paper_range_complete_draw_rejection,1,0,{},13,3cd500fc033954141b35b954ea5d7d01a5b61c4c6d1d3072aeb14e4f58794e06,P10_N020_M020_R16_seed110202016.npz
P10_N020_M020_R17_seed110202017,10,20,20,17,110202017,paper_range_complete_draw_rejection,1,0,{},3,f01c845b407d8b06f3c719a64e5bb709c420d0661300eb66b7816b78d7179d49,P10_N020_M020_R17_seed110202017.npz
P10_N020_M020_R18_seed110202018,10,20,20,18,110202018,paper_range_complete_draw_rejection,1,0,{},1,27ae0d4fa6483bed280418921c9353856b13cd78ee87d67a0552f9eee7aa1e0e,P10_N020_M020_R18_seed110202018.npz
P10_N020_M020_R19_seed110202019,10,20,20,19,110202019,paper_range_complete_draw_rejection,1,0,{},1,f6a41069effd0ca897cba354bcf59cef449a460a95329f8135b62bf47d661c02,P10_N020_M020_R19_seed110202019.npz
P10_N020_M020_R20_seed110202020,10,20,20,20,110202020,paper_range_complete_draw_rejection,1,0,{},6,64af7773fb72914151bc61b4411eb96312d2ac1904c32a433bfbb5cbb10c7a46,P10_N020_M020_R20_seed110202020.npz
P10_N020_M020_R21_seed110202021,10,20,20,21,110202021,paper_range_complete_draw_rejection,2,1,"{""constant_preference_probe"": 1, ""no_nonzero_unit_feasible_point"": 1}",1,83e8efb6f886d3e60ae8cdc6f4be59402ded934b29fa7991a2368036e124e7ad,P10_N020_M020_R21_seed110202021.npz
P10_N020_M020_R22_seed110202022,10,20,20,22,110202022,paper_range_complete_draw_rejection,1,0,{},4,f18f7b73ac2e6de1a1e9c5bc276e5392d4f95c0ea43b0c0cd3b17ab53a20b93c,P10_N020_M020_R22_seed110202022.npz
P10_N020_M020_R23_seed110202023,10,20,20,23,110202023,paper_range_complete_draw_rejection,1,0,{},7,73dd04c79144fbd846aa139daf9b47298ce3f1118bcabfee72197cbf754f50bf,P10_N020_M020_R23_seed110202023.npz
P10_N020_M020_R24_seed110202024,10,20,20,24,110202024,paper_range_complete_draw_rejection,2,1,"{""constant_preference_probe"": 1, ""no_nonzero_unit_feasible_point"": 1}",1,f379d40d96f17ca42ff996afe04d7098e8634e2c94905a8ee0d7b9ca65559b00,P10_N020_M020_R24_seed110202024.npz
P10_N020_M020_R25_seed110202025,10,20,20,25,110202025,paper_range_complete_draw_rejection,1,0,{},1,d8d92a2b7a06fa545a76959b48dc2daa53dff61414a48d1285a2b3ef540b8934,P10_N020_M020_R25_seed110202025.npz
P10_N020_M020_R26_seed110202026,10,20,20,26,110202026,paper_range_complete_draw_rejection,1,0,{},1,1018b3d911a0cf9bf4da943a3738a72e711f4683aa30f7d1d2b0a7c96489c26b,P10_N020_M020_R26_seed110202026.npz
P10_N020_M020_R27_seed110202027,10,20,20,27,110202027,paper_range_complete_draw_rejection,3,2,"{""constant_preference_probe"": 2, ""no_nonzero_unit_feasible_point"": 2}",2,d8a3042344607ee7699d74615b4b3dbd4da0ba44782209355bb52c136da77ca5,P10_N020_M020_R27_seed110202027.npz
P10_N020_M020_R28_seed110202028,10,20,20,28,110202028,paper_range_complete_draw_rejection,1,0,{},1,657d75d7fcbea5b8ca732b1433d208ee48ef762108958e728d6ffecb944c35fd,P10_N020_M020_R28_seed110202028.npz
P10_N020_M020_R29_seed110202029,10,20,20,29,110202029,paper_range_complete_draw_rejection,2,1,"{""constant_preference_probe"": 1, ""no_nonzero_unit_feasible_point"": 1}",5,15218bd38f80b162eba5129b4c108e67a42f6f19fc6e578b6fab9e99c6aa36ba,P10_N020_M020_R29_seed110202029.npz
P10_N020_M020_R30_seed110202030,10,20,20,30,110202030,paper_range_complete_draw_rejection,1,0,{},7,9102875e698aadb76491e32d08cc0400a90c05ffd0285226383b99bb7230ce40,P10_N020_M020_R30_seed110202030.npz
P10_N020_M030_R01_seed110203001,10,20,30,1,110203001,paper_range_complete_draw_rejection,2,1,"{""constant_preference_probe"": 1, ""no_nonzero_unit_feasible_point"": 1}",1,52dad465e7af67e32946cf9fadd21fe106a0a262d10344444a8950102a659cc0,P10_N020_M030_R01_seed110203001.npz
P10_N020_M030_R02_seed110203002,10,20,30,2,110203002,paper_range_complete_draw_rejection,2,1,"{""constant_preference_probe"": 1, ""no_nonzero_unit_feasible_point"": 1}",5,73211ddb5f2ba02dfb2941f6eebfd984029ecb1040236c1ea96617b9b01262a0,P10_N020_M030_R02_seed110203002.npz
P10_N020_M030_R03_seed110203003,10,20,30,3,110203003,paper_range_complete_draw_rejection,1,0,{},1,92cf4f6bc718ee11dfa0983e6d27ab49d549d23aa9cd3d51f5a3bc980d6ecdb3,P10_N020_M030_R03_seed110203003.npz
P10_N020_M030_R04_seed110203004,10,20,30,4,110203004,paper_range_complete_draw_rejection,5,4,"{""constant_preference_probe"": 4, ""no_nonzero_unit_feasible_point"": 4}",1,e4a88cd931ef80a092c7bb9080b5b6282c62d9075bb836066666e776188c0dbd,P10_N020_M030_R04_seed110203004.npz
P10_N020_M030_R05_seed110203005,10,20,30,5,110203005,paper_range_complete_draw_rejection,2,1,"{""constant_preference_probe"": 1, ""no_nonzero_unit_feasible_point"": 1}",1,a9bbc4a16a4f97fbef51552a214874da1eff7fcdb565ef1916f189b928cb535d,P10_N020_M030_R05_seed110203005.npz
P10_N020_M030_R06_seed110203006,10,20,30,6,110203006,paper_range_complete_draw_rejection,2,1,"{""constant_preference_probe"": 1, ""no_nonzero_unit_feasible_point"": 1}",1,0c88aa14cb9bca36ea635afc5d6b602c47c980d6d24933ce4a4af2b7cb93eb01,P10_N020_M030_R06_seed110203006.npz
P10_N020_M030_R07_seed110203007,10,20,30,7,110203007,paper_range_complete_draw_rejection,3,2,"{""constant_preference_probe"": 2, ""no_nonzero_unit_feasible_point"": 2}",2,e4fa8255f70a0ea26f698cadce4019111c3dbf9cacb5a8f90b43c0bb814e6e41,P10_N020_M030_R07_seed110203007.npz
P10_N020_M030_R08_seed110203008,10,20,30,8,110203008,paper_range_complete_draw_rejection,2,1,"{""constant_preference_probe"": 1, ""no_nonzero_unit_feasible_point"": 1}",1,9227abf0d22285772506f32a01dadf8723e85ace96eeeb691023396051c055bb,P10_N020_M030_R08_seed110203008.npz
P10_N020_M030_R09_seed110203009,10,20,30,9,110203009,paper_range_complete_draw_rejection,3,2,"{""constant_preference_probe"": 2, ""no_nonzero_unit_feasible_point"": 2}",1,cecdde4fc1ee32d6b24cee7ccdd92caffd558e374fb27f22e6ccf35db04abd8f,P10_N020_M030_R09_seed110203009.npz
P10_N020_M030_R10_seed110203010,10,20,30,10,110203010,paper_range_complete_draw_rejection,1,0,{},2,3484b1369e77b09f671b17b5fff2f988f43325717415c4b697ccc638f292a2e1,P10_N020_M030_R10_seed110203010.npz
P10_N020_M030_R11_seed110203011,10,20,30,11,110203011,paper_range_complete_draw_rejection,3,2,"{""constant_preference_probe"": 2, ""no_nonzero_unit_feasible_point"": 2}",2,89fc2e2e25c9bb02270c57d7ac9aa1807a0688844107bb6380550a5147c9dc89,P10_N020_M030_R11_seed110203011.npz
P10_N020_M030_R12_seed110203012,10,20,30,12,110203012,paper_range_complete_draw_rejection,9,8,"{""constant_preference_probe"": 8, ""no_nonzero_unit_feasible_point"": 8}",11,397e77d6aee1b2ecb20bf4da9a43ef95ac842bcdaa3631dfee00ba0139186a0a,P10_N020_M030_R12_seed110203012.npz
P10_N020_M030_R13_seed110203013,10,20,30,13,110203013,paper_range_complete_draw_rejection,1,0,{},16,fa0489af848cb41967957cc241392405c423ff3014edaa455b45b1f7bb253910,P10_N020_M030_R13_seed110203013.npz
P10_N020_M030_R14_seed110203014,10,20,30,14,110203014,paper_range_complete_draw_rejection,13,12,"{""constant_preference_probe"": 12, ""no_nonzero_unit_feasible_point"": 12}",1,fab30af3ff0aca760f049d12e4489bbc1cc24252c7ff8179d1cfcee8f1b9173e,P10_N020_M030_R14_seed110203014.npz
P10_N020_M030_R15_seed110203015,10,20,30,15,110203015,paper_range_complete_draw_rejection,4,3,"{""constant_preference_probe"": 3, ""no_nonzero_unit_feasible_point"": 3}",1,d6d468e313c978a8f1ae0f8cf3180a613ec3db37d6da404065922141e154b5c8,P10_N020_M030_R15_seed110203015.npz
P10_N020_M030_R16_seed110203016,10,20,30,16,110203016,paper_range_complete_draw_rejection,1,0,{},1,03fad840061c83faa04d68512b6364e6a96335b52eed5fa7b9a5ec2e1dc70ef7,P10_N020_M030_R16_seed110203016.npz
P10_N020_M030_R17_seed110203017,10,20,30,17,110203017,paper_range_complete_draw_rejection,2,1,"{""constant_preference_probe"": 1, ""no_nonzero_unit_feasible_point"": 1}",3,5a23dc23440343e226f0b6ff7bb4b875680ec59085db967e5f66c4d658dfac83,P10_N020_M030_R17_seed110203017.npz
P10_N020_M030_R18_seed110203018,10,20,30,18,110203018,paper_range_complete_draw_rejection,1,0,{},5,706d01ae170492b5679532ca311afa2f66e631d86856cd297bdea78e257780fe,P10_N020_M030_R18_seed110203018.npz
P10_N020_M030_R19_seed110203019,10,20,30,19,110203019,paper_range_complete_draw_rejection,3,2,"{""constant_preference_probe"": 2, ""no_nonzero_unit_feasible_point"": 2}",1,a589cfcce3e6b21eeafeca563a3af2a4ca38739e895f705752776221cb55357f,P10_N020_M030_R19_seed110203019.npz
P10_N020_M030_R20_seed110203020,10,20,30,20,110203020,paper_range_complete_draw_rejection,12,11,"{""constant_preference_probe"": 11, ""no_nonzero_unit_feasible_point"": 11}",2,e3d362c46f862d6af389726903e261dbee37e562937d4f52c76ea157ead15e6d,P10_N020_M030_R20_seed110203020.npz
P10_N020_M030_R21_seed110203021,10,20,30,21,110203021,paper_range_complete_draw_rejection,1,0,{},1,625cbddef75bc0feb5fc4344fc42c3154abf19c969eff5fe25c1f9dcb57b00d6,P10_N020_M030_R21_seed110203021.npz
P10_N020_M030_R22_seed110203022,10,20,30,22,110203022,paper_range_complete_draw_rejection,2,1,"{""constant_preference_probe"": 1, ""no_nonzero_unit_feasible_point"": 1}",1,ccccffcb670456f91e7f4d3dd8c605a1b5d61c8c0930224e4b39248d7ad14b60,P10_N020_M030_R22_seed110203022.npz
P10_N020_M030_R23_seed110203023,10,20,30,23,110203023,paper_range_complete_draw_rejection,1,0,{},8,3bb52de58a9dc072f5e2b76934d7a82b9e89f8b2e2300d416d1bba616d61757d,P10_N020_M030_R23_seed110203023.npz
P10_N020_M030_R24_seed110203024,10,20,30,24,110203024,paper_range_complete_draw_rejection,3,2,"{""constant_preference_probe"": 2, ""no_nonzero_unit_feasible_point"": 2}",4,4c809526745dbe6513e5ba3ccc8e95752a5e6840400870d3a8191ea4e72dbe7a,P10_N020_M030_R24_seed110203024.npz
P10_N020_M030_R25_seed110203025,10,20,30,25,110203025,paper_range_complete_draw_rejection,3,2,"{""constant_preference_probe"": 2, ""no_nonzero_unit_feasible_point"": 2}",1,ab579aab375a0a8045064a65f03244ad660734c185b087fc6c06cdba35a7c37e,P10_N020_M030_R25_seed110203025.npz
P10_N020_M030_R26_seed110203026,10,20,30,26,110203026,paper_range_complete_draw_rejection,1,0,{},1,61f03e5fac4c09e09381f612791808238c2c292a59ca04c649d8c109316fce86,P10_N020_M030_R26_seed110203026.npz
P10_N020_M030_R27_seed110203027,10,20,30,27,110203027,paper_range_complete_draw_rejection,8,7,"{""constant_preference_probe"": 7, ""no_nonzero_unit_feasible_point"": 7}",9,7858f08144ba3b6b957bf64ad2b1af420c4e8b1f22e3989ebc04260766f5e98a,P10_N020_M030_R27_seed110203027.npz
P10_N020_M030_R28_seed110203028,10,20,30,28,110203028,paper_range_complete_draw_rejection,4,3,"{""constant_preference_probe"": 3, ""no_nonzero_unit_feasible_point"": 3}",3,169548e2a3657eadafe3550b879207bd06e75b694cc131bbb44ba445f8010b8f,P10_N020_M030_R28_seed110203028.npz
P10_N020_M030_R29_seed110203029,10,20,30,29,110203029,paper_range_complete_draw_rejection,5,4,"{""constant_preference_probe"": 4, ""no_nonzero_unit_feasible_point"": 4}",2,06e393d2783bd4d8bcf49d423ab21ba11eece94ecd7824a685ff5ed7601c5f31,P10_N020_M030_R29_seed110203029.npz
P10_N020_M030_R30_seed110203030,10,20,30,30,110203030,paper_range_complete_draw_rejection,1,0,{},1,4d5c904245742d2a2e656c50ec48d2f949f95922bdc53d3034a2bfd252324e1c,P10_N020_M030_R30_seed110203030.npz
P10_N020_M050_R01_seed110205001,10,20,50,1,110205001,paper_range_complete_draw_rejection,31,30,"{""constant_preference_probe"": 30, ""no_nonzero_unit_feasible_point"": 30}",1,ffd0c4bcedf24e96f942388383b67dd438cfa27e41d32bd7a1c28de11694525b,P10_N020_M050_R01_seed110205001.npz
P10_N020_M050_R02_seed110205002,10,20,50,2,110205002,paper_range_complete_draw_rejection,7,6,"{""constant_preference_probe"": 6, ""no_nonzero_unit_feasible_point"": 6}",1,1e177ad07a657f643d27b277ce015228f5fd04d20f998eed942ec00702dc229f,P10_N020_M050_R02_seed110205002.npz
P10_N020_M050_R03_seed110205003,10,20,50,3,110205003,paper_range_complete_draw_rejection,10,9,"{""constant_preference_probe"": 9, ""no_nonzero_unit_feasible_point"": 9}",1,3e1eb965a42c5f0c81461f9b11e7e0b4b9f06df58e61b8d414a9a01454097d58,P10_N020_M050_R03_seed110205003.npz
P10_N020_M050_R04_seed110205004,10,20,50,4,110205004,paper_range_complete_draw_rejection,23,22,"{""constant_preference_probe"": 22, ""no_nonzero_unit_feasible_point"": 22}",1,29be8bf1820a88894f979c8e8de734ac8c93a5f647e16e2db65d40e180ff34e9,P10_N020_M050_R04_seed110205004.npz
P10_N020_M050_R05_seed110205005,10,20,50,5,110205005,paper_range_complete_draw_rejection,5,4,"{""constant_preference_probe"": 4, ""no_nonzero_unit_feasible_point"": 4}",2,7c59315bbec955f849fae5fab84fea5bb43baca3883c675e5f2a3c5f9988e8c4,P10_N020_M050_R05_seed110205005.npz
P10_N020_M050_R06_seed110205006,10,20,50,6,110205006,paper_range_complete_draw_rejection,24,23,"{""constant_preference_probe"": 23, ""no_nonzero_unit_feasible_point"": 23}",1,7f41e8d699e7cb335aa6903f9349d109092c082b95328e80bd1d0329bc485750,P10_N020_M050_R06_seed110205006.npz
P10_N020_M050_R07_seed110205007,10,20,50,7,110205007,paper_range_complete_draw_rejection,24,23,"{""constant_preference_probe"": 23, ""no_nonzero_unit_feasible_point"": 23}",1,0ed6b17fdd7d4566e4e154bc3a2ff2076dd50932c4bff41af90880ae157401bd,P10_N020_M050_R07_seed110205007.npz
P10_N020_M050_R08_seed110205008,10,20,50,8,110205008,paper_range_complete_draw_rejection,30,29,"{""constant_preference_probe"": 29, ""no_nonzero_unit_feasible_point"": 29}",2,0e49c857b7b641dd002416f87b38edf1f9374d1fae7ad5d5605eb2ffa3a316c6,P10_N020_M050_R08_seed110205008.npz
P10_N020_M050_R09_seed110205009,10,20,50,9,110205009,paper_range_complete_draw_rejection,14,13,"{""constant_preference_probe"": 13, ""no_nonzero_unit_feasible_point"": 13}",5,0b2df3e37a42effe7efdec6f23ddd770798783278b333f3e1c985d50f36dc498,P10_N020_M050_R09_seed110205009.npz
P10_N020_M050_R10_seed110205010,10,20,50,10,110205010,paper_range_complete_draw_rejection,18,17,"{""constant_preference_probe"": 17, ""no_nonzero_unit_feasible_point"": 17}",1,feede2956bb479f860e2d8befe67b9f5f60eb3fc8798004ce2ea20346d6497e3,P10_N020_M050_R10_seed110205010.npz
P10_N020_M050_R11_seed110205011,10,20,50,11,110205011,paper_range_complete_draw_rejection,17,16,"{""constant_preference_probe"": 16, ""no_nonzero_unit_feasible_point"": 16}",1,56dc635cf6058c6a2249636960d885c25dfebe7e292d8af06e20e580fe6c4849,P10_N020_M050_R11_seed110205011.npz
P10_N020_M050_R12_seed110205012,10,20,50,12,110205012,paper_range_complete_draw_rejection,9,8,"{""constant_preference_probe"": 8, ""no_nonzero_unit_feasible_point"": 8}",1,81958b58a9e591e39c2ec27116426c4fe11cc341d14267def4f90edbb06840d7,P10_N020_M050_R12_seed110205012.npz
P10_N020_M050_R13_seed110205013,10,20,50,13,110205013,paper_range_complete_draw_rejection,17,16,"{""constant_preference_probe"": 16, ""no_nonzero_unit_feasible_point"": 16}",1,080a6f60c4b882debb8b5ed6598ec49ec10127bb62e0034e55049991f2a1be3d,P10_N020_M050_R13_seed110205013.npz
P10_N020_M050_R14_seed110205014,10,20,50,14,110205014,paper_range_complete_draw_rejection,3,2,"{""constant_preference_probe"": 2, ""no_nonzero_unit_feasible_point"": 2}",1,b18db2bad712bb04cb1cf85785c9b7bb768490dac24809775652ce026e780331,P10_N020_M050_R14_seed110205014.npz
P10_N020_M050_R15_seed110205015,10,20,50,15,110205015,paper_range_complete_draw_rejection,15,14,"{""constant_preference_probe"": 14, ""no_nonzero_unit_feasible_point"": 14}",1,33cebf33124a1bda8341e3ce7987edc4ce6b59ae503b64e00c94da9a0ec775fe,P10_N020_M050_R15_seed110205015.npz
P10_N020_M050_R16_seed110205016,10,20,50,16,110205016,paper_range_complete_draw_rejection,8,7,"{""constant_preference_probe"": 7, ""no_nonzero_unit_feasible_point"": 7}",2,3cef181faa29a687b0fcd5d9c5a4c7d5ac947cb79bee924b3e8ae798f90b507b,P10_N020_M050_R16_seed110205016.npz
P10_N020_M050_R17_seed110205017,10,20,50,17,110205017,paper_range_complete_draw_rejection,61,60,"{""constant_preference_probe"": 60, ""no_nonzero_unit_feasible_point"": 60}",3,3656805d03df39c341296d11b8f0b0c173503c770f0d203e506f0b570f82fea7,P10_N020_M050_R17_seed110205017.npz
P10_N020_M050_R18_seed110205018,10,20,50,18,110205018,paper_range_complete_draw_rejection,12,11,"{""constant_preference_probe"": 11, ""no_nonzero_unit_feasible_point"": 11}",1,c851a1dd0f24933f7edf91b8acdc6e117c202e9fd19ed960c10366e642e6784e,P10_N020_M050_R18_seed110205018.npz
P10_N020_M050_R19_seed110205019,10,20,50,19,110205019,paper_range_complete_draw_rejection,16,15,"{""constant_preference_probe"": 15, ""no_nonzero_unit_feasible_point"": 15}",3,87c006b1f7afc0dacda156f77f598af12c4c25470584e2360cf25f50b71bfa48,P10_N020_M050_R19_seed110205019.npz
P10_N020_M050_R20_seed110205020,10,20,50,20,110205020,paper_range_complete_draw_rejection,3,2,"{""constant_preference_probe"": 2, ""no_nonzero_unit_feasible_point"": 2}",1,182fddd9b64b3c4133e0b9c93da07b7fd15160f7274001804e06879c357a6027,P10_N020_M050_R20_seed110205020.npz
P10_N020_M050_R21_seed110205021,10,20,50,21,110205021,paper_range_complete_draw_rejection,2,1,"{""constant_preference_probe"": 1, ""no_nonzero_unit_feasible_point"": 1}",1,aa8af29484f28def89350f7e9854cc13f012a5a2f98f4b0a79b8536810b808d4,P10_N020_M050_R21_seed110205021.npz
P10_N020_M050_R22_seed110205022,10,20,50,22,110205022,paper_range_complete_draw_rejection,5,4,"{""constant_preference_probe"": 4, ""no_nonzero_unit_feasible_point"": 4}",1,fe0c848de2f5c65903174e2714ae56ef82ab72390e134af9811fb6faf278eef2,P10_N020_M050_R22_seed110205022.npz
P10_N020_M050_R23_seed110205023,10,20,50,23,110205023,paper_range_complete_draw_rejection,32,31,"{""constant_preference_probe"": 31, ""no_nonzero_unit_feasible_point"": 31}",4,22dafd6c5aec25b29e43ee0f10ebe55390b8c08641d122b4d36955d6b70caaa2,P10_N020_M050_R23_seed110205023.npz
P10_N020_M050_R24_seed110205024,10,20,50,24,110205024,paper_range_complete_draw_rejection,10,9,"{""constant_preference_probe"": 9, ""no_nonzero_unit_feasible_point"": 9}",1,5128f778cc2808ae58e5bd10944654bd8b61103079912130fd8bb5d64d67efa9,P10_N020_M050_R24_seed110205024.npz
P10_N020_M050_R25_seed110205025,10,20,50,25,110205025,paper_range_complete_draw_rejection,6,5,"{""constant_preference_probe"": 5, ""no_nonzero_unit_feasible_point"": 5}",1,489b4eb58b4fab99ac455befceb18361722892ec33a4b0bb931e467e60e95614,P10_N020_M050_R25_seed110205025.npz
P10_N020_M050_R26_seed110205026,10,20,50,26,110205026,paper_range_complete_draw_rejection,15,14,"{""constant_preference_probe"": 14, ""no_nonzero_unit_feasible_point"": 14}",1,fa73c2713ca8720577f058b6a0b3609a591e92344658745bf0f602f1977c9a0d,P10_N020_M050_R26_seed110205026.npz
P10_N020_M050_R27_seed110205027,10,20,50,27,110205027,paper_range_complete_draw_rejection,46,45,"{""constant_preference_probe"": 45, ""no_nonzero_unit_feasible_point"": 45}",1,2441cb874d1d6f3dfa007a53dbf4f7c4fc3b0cc225c75b76a58198ddac29e16e,P10_N020_M050_R27_seed110205027.npz
P10_N020_M050_R28_seed110205028,10,20,50,28,110205028,paper_range_complete_draw_rejection,6,5,"{""constant_preference_probe"": 5, ""no_nonzero_unit_feasible_point"": 5}",1,c02b24e34376eca64b4ddcee373213e73918dd73f53cf0b5d531004c6cb904b8,P10_N020_M050_R28_seed110205028.npz
P10_N020_M050_R29_seed110205029,10,20,50,29,110205029,paper_range_complete_draw_rejection,90,89,"{""constant_preference_probe"": 89, ""no_nonzero_unit_feasible_point"": 89}",2,4174a40a897a3181ccb8776bbce76218de241a0440c25e8ee515f9e847923d7b,P10_N020_M050_R29_seed110205029.npz
P10_N020_M050_R30_seed110205030,10,20,50,30,110205030,paper_range_complete_draw_rejection,6,5,"{""constant_preference_probe"": 5, ""no_nonzero_unit_feasible_point"": 5}",1,5829bd533d48f224275b8bb7d5615b5d6cfe750423cb91ffb2c6c71ed45d9885,P10_N020_M050_R30_seed110205030.npz
P10_N050_M010_R01_seed110501001,10,50,10,1,110501001,paper_range_complete_draw_rejection,1,0,{},7,c1abfe1a970ceeca7dfaeff6073b17061779da3d3a8710809f1890dcacbfd916,P10_N050_M010_R01_seed110501001.npz
P10_N050_M010_R02_seed110501002,10,50,10,2,110501002,paper_range_complete_draw_rejection,1,0,{},50,15eef1df195a0580671ef58915b0781f98aa96af97cbc8103e7616977ad209b2,P10_N050_M010_R02_seed110501002.npz
P10_N050_M010_R03_seed110501003,10,50,10,3,110501003,paper_range_complete_draw_rejection,2,1,"{""constant_preference_probe"": 1, ""no_nonzero_unit_feasible_point"": 1}",1,745307489be3fb88d75d00b173f256d093c31df8e58b92c38d6c6a756ae6f975,P10_N050_M010_R03_seed110501003.npz
P10_N050_M010_R04_seed110501004,10,50,10,4,110501004,paper_range_complete_draw_rejection,1,0,{},1,dbd4eee40ccf8c2ed37b5eed90c2d9c081c53c0efd175e48b86eb396c684b03f,P10_N050_M010_R04_seed110501004.npz
P10_N050_M010_R05_seed110501005,10,50,10,5,110501005,paper_range_complete_draw_rejection,1,0,{},7,3cf33220b7ccf4cb18f23f9aa5ea06880b090d478a9c4384912849db3198c8b8,P10_N050_M010_R05_seed110501005.npz
P10_N050_M010_R06_seed110501006,10,50,10,6,110501006,paper_range_complete_draw_rejection,1,0,{},50,2b55cbfcdaed7264109bb114a8f624323c2ad9a938017c3bace1cb3aa9c9f042,P10_N050_M010_R06_seed110501006.npz
P10_N050_M010_R07_seed110501007,10,50,10,7,110501007,paper_range_complete_draw_rejection,1,0,{},50,cec09df01431aa42e9bb61a122e2496111cf0f6d35618f96a41291cdb9c65e52,P10_N050_M010_R07_seed110501007.npz
P10_N050_M010_R08_seed110501008,10,50,10,8,110501008,paper_range_complete_draw_rejection,1,0,{},8,2980c8283e20b785776cd767cfa51bd9850b6ac9f20b275b049c06014d0b3fc3,P10_N050_M010_R08_seed110501008.npz
P10_N050_M010_R09_seed110501009,10,50,10,9,110501009,paper_range_complete_draw_rejection,1,0,{},9,dd302208a50f3accac8a07d3477e05ccf2ce645473638b4cb53e95a8a9744fc9,P10_N050_M010_R09_seed110501009.npz
P10_N050_M010_R10_seed110501010,10,50,10,10,110501010,paper_range_complete_draw_rejection,1,0,{},16,1908fcae360b932cddee8072a8cf494472a90705179541f8400ce0bae820e7fa,P10_N050_M010_R10_seed110501010.npz
P10_N050_M010_R11_seed110501011,10,50,10,11,110501011,paper_range_complete_draw_rejection,2,1,"{""constant_preference_probe"": 1, ""no_nonzero_unit_feasible_point"": 1}",1,f8b7f315723103b216e501e028c444d8e1bf6fa2c298b405f8e7ce902a2cfcf3,P10_N050_M010_R11_seed110501011.npz
P10_N050_M010_R12_seed110501012,10,50,10,12,110501012,paper_range_complete_draw_rejection,1,0,{},50,d211001478d21fb172ead9860aa440aee932ed66b6b472427f5ceac3996c3a7b,P10_N050_M010_R12_seed110501012.npz
P10_N050_M010_R13_seed110501013,10,50,10,13,110501013,paper_range_complete_draw_rejection,1,0,{},28,fa4c6218be24b097e9baff41fa40e7f83a46b7e47051876770697fa0a2a8457b,P10_N050_M010_R13_seed110501013.npz
P10_N050_M010_R14_seed110501014,10,50,10,14,110501014,paper_range_complete_draw_rejection,1,0,{},1,57630d1fd74f5b79dbbdab08153c93acce8cbad90e76eab246b1b3a9ca2e30dd,P10_N050_M010_R14_seed110501014.npz
P10_N050_M010_R15_seed110501015,10,50,10,15,110501015,paper_range_complete_draw_rejection,1,0,{},50,0a8fb0c4eb75dd58f51329017d1a8dcc24c8127bffbe0315858ded42ddec6394,P10_N050_M010_R15_seed110501015.npz
P10_N050_M010_R16_seed110501016,10,50,10,16,110501016,paper_range_complete_draw_rejection,1,0,{},50,73954c07fe573f48274b8e753d9be6fb06aab325e5be9fec36ab6cbb526a6f5c,P10_N050_M010_R16_seed110501016.npz
P10_N050_M010_R17_seed110501017,10,50,10,17,110501017,paper_range_complete_draw_rejection,1,0,{},24,44195c6310a9f25ae483073544063a3e52e35e4f0745a2f3b80077659d3a422c,P10_N050_M010_R17_seed110501017.npz
P10_N050_M010_R18_seed110501018,10,50,10,18,110501018,paper_range_complete_draw_rejection,1,0,{},1,237d1a19c78b317c149aa515d2cddb709ed5d0a0268423b023735efb5fbf75e3,P10_N050_M010_R18_seed110501018.npz
P10_N050_M010_R19_seed110501019,10,50,10,19,110501019,paper_range_complete_draw_rejection,1,0,{},3,af0e0307189f77c2d43895793969d6f56d48b56aea6241aeadbf49c0ca6ecd22,P10_N050_M010_R19_seed110501019.npz
P10_N050_M010_R20_seed110501020,10,50,10,20,110501020,paper_range_complete_draw_rejection,1,0,{},6,e329c8bbe285c380926039bf93c3e35a56abcc5a52325b99127a47e9c0545375,P10_N050_M010_R20_seed110501020.npz
P10_N050_M010_R21_seed110501021,10,50,10,21,110501021,paper_range_complete_draw_rejection,1,0,{},25,cea2068443684e57e90fa757a8def298288ead07b5d751fec6ddfc32187d5e42,P10_N050_M010_R21_seed110501021.npz
P10_N050_M010_R22_seed110501022,10,50,10,22,110501022,paper_range_complete_draw_rejection,1,0,{},9,954f90f549ad097a436e0230b218d90d17b69ef69a5ae016dee505d1d6d3520e,P10_N050_M010_R22_seed110501022.npz
P10_N050_M010_R23_seed110501023,10,50,10,23,110501023,paper_range_complete_draw_rejection,2,1,"{""constant_preference_probe"": 1, ""no_nonzero_unit_feasible_point"": 1}",4,e4b0e264dcc65298c156d1a05f40e33678598a9aaaa47aed57183579c250e02a,P10_N050_M010_R23_seed110501023.npz
P10_N050_M010_R24_seed110501024,10,50,10,24,110501024,paper_range_complete_draw_rejection,1,0,{},2,74c83c2b9bbfc857d9cab264e4222b846fde2c15be01b65476b79a6d3a12609f,P10_N050_M010_R24_seed110501024.npz
P10_N050_M010_R25_seed110501025,10,50,10,25,110501025,paper_range_complete_draw_rejection,1,0,{},3,cd23c52e418569912b6b61933cd5f1274ea5452e3e7f3cc51d59cc8dcb12561b,P10_N050_M010_R25_seed110501025.npz
P10_N050_M010_R26_seed110501026,10,50,10,26,110501026,paper_range_complete_draw_rejection,1,0,{},36,9b51d97c6de38e33e43f6d91aa82369a6e02b511ae6317b55d88694fa44729e6,P10_N050_M010_R26_seed110501026.npz
P10_N050_M010_R27_seed110501027,10,50,10,27,110501027,paper_range_complete_draw_rejection,1,0,{},13,4e2c0ec84ecdcc0aad99978fa614cd8ce22e15b2ebed3a3bfb582ccc2f776d73,P10_N050_M010_R27_seed110501027.npz
P10_N050_M010_R28_seed110501028,10,50,10,28,110501028,paper_range_complete_draw_rejection,1,0,{},3,1d82529afbb22db69af3d4340d457da547c35526330c7a4045b7605ea00c15eb,P10_N050_M010_R28_seed110501028.npz
P10_N050_M010_R29_seed110501029,10,50,10,29,110501029,paper_range_complete_draw_rejection,1,0,{},43,d7e7bce67bfcbc7ce797003524b98362c7ba8544d7ac0ada6143dbf7e2f6ecae,P10_N050_M010_R29_seed110501029.npz
P10_N050_M010_R30_seed110501030,10,50,10,30,110501030,paper_range_complete_draw_rejection,1,0,{},7,5b2443a6a4b5c7f07baae214317db6a7a9b3fc14629cdd5b47c29b217c8f48e3,P10_N050_M010_R30_seed110501030.npz
P10_N050_M020_R01_seed110502001,10,50,20,1,110502001,paper_range_complete_draw_rejection,4,3,"{""constant_preference_probe"": 3, ""no_nonzero_unit_feasible_point"": 3}",2,e652198e2730a65cb281e5f5cd5d1f740c51cec2de7a611054d9800dcdffe204,P10_N050_M020_R01_seed110502001.npz
P10_N050_M020_R02_seed110502002,10,50,20,2,110502002,paper_range_complete_draw_rejection,1,0,{},4,99b78fd75bc615f01afd9952ae1e25e08440a3cc93d8f8c8d7331772e41ec892,P10_N050_M020_R02_seed110502002.npz
P10_N050_M020_R03_seed110502003,10,50,20,3,110502003,paper_range_complete_draw_rejection,2,1,"{""constant_preference_probe"": 1, ""no_nonzero_unit_feasible_point"": 1}",17,f6bfba5e5f674a2fa9fa000d2fe5678c710ee3a031e1b884fa6aaa9ff80a5d9f,P10_N050_M020_R03_seed110502003.npz
P10_N050_M020_R04_seed110502004,10,50,20,4,110502004,paper_range_complete_draw_rejection,2,1,"{""constant_preference_probe"": 1, ""no_nonzero_unit_feasible_point"": 1}",4,e13cff8a17f26ed7e6042013825d1c96c4c0b8fbc90a4fe78d318c8748743d34,P10_N050_M020_R04_seed110502004.npz
P10_N050_M020_R05_seed110502005,10,50,20,5,110502005,paper_range_complete_draw_rejection,2,1,"{""constant_preference_probe"": 1, ""no_nonzero_unit_feasible_point"": 1}",2,7a2c814625fe4c31733d2c33a7c66c4c6641223365e3847b7a993b0069a2c7a4,P10_N050_M020_R05_seed110502005.npz
P10_N050_M020_R06_seed110502006,10,50,20,6,110502006,paper_range_complete_draw_rejection,1,0,{},36,0de3e13d142671ceea5e46781bbbb5d48633848be544b128d0b76817aa3eb730,P10_N050_M020_R06_seed110502006.npz
P10_N050_M020_R07_seed110502007,10,50,20,7,110502007,paper_range_complete_draw_rejection,2,1,"{""constant_preference_probe"": 1, ""no_nonzero_unit_feasible_point"": 1}",39,98e4e71c0738be023c651a5eebd0ef93a2e1bc1334b454a1fdcdac84d8c899fc,P10_N050_M020_R07_seed110502007.npz
P10_N050_M020_R08_seed110502008,10,50,20,8,110502008,paper_range_complete_draw_rejection,1,0,{},2,7a796a1db434c2b5f17d4fc5c62e5c47e70a667b1784750959037d82b30e5ce2,P10_N050_M020_R08_seed110502008.npz
P10_N050_M020_R09_seed110502009,10,50,20,9,110502009,paper_range_complete_draw_rejection,1,0,{},2,1aba1ac4344deb9445c419de6fa14d28e3318a09b9380ed6263d17285101f6f3,P10_N050_M020_R09_seed110502009.npz
P10_N050_M020_R10_seed110502010,10,50,20,10,110502010,paper_range_complete_draw_rejection,4,3,"{""constant_preference_probe"": 3, ""no_nonzero_unit_feasible_point"": 3}",6,dc7bb123391e6708f253eacf5dbd8708e17b0194df2b68ea3583d4fb8cc320e3,P10_N050_M020_R10_seed110502010.npz
P10_N050_M020_R11_seed110502011,10,50,20,11,110502011,paper_range_complete_draw_rejection,2,1,"{""constant_preference_probe"": 1, ""no_nonzero_unit_feasible_point"": 1}",7,77bcde382ab51eb7f658d59a7f75974dd083f2d4e01f0802145e067677658bb6,P10_N050_M020_R11_seed110502011.npz
P10_N050_M020_R12_seed110502012,10,50,20,12,110502012,paper_range_complete_draw_rejection,5,4,"{""constant_preference_probe"": 4, ""no_nonzero_unit_feasible_point"": 4}",33,e5bc8a0071032d144147bcd17f6a8d94f8e5871252bcf329eb90ea0ebee47da0,P10_N050_M020_R12_seed110502012.npz
P10_N050_M020_R13_seed110502013,10,50,20,13,110502013,paper_range_complete_draw_rejection,1,0,{},6,c1b1c2b8de48a757d13a73ffc2daedbc6a3bb5bfc172997d916c69db73084bca,P10_N050_M020_R13_seed110502013.npz
P10_N050_M020_R14_seed110502014,10,50,20,14,110502014,paper_range_complete_draw_rejection,1,0,{},2,c8a5240b7aed2544758a16ee606334d71116d4f908fa9546387b0ab8b6f1fe41,P10_N050_M020_R14_seed110502014.npz
P10_N050_M020_R15_seed110502015,10,50,20,15,110502015,paper_range_complete_draw_rejection,1,0,{},10,4b8e6bfaa99cd5787705b42f02e184adefc54f4126d0f4c1650ad61af74565dd,P10_N050_M020_R15_seed110502015.npz
P10_N050_M020_R16_seed110502016,10,50,20,16,110502016,paper_range_complete_draw_rejection,2,1,"{""constant_preference_probe"": 1, ""no_nonzero_unit_feasible_point"": 1}",4,bf88d504441cebf4444c724c5b030798a9c537d9a17b78c0c1f5c4783e2dd946,P10_N050_M020_R16_seed110502016.npz
P10_N050_M020_R17_seed110502017,10,50,20,17,110502017,paper_range_complete_draw_rejection,1,0,{},1,981617812a83e4d8e06b9f81cf7a4aed1749c5bc4cc5b6f34b663c897013da82,P10_N050_M020_R17_seed110502017.npz
P10_N050_M020_R18_seed110502018,10,50,20,18,110502018,paper_range_complete_draw_rejection,2,1,"{""constant_preference_probe"": 1, ""no_nonzero_unit_feasible_point"": 1}",12,9dd766c9ed35abd508115909cc56a12e6b25da9f5c340f389be6d835b0f8f3de,P10_N050_M020_R18_seed110502018.npz
P10_N050_M020_R19_seed110502019,10,50,20,19,110502019,paper_range_complete_draw_rejection,3,2,"{""constant_preference_probe"": 2, ""no_nonzero_unit_feasible_point"": 2}",7,259a8a58292c9af4fc845201e6921006b5bdff8bb8a7a21c413955ecabd564ea,P10_N050_M020_R19_seed110502019.npz
P10_N050_M020_R20_seed110502020,10,50,20,20,110502020,paper_range_complete_draw_rejection,1,0,{},7,4a845a4ec71e897eddfbe9ba5270ae7bd26aded3cedcbdfc871463ab25fa752c,P10_N050_M020_R20_seed110502020.npz
P10_N050_M020_R21_seed110502021,10,50,20,21,110502021,paper_range_complete_draw_rejection,1,0,{},3,285d834030f6c0ff16d1e77557910e0307c3785862a371418fb1da23e3435a86,P10_N050_M020_R21_seed110502021.npz
P10_N050_M020_R22_seed110502022,10,50,20,22,110502022,paper_range_complete_draw_rejection,1,0,{},26,1c39fbb5ce4acbce40a2efd78af52f19fbb2e19e423ad14413236b85aacbf019,P10_N050_M020_R22_seed110502022.npz
P10_N050_M020_R23_seed110502023,10,50,20,23,110502023,paper_range_complete_draw_rejection,2,1,"{""constant_preference_probe"": 1, ""no_nonzero_unit_feasible_point"": 1}",5,9d985b9433a89bacbfb8605c8db315cd84934aa6ba1e986e8addd8764cc6a145,P10_N050_M020_R23_seed110502023.npz
P10_N050_M020_R24_seed110502024,10,50,20,24,110502024,paper_range_complete_draw_rejection,1,0,{},6,56e765ff30d4b67b921261c5611beab1c9afb18f2acddf3f4e18e061adc5ebcc,P10_N050_M020_R24_seed110502024.npz
P10_N050_M020_R25_seed110502025,10,50,20,25,110502025,paper_range_complete_draw_rejection,3,2,"{""constant_preference_probe"": 2, ""no_nonzero_unit_feasible_point"": 2}",4,5a7a3209e2c4e8dde9ec019a91315820d10c05c6a461a5869d5ff738be0a6c20,P10_N050_M020_R25_seed110502025.npz
P10_N050_M020_R26_seed110502026,10,50,20,26,110502026,paper_range_complete_draw_rejection,1,0,{},27,33e87d1e108104e25a6d16bb968ef8e9f11d2af73f399e92425d97cbc66e71e8,P10_N050_M020_R26_seed110502026.npz
P10_N050_M020_R27_seed110502027,10,50,20,27,110502027,paper_range_complete_draw_rejection,1,0,{},15,a5e7b2ec6926b9d341ba6b0cf1c80c17289a4c07cd650cce5687943f143aef43,P10_N050_M020_R27_seed110502027.npz
P10_N050_M020_R28_seed110502028,10,50,20,28,110502028,paper_range_complete_draw_rejection,1,0,{},26,0c26ea05b19834728037cfe9d0377e1a4b59c9ac69e97f95abb80225fb062c97,P10_N050_M020_R28_seed110502028.npz
P10_N050_M020_R29_seed110502029,10,50,20,29,110502029,paper_range_complete_draw_rejection,1,0,{},6,78204503a2ca3748d007ed3c8a0b6221ce78f44ca825c259e93f53a995a73370,P10_N050_M020_R29_seed110502029.npz
P10_N050_M020_R30_seed110502030,10,50,20,30,110502030,paper_range_complete_draw_rejection,1,0,{},7,593c2c1bc71d84c7221e4474b96b550e19ba1765e83160c52a7491d06a465c05,P10_N050_M020_R30_seed110502030.npz
P10_N050_M030_R01_seed110503001,10,50,30,1,110503001,paper_range_complete_draw_rejection,2,1,"{""constant_preference_probe"": 1, ""no_nonzero_unit_feasible_point"": 1}",1,df384df3faa2a24fe93da9acb2dbb2502576ec285bccbd02fdb07fd91ffacb4f,P10_N050_M030_R01_seed110503001.npz
P10_N050_M030_R02_seed110503002,10,50,30,2,110503002,paper_range_complete_draw_rejection,5,4,"{""constant_preference_probe"": 4, ""no_nonzero_unit_feasible_point"": 4}",10,c5fd7c7b3be65801d5931d4cbe6aa9aa3cfb037a530cbaafcbe7c11d91cabf8d,P10_N050_M030_R02_seed110503002.npz
P10_N050_M030_R03_seed110503003,10,50,30,3,110503003,paper_range_complete_draw_rejection,2,1,"{""constant_preference_probe"": 1, ""no_nonzero_unit_feasible_point"": 1}",1,6b6f3634f872346211f2c9ed2278e356777654ff01f6aa456280b73b8d2f6bca,P10_N050_M030_R03_seed110503003.npz
P10_N050_M030_R04_seed110503004,10,50,30,4,110503004,paper_range_complete_draw_rejection,4,3,"{""constant_preference_probe"": 3, ""no_nonzero_unit_feasible_point"": 3}",16,f0d959404706fd4b145f0cf48008ecff7000bc390a79bfe0e9f7a6bdc3edfc29,P10_N050_M030_R04_seed110503004.npz
P10_N050_M030_R05_seed110503005,10,50,30,5,110503005,paper_range_complete_draw_rejection,2,1,"{""constant_preference_probe"": 1, ""no_nonzero_unit_feasible_point"": 1}",1,11f7101772543539ee8643168f43d5eaef99fb54c17e6e2ecbb0ec2c76f3b6ab,P10_N050_M030_R05_seed110503005.npz
P10_N050_M030_R06_seed110503006,10,50,30,6,110503006,paper_range_complete_draw_rejection,1,0,{},1,fdfa1cb1f5a5cddb1277e19db965911a3652e1925a3aeab0614525f24c99da30,P10_N050_M030_R06_seed110503006.npz
P10_N050_M030_R07_seed110503007,10,50,30,7,110503007,paper_range_complete_draw_rejection,1,0,{},1,3239d7fda2f5dbb82e6b94bece75aff1521255c9bde6611a36af2551dc2a501a,P10_N050_M030_R07_seed110503007.npz
P10_N050_M030_R08_seed110503008,10,50,30,8,110503008,paper_range_complete_draw_rejection,5,4,"{""constant_preference_probe"": 4, ""no_nonzero_unit_feasible_point"": 4}",15,3cdc3823130bd8a7dc35101ab319f22b74f9ad7d7c9a62dab9b23810e1afd3a4,P10_N050_M030_R08_seed110503008.npz
P10_N050_M030_R09_seed110503009,10,50,30,9,110503009,paper_range_complete_draw_rejection,2,1,"{""constant_preference_probe"": 1, ""no_nonzero_unit_feasible_point"": 1}",4,ff823df6379163043dc3c0c604c0c879bdbc7910cd6c32d01ca3b82afc100671,P10_N050_M030_R09_seed110503009.npz
P10_N050_M030_R10_seed110503010,10,50,30,10,110503010,paper_range_complete_draw_rejection,2,1,"{""constant_preference_probe"": 1, ""no_nonzero_unit_feasible_point"": 1}",12,d1ce9ca2d718bbed9336de9f273e7099633ce7c5833496af3ee331f748aecba4,P10_N050_M030_R10_seed110503010.npz
P10_N050_M030_R11_seed110503011,10,50,30,11,110503011,paper_range_complete_draw_rejection,1,0,{},19,ba5269d2ad83ffa5923230453a8d887fdadc5c88da9d5cf30a1d38f2c78237e8,P10_N050_M030_R11_seed110503011.npz
P10_N050_M030_R12_seed110503012,10,50,30,12,110503012,paper_range_complete_draw_rejection,1,0,{},2,652b97dbb61844be82d0877f79bf8c834c885c4e61f7be43af80faee557516b7,P10_N050_M030_R12_seed110503012.npz
P10_N050_M030_R13_seed110503013,10,50,30,13,110503013,paper_range_complete_draw_rejection,8,7,"{""constant_preference_probe"": 7, ""no_nonzero_unit_feasible_point"": 7}",20,d524813292b1d2c734415065d0b129f4a0772746bd15454d946f0a6ef6266e1c,P10_N050_M030_R13_seed110503013.npz
P10_N050_M030_R14_seed110503014,10,50,30,14,110503014,paper_range_complete_draw_rejection,2,1,"{""constant_preference_probe"": 1, ""no_nonzero_unit_feasible_point"": 1}",9,e93c765390093a440c5954a9f22f2cc16ae21b2f39d6faf8078c6a2a6efb65de,P10_N050_M030_R14_seed110503014.npz
P10_N050_M030_R15_seed110503015,10,50,30,15,110503015,paper_range_complete_draw_rejection,1,0,{},1,500482e2d759814c7ae518341a9132a3448ce8f0acb0aa7a81d9f787e86582c8,P10_N050_M030_R15_seed110503015.npz
P10_N050_M030_R16_seed110503016,10,50,30,16,110503016,paper_range_complete_draw_rejection,2,1,"{""constant_preference_probe"": 1, ""no_nonzero_unit_feasible_point"": 1}",4,e107f3140db2f2676cc4f0c35e7f2c4b3f09b9f45fd120d21c6ff899e6cbc074,P10_N050_M030_R16_seed110503016.npz
P10_N050_M030_R17_seed110503017,10,50,30,17,110503017,paper_range_complete_draw_rejection,1,0,{},1,17b1e1c3e4f16bb05250ffdbf2bc12d2ff771bd88fab4eb0ca1699cac51736de,P10_N050_M030_R17_seed110503017.npz
P10_N050_M030_R18_seed110503018,10,50,30,18,110503018,paper_range_complete_draw_rejection,2,1,"{""constant_preference_probe"": 1, ""no_nonzero_unit_feasible_point"": 1}",2,1d307d358091399bd364ba9ec3750d6ffb42feac971fcde978e7df6f35bc98fe,P10_N050_M030_R18_seed110503018.npz
P10_N050_M030_R19_seed110503019,10,50,30,19,110503019,paper_range_complete_draw_rejection,5,4,"{""constant_preference_probe"": 4, ""no_nonzero_unit_feasible_point"": 4}",2,782168de64b38d816a5ae0cf7cadbce878854df9282cef902c6c909fd2d11841,P10_N050_M030_R19_seed110503019.npz
P10_N050_M030_R20_seed110503020,10,50,30,20,110503020,paper_range_complete_draw_rejection,4,3,"{""constant_preference_probe"": 3, ""no_nonzero_unit_feasible_point"": 3}",2,779cf1c486451a424367dd0915f11294e7a3648d38779599916a7f55002ec6fc,P10_N050_M030_R20_seed110503020.npz
P10_N050_M030_R21_seed110503021,10,50,30,21,110503021,paper_range_complete_draw_rejection,3,2,"{""constant_preference_probe"": 2, ""no_nonzero_unit_feasible_point"": 2}",1,d6b1fd08c03ae854198d0f6b28741592706b03cd275aa0bde0ae25abcedd2da6,P10_N050_M030_R21_seed110503021.npz
P10_N050_M030_R22_seed110503022,10,50,30,22,110503022,paper_range_complete_draw_rejection,6,5,"{""constant_preference_probe"": 5, ""no_nonzero_unit_feasible_point"": 5}",1,5502e84ddfa9c94d9b1eaf4175562cfdd622f99d5f3112bfb781908a99a78dcb,P10_N050_M030_R22_seed110503022.npz
P10_N050_M030_R23_seed110503023,10,50,30,23,110503023,paper_range_complete_draw_rejection,2,1,"{""constant_preference_probe"": 1, ""no_nonzero_unit_feasible_point"": 1}",2,dd2dfdae8a8a18a10e21c57a367549657c6df65c359545d37d331a764d64a3b0,P10_N050_M030_R23_seed110503023.npz
P10_N050_M030_R24_seed110503024,10,50,30,24,110503024,paper_range_complete_draw_rejection,2,1,"{""constant_preference_probe"": 1, ""no_nonzero_unit_feasible_point"": 1}",1,a8c76e3d29fc63ed6a3ae59eb1b73ae11d29bf5089b42bb2940cbe578fee680d,P10_N050_M030_R24_seed110503024.npz
P10_N050_M030_R25_seed110503025,10,50,30,25,110503025,paper_range_complete_draw_rejection,2,1,"{""constant_preference_probe"": 1, ""no_nonzero_unit_feasible_point"": 1}",27,29ba473de6d950dbf9d1f2c9cf38d114129ae20833d4cc1de061882e7002c587,P10_N050_M030_R25_seed110503025.npz
P10_N050_M030_R26_seed110503026,10,50,30,26,110503026,paper_range_complete_draw_rejection,4,3,"{""constant_preference_probe"": 3, ""no_nonzero_unit_feasible_point"": 3}",5,72b5ce49111eea1215e2d213d9e79dec3b1b7ae323bf7ade816762b006c7032b,P10_N050_M030_R26_seed110503026.npz
P10_N050_M030_R27_seed110503027,10,50,30,27,110503027,paper_range_complete_draw_rejection,1,0,{},4,96790630151ae4b700e8ea055ea696ecfea9ed3d1f16273a4f7be083c02b4749,P10_N050_M030_R27_seed110503027.npz
P10_N050_M030_R28_seed110503028,10,50,30,28,110503028,paper_range_complete_draw_rejection,9,8,"{""constant_preference_probe"": 8, ""no_nonzero_unit_feasible_point"": 8}",3,9025dc50b88e7c59d578c08986d6dd9afec0af20d21ab71702b871873fe05fbe,P10_N050_M030_R28_seed110503028.npz
P10_N050_M030_R29_seed110503029,10,50,30,29,110503029,paper_range_complete_draw_rejection,2,1,"{""constant_preference_probe"": 1, ""no_nonzero_unit_feasible_point"": 1}",3,66bb5890689c67ed12d95938769671ffec44d933d853b198a7aaf1940f5ae774,P10_N050_M030_R29_seed110503029.npz
P10_N050_M030_R30_seed110503030,10,50,30,30,110503030,paper_range_complete_draw_rejection,1,0,{},5,567c863065390b14f6dbe119d2a36fc2dce5959a0ad7b63c9d9cd0ba51d2a0b8,P10_N050_M030_R30_seed110503030.npz
P10_N050_M050_R01_seed110505001,10,50,50,1,110505001,paper_range_complete_draw_rejection,36,35,"{""constant_preference_probe"": 35, ""no_nonzero_unit_feasible_point"": 35}",1,cb88bb76a0aab8d406f5e34c50d53170bc84d1de171d6b20309532dd82f3b039,P10_N050_M050_R01_seed110505001.npz
P10_N050_M050_R02_seed110505002,10,50,50,2,110505002,paper_range_complete_draw_rejection,4,3,"{""constant_preference_probe"": 3, ""no_nonzero_unit_feasible_point"": 3}",2,db98135e002fb8d9b2f18156f74619305d9337dc987f2ffa43126b8fef6aee06,P10_N050_M050_R02_seed110505002.npz
P10_N050_M050_R03_seed110505003,10,50,50,3,110505003,paper_range_complete_draw_rejection,3,2,"{""constant_preference_probe"": 2, ""no_nonzero_unit_feasible_point"": 2}",1,82dbe34c03892d77fec6d4a8a0b9f247436086bbf0c45a43bdd57914c171ed48,P10_N050_M050_R03_seed110505003.npz
P10_N050_M050_R04_seed110505004,10,50,50,4,110505004,paper_range_complete_draw_rejection,8,7,"{""constant_preference_probe"": 7, ""no_nonzero_unit_feasible_point"": 7}",1,7ff6debe91ecb7f93154e0426b78320eef691d73f0566eaf18f444656c661b05,P10_N050_M050_R04_seed110505004.npz
P10_N050_M050_R05_seed110505005,10,50,50,5,110505005,paper_range_complete_draw_rejection,22,21,"{""constant_preference_probe"": 21, ""no_nonzero_unit_feasible_point"": 21}",1,e08290fa5bcadb462cfd400444957f39b9c4bac655a424061dcb1534f1b79d4a,P10_N050_M050_R05_seed110505005.npz
P10_N050_M050_R06_seed110505006,10,50,50,6,110505006,paper_range_complete_draw_rejection,1,0,{},3,7ff4cc30f4e21e2788d98d521229b48ecb91fbbc5cb41482bceab8cd87723aa0,P10_N050_M050_R06_seed110505006.npz
P10_N050_M050_R07_seed110505007,10,50,50,7,110505007,paper_range_complete_draw_rejection,1,0,{},1,720e1455b47ba1c4124c104bdbe7c83bb9a8a892dcfd28f220fc9e420b94c852,P10_N050_M050_R07_seed110505007.npz
P10_N050_M050_R08_seed110505008,10,50,50,8,110505008,paper_range_complete_draw_rejection,5,4,"{""constant_preference_probe"": 4, ""no_nonzero_unit_feasible_point"": 4}",1,1b45f723a8d8baa2460a3fa076e3565b485febe14d0a3954eaae9bbfce102dec,P10_N050_M050_R08_seed110505008.npz
P10_N050_M050_R09_seed110505009,10,50,50,9,110505009,paper_range_complete_draw_rejection,10,9,"{""constant_preference_probe"": 9, ""no_nonzero_unit_feasible_point"": 9}",1,9c5bef887ecfa3732644fb8c2cfa03b2e4cef41fedabb3549b5c18363c67ec7e,P10_N050_M050_R09_seed110505009.npz
P10_N050_M050_R10_seed110505010,10,50,50,10,110505010,paper_range_complete_draw_rejection,7,6,"{""constant_preference_probe"": 6, ""no_nonzero_unit_feasible_point"": 6}",1,5039e587a1f1dfd185e749a4804ba063b1bf57767e31860857142953342ee7db,P10_N050_M050_R10_seed110505010.npz
P10_N050_M050_R11_seed110505011,10,50,50,11,110505011,paper_range_complete_draw_rejection,8,7,"{""constant_preference_probe"": 7, ""no_nonzero_unit_feasible_point"": 7}",3,ef90c05831c42f7bb23e89fb77a009fcd5327ab49691c8c45a30ad9618659c46,P10_N050_M050_R11_seed110505011.npz
P10_N050_M050_R12_seed110505012,10,50,50,12,110505012,paper_range_complete_draw_rejection,11,10,"{""constant_preference_probe"": 10, ""no_nonzero_unit_feasible_point"": 10}",1,55b6ab3f51cac4ac5063adfa8300623abbc6eb82ad9f720b83c2861eff0d9e8a,P10_N050_M050_R12_seed110505012.npz
P10_N050_M050_R13_seed110505013,10,50,50,13,110505013,paper_range_complete_draw_rejection,1,0,{},2,a2c994d14520f92a0ab9ce1ec47ae4facb26f65ff5f85aea562122746dcb7099,P10_N050_M050_R13_seed110505013.npz
P10_N050_M050_R14_seed110505014,10,50,50,14,110505014,paper_range_complete_draw_rejection,10,9,"{""constant_preference_probe"": 9, ""no_nonzero_unit_feasible_point"": 9}",2,67c19a227a235900776377bfe765e0a1cbd09c180ea24320e9b4bfc00585a237,P10_N050_M050_R14_seed110505014.npz
P10_N050_M050_R15_seed110505015,10,50,50,15,110505015,paper_range_complete_draw_rejection,13,12,"{""constant_preference_probe"": 12, ""no_nonzero_unit_feasible_point"": 12}",5,cafcfcdb3ab2e607957b71f43b68db72858bc756b91987a42b6714ac6d6b1c30,P10_N050_M050_R15_seed110505015.npz
P10_N050_M050_R16_seed110505016,10,50,50,16,110505016,paper_range_complete_draw_rejection,81,80,"{""constant_preference_probe"": 80, ""no_nonzero_unit_feasible_point"": 80}",13,dab985bbf7c4f7f3686c5a759d4e4f1888dfbfeb49fda8ae833781bc193dc7d4,P10_N050_M050_R16_seed110505016.npz
P10_N050_M050_R17_seed110505017,10,50,50,17,110505017,paper_range_complete_draw_rejection,7,6,"{""constant_preference_probe"": 6, ""no_nonzero_unit_feasible_point"": 6}",2,e03a86f34abfc00df0cbe6d1ca650e1c2e1029e5c59b31360f16b9e4ac9146dc,P10_N050_M050_R17_seed110505017.npz
P10_N050_M050_R18_seed110505018,10,50,50,18,110505018,paper_range_complete_draw_rejection,30,29,"{""constant_preference_probe"": 29, ""no_nonzero_unit_feasible_point"": 29}",3,4746b5f4e52d33d8eddc07c2b51f1f048c58acefa83f653826d1baebfc8f79b8,P10_N050_M050_R18_seed110505018.npz
P10_N050_M050_R19_seed110505019,10,50,50,19,110505019,paper_range_complete_draw_rejection,12,11,"{""constant_preference_probe"": 11, ""no_nonzero_unit_feasible_point"": 11}",1,45bf773bb62beb515c41dd9fdb4401c8872720221209a68359d81ec2f191af91,P10_N050_M050_R19_seed110505019.npz
P10_N050_M050_R20_seed110505020,10,50,50,20,110505020,paper_range_complete_draw_rejection,4,3,"{""constant_preference_probe"": 3, ""no_nonzero_unit_feasible_point"": 3}",2,eeddf868cd6a51b75216e1159827ca2da005eb77a3f120437427ae99f03e0b47,P10_N050_M050_R20_seed110505020.npz
P10_N050_M050_R21_seed110505021,10,50,50,21,110505021,paper_range_complete_draw_rejection,10,9,"{""constant_preference_probe"": 9, ""no_nonzero_unit_feasible_point"": 9}",1,72348ce2499a7ac7a460c26d14eee5f1a344f92c3aff21db50674d30c91673e8,P10_N050_M050_R21_seed110505021.npz
P10_N050_M050_R22_seed110505022,10,50,50,22,110505022,paper_range_complete_draw_rejection,12,11,"{""constant_preference_probe"": 11, ""no_nonzero_unit_feasible_point"": 11}",2,38e3ba332db50291de20b4e5090388b104cc0c625ee5e9385fe318812e1e3248,P10_N050_M050_R22_seed110505022.npz
P10_N050_M050_R23_seed110505023,10,50,50,23,110505023,paper_range_complete_draw_rejection,8,7,"{""constant_preference_probe"": 7, ""no_nonzero_unit_feasible_point"": 7}",1,3c3a097c5fd62b463eda49553f6b73de0ea50b9b221da7f6c92fbd5e2f71cf38,P10_N050_M050_R23_seed110505023.npz
P10_N050_M050_R24_seed110505024,10,50,50,24,110505024,paper_range_complete_draw_rejection,24,23,"{""constant_preference_probe"": 23, ""no_nonzero_unit_feasible_point"": 23}",17,eb9ddd7f9767a6db00cdbe3129b8c0f641c8fa0ba2f4a11c00f89a69b9a1892e,P10_N050_M050_R24_seed110505024.npz
P10_N050_M050_R25_seed110505025,10,50,50,25,110505025,paper_range_complete_draw_rejection,23,22,"{""constant_preference_probe"": 22, ""no_nonzero_unit_feasible_point"": 22}",8,6a946e18606473a8cf908de695d85a62db35edb86ecc759e052b4448a92fe367,P10_N050_M050_R25_seed110505025.npz
P10_N050_M050_R26_seed110505026,10,50,50,26,110505026,paper_range_complete_draw_rejection,5,4,"{""constant_preference_probe"": 4, ""no_nonzero_unit_feasible_point"": 4}",1,930823866040612a6d86e92f050c1cb5a79b6d4fa0491e9b28f144a0513ef811,P10_N050_M050_R26_seed110505026.npz
P10_N050_M050_R27_seed110505027,10,50,50,27,110505027,paper_range_complete_draw_rejection,6,5,"{""constant_preference_probe"": 5, ""no_nonzero_unit_feasible_point"": 5}",1,b1a81e173b268224d63d8cf92ed64c46c752d8a2ede95c5c273e22b6f72f9210,P10_N050_M050_R27_seed110505027.npz
P10_N050_M050_R28_seed110505028,10,50,50,28,110505028,paper_range_complete_draw_rejection,2,1,"{""constant_preference_probe"": 1, ""no_nonzero_unit_feasible_point"": 1}",2,059ccf128b9816367c1544bef0c4b129fa786bd4ec829fcd4929fa7c2291a1aa,P10_N050_M050_R28_seed110505028.npz
P10_N050_M050_R29_seed110505029,10,50,50,29,110505029,paper_range_complete_draw_rejection,3,2,"{""constant_preference_probe"": 2, ""no_nonzero_unit_feasible_point"": 2}",1,d6360e9f974c337fd4da9ad3099dd1c6d64b0ea3fd14f257540c01d4926e705e,P10_N050_M050_R29_seed110505029.npz
P10_N050_M050_R30_seed110505030,10,50,50,30,110505030,paper_range_complete_draw_rejection,6,5,"{""constant_preference_probe"": 5, ""no_nonzero_unit_feasible_point"": 5}",1,b7d320b99eec84d2b28a77630895e9714efc21e79b0b5d9e377d80549d07d021,P10_N050_M050_R30_seed110505030.npz
P20_N010_M010_R01_seed120101001,20,10,10,1,120101001,paper_range_complete_draw_rejection,1,0,{},5,8c342600d430625546d594a63f85ec0ae4208ba1756beec7138e99f087188563,P20_N010_M010_R01_seed120101001.npz
P20_N010_M010_R02_seed120101002,20,10,10,2,120101002,paper_range_complete_draw_rejection,2,1,"{""constant_preference_probe"": 1, ""no_nonzero_unit_feasible_point"": 1}",10,dfbe2a74d2b95d51787983b092ed4a368ce1e1e2c87846a3494432f2355d0098,P20_N010_M010_R02_seed120101002.npz
P20_N010_M010_R03_seed120101003,20,10,10,3,120101003,paper_range_complete_draw_rejection,2,1,"{""constant_preference_probe"": 1, ""no_nonzero_unit_feasible_point"": 1}",2,aa7c7414aa37ca2693247fa31deaf10c0af7a34136f31e812a1b0ad5657dd895,P20_N010_M010_R03_seed120101003.npz
P20_N010_M010_R04_seed120101004,20,10,10,4,120101004,paper_range_complete_draw_rejection,2,1,"{""constant_preference_probe"": 1, ""no_nonzero_unit_feasible_point"": 1}",5,fddae9ea7b95da35996543017406d8e1fe6b014612b6012f6084a8a9cee351c3,P20_N010_M010_R04_seed120101004.npz
P20_N010_M010_R05_seed120101005,20,10,10,5,120101005,paper_range_complete_draw_rejection,1,0,{},7,3048c46f7c31259afee8d0f18277922e440e41817f6a5b593fc4703a85e3724e,P20_N010_M010_R05_seed120101005.npz
P20_N010_M010_R06_seed120101006,20,10,10,6,120101006,paper_range_complete_draw_rejection,1,0,{},6,eb4c92b04ed7023048b47c0ad2b1a4b4336babfd26eafce3aae38a1bffb35072,P20_N010_M010_R06_seed120101006.npz
P20_N010_M010_R07_seed120101007,20,10,10,7,120101007,paper_range_complete_draw_rejection,1,0,{},3,8370325ee102d229a7f18bfa4efb3adbe6f01eae1caa7e7ec179dd8c0ba09397,P20_N010_M010_R07_seed120101007.npz
P20_N010_M010_R08_seed120101008,20,10,10,8,120101008,paper_range_complete_draw_rejection,1,0,{},4,9714fee1ee7a665acf3e5dcf0350181173f4cca230c47cc64dbd611ee6bc1eee,P20_N010_M010_R08_seed120101008.npz
P20_N010_M010_R09_seed120101009,20,10,10,9,120101009,paper_range_complete_draw_rejection,1,0,{},8,12da4f434974f32446bcfbd3b02b8387bcc4ddfa03cbdd9ff5c98e75afd2f581,P20_N010_M010_R09_seed120101009.npz
P20_N010_M010_R10_seed120101010,20,10,10,10,120101010,paper_range_complete_draw_rejection,1,0,{},1,3307277e472214c616ab3a1809522ef397553eca73834556b6aa07990eeef948,P20_N010_M010_R10_seed120101010.npz
P20_N010_M010_R11_seed120101011,20,10,10,11,120101011,paper_range_complete_draw_rejection,1,0,{},9,826837cb66059d4b4ff5611c3ef9cc2273de1a678979e42b8f63bdb285dbaec6,P20_N010_M010_R11_seed120101011.npz
P20_N010_M010_R12_seed120101012,20,10,10,12,120101012,paper_range_complete_draw_rejection,2,1,"{""constant_preference_probe"": 1, ""no_nonzero_unit_feasible_point"": 1}",9,91b94c20a59770da8da0e13cfe0df5b278d079716f271d0bdcdaf6ed8b0c5cea,P20_N010_M010_R12_seed120101012.npz
P20_N010_M010_R13_seed120101013,20,10,10,13,120101013,paper_range_complete_draw_rejection,1,0,{},1,95b11db32d855e57697114a2a24ae8adcb1bec3d0014fe58e0ff9de8988f7b05,P20_N010_M010_R13_seed120101013.npz
P20_N010_M010_R14_seed120101014,20,10,10,14,120101014,paper_range_complete_draw_rejection,2,1,"{""constant_preference_probe"": 1, ""no_nonzero_unit_feasible_point"": 1}",2,fee045abfa13d8d1039cdf68412d7b5793a585dd8729b1b5634f702789c208eb,P20_N010_M010_R14_seed120101014.npz
P20_N010_M010_R15_seed120101015,20,10,10,15,120101015,paper_range_complete_draw_rejection,2,1,"{""constant_preference_probe"": 1, ""no_nonzero_unit_feasible_point"": 1}",10,0dc4a23b0c394286b3fd340f4152545a2bb3c09a61e0edf038e1b711ac82f0ed,P20_N010_M010_R15_seed120101015.npz
P20_N010_M010_R16_seed120101016,20,10,10,16,120101016,paper_range_complete_draw_rejection,1,0,{},1,82e372568b227178e35431ecf7e528601dc9c5afb08b3f28f6e85bfd19d2cae0,P20_N010_M010_R16_seed120101016.npz
P20_N010_M010_R17_seed120101017,20,10,10,17,120101017,paper_range_complete_draw_rejection,1,0,{},3,67b4d16a9815b15e97f86404d8cc3e1b2907418fcfae9a79e67044fb33a1c7ba,P20_N010_M010_R17_seed120101017.npz
P20_N010_M010_R18_seed120101018,20,10,10,18,120101018,paper_range_complete_draw_rejection,3,2,"{""constant_preference_probe"": 2, ""no_nonzero_unit_feasible_point"": 2}",3,d349f72664a2e11d3c0ecb6ceb45aad101126cddd2b61abd6b454cbb044aeb10,P20_N010_M010_R18_seed120101018.npz
P20_N010_M010_R19_seed120101019,20,10,10,19,120101019,paper_range_complete_draw_rejection,2,1,"{""constant_preference_probe"": 1, ""no_nonzero_unit_feasible_point"": 1}",3,7ca76c522f18b879ec7a525eecbfa3444b44e8b465fa9e883ea6d6b1c0c03d66,P20_N010_M010_R19_seed120101019.npz
P20_N010_M010_R20_seed120101020,20,10,10,20,120101020,paper_range_complete_draw_rejection,3,2,"{""constant_preference_probe"": 2, ""no_nonzero_unit_feasible_point"": 2}",1,43289028b2190e036c5260edf7af7908c2ca12f47b86fd62577e13e58f0fa954,P20_N010_M010_R20_seed120101020.npz
P20_N010_M010_R21_seed120101021,20,10,10,21,120101021,paper_range_complete_draw_rejection,2,1,"{""constant_preference_probe"": 1, ""no_nonzero_unit_feasible_point"": 1}",2,fccfd6f34f4e677ff834af142570a26323ac2b4354a36dff274e7dafbaa3e4ee,P20_N010_M010_R21_seed120101021.npz
P20_N010_M010_R22_seed120101022,20,10,10,22,120101022,paper_range_complete_draw_rejection,2,1,"{""constant_preference_probe"": 1, ""no_nonzero_unit_feasible_point"": 1}",10,f76e3fb94b51e1fd3dd37c4cfd12f1a23f4e5675646d36ca1b60e912588a4450,P20_N010_M010_R22_seed120101022.npz
P20_N010_M010_R23_seed120101023,20,10,10,23,120101023,paper_range_complete_draw_rejection,3,2,"{""constant_preference_probe"": 2, ""no_nonzero_unit_feasible_point"": 2}",1,0b0e94591f2e2660008112b981ff391f1b0ecd2e9c048bb476e0267e9f6693fb,P20_N010_M010_R23_seed120101023.npz
P20_N010_M010_R24_seed120101024,20,10,10,24,120101024,paper_range_complete_draw_rejection,1,0,{},10,fae9242472c53683d7a33e05c344be12115b418abe2c2b2a955d3b4bb143403e,P20_N010_M010_R24_seed120101024.npz
P20_N010_M010_R25_seed120101025,20,10,10,25,120101025,paper_range_complete_draw_rejection,2,1,"{""constant_preference_probe"": 1, ""no_nonzero_unit_feasible_point"": 1}",10,35cde61ec8f8db607c8b371f3c5522bcf132b149f890bf573185f401bebcbad8,P20_N010_M010_R25_seed120101025.npz
P20_N010_M010_R26_seed120101026,20,10,10,26,120101026,paper_range_complete_draw_rejection,1,0,{},8,4dc5b29f9337daa9d1a646fe55bd3ae830f20001c5f8a40356fa4f324c183d2f,P20_N010_M010_R26_seed120101026.npz
P20_N010_M010_R27_seed120101027,20,10,10,27,120101027,paper_range_complete_draw_rejection,2,1,"{""constant_preference_probe"": 1, ""no_nonzero_unit_feasible_point"": 1}",3,4aa7dcf53ce567e72e5ac57e585aff30c9c8ba27f0846c0ff7c932449a50e2f9,P20_N010_M010_R27_seed120101027.npz
P20_N010_M010_R28_seed120101028,20,10,10,28,120101028,paper_range_complete_draw_rejection,1,0,{},3,bc2a4213eb60d0f939783f7143831547984566408314ad865a1c26c315ad010f,P20_N010_M010_R28_seed120101028.npz
P20_N010_M010_R29_seed120101029,20,10,10,29,120101029,paper_range_complete_draw_rejection,1,0,{},2,f5cf515b57b339c74f8344d8422dd6ca208807db80f63c3d6c875b70d1834c56,P20_N010_M010_R29_seed120101029.npz
P20_N010_M010_R30_seed120101030,20,10,10,30,120101030,paper_range_complete_draw_rejection,2,1,"{""constant_preference_probe"": 1, ""no_nonzero_unit_feasible_point"": 1}",1,00664cb5383b6359722786bd079909da70c711d18af8efcb33d9af35197b2b4a,P20_N010_M010_R30_seed120101030.npz
P20_N010_M020_R01_seed120102001,20,10,20,1,120102001,paper_range_complete_draw_rejection,1,0,{},2,e31bc482571944fce1218609ae7fcbe958247ba27fc103745bab80f7b4dedc66,P20_N010_M020_R01_seed120102001.npz
P20_N010_M020_R02_seed120102002,20,10,20,2,120102002,paper_range_complete_draw_rejection,2,1,"{""constant_preference_probe"": 1, ""no_nonzero_unit_feasible_point"": 1}",3,ac504ded86d6b4b109b856e80a4a833672d94b90f55c51fa6b05768e663d6030,P20_N010_M020_R02_seed120102002.npz
P20_N010_M020_R03_seed120102003,20,10,20,3,120102003,paper_range_complete_draw_rejection,3,2,"{""constant_preference_probe"": 2, ""no_nonzero_unit_feasible_point"": 2}",1,3c933a76b56f064b420c8b79e08d91df8613cd36a8853e6ec9914ff339bd8909,P20_N010_M020_R03_seed120102003.npz
P20_N010_M020_R04_seed120102004,20,10,20,4,120102004,paper_range_complete_draw_rejection,1,0,{},4,b5fbf09953a4101790235a10927a61a0723cea58cbd5df461e3f880f43844db5,P20_N010_M020_R04_seed120102004.npz
P20_N010_M020_R05_seed120102005,20,10,20,5,120102005,paper_range_complete_draw_rejection,1,0,{},2,7e8a493f310b19d80155809260c0f18d126268d806ce1bad09861e248aedb06a,P20_N010_M020_R05_seed120102005.npz
P20_N010_M020_R06_seed120102006,20,10,20,6,120102006,paper_range_complete_draw_rejection,2,1,"{""constant_preference_probe"": 1, ""no_nonzero_unit_feasible_point"": 1}",2,d9d044394e1a3d096c6f7ae950fa01a86683e64cf9c1807a49f4cba7f2074c4a,P20_N010_M020_R06_seed120102006.npz
P20_N010_M020_R07_seed120102007,20,10,20,7,120102007,paper_range_complete_draw_rejection,1,0,{},10,7dbb95400e92405536f06db818181476955e9ebbf8aeb0edee4f913f241f4995,P20_N010_M020_R07_seed120102007.npz
P20_N010_M020_R08_seed120102008,20,10,20,8,120102008,paper_range_complete_draw_rejection,4,3,"{""constant_preference_probe"": 3, ""no_nonzero_unit_feasible_point"": 3}",9,561da83f3f1d8007e024a2fb2c8f2894083b79f39cdc5909ba62cfd5e9e24a83,P20_N010_M020_R08_seed120102008.npz
P20_N010_M020_R09_seed120102009,20,10,20,9,120102009,paper_range_complete_draw_rejection,1,0,{},2,16478dde4e8f29feb8924cda7bc1a89ce6db14785a672d4cdba52b469ab5101a,P20_N010_M020_R09_seed120102009.npz
P20_N010_M020_R10_seed120102010,20,10,20,10,120102010,paper_range_complete_draw_rejection,6,5,"{""constant_preference_probe"": 5, ""no_nonzero_unit_feasible_point"": 5}",4,123ec899d31847a456e11b6b50b221038b1af9f0357847cf03a5ad4898788988,P20_N010_M020_R10_seed120102010.npz
P20_N010_M020_R11_seed120102011,20,10,20,11,120102011,paper_range_complete_draw_rejection,4,3,"{""constant_preference_probe"": 3, ""no_nonzero_unit_feasible_point"": 3}",1,84b9aaa0de42f89ecd5927d6a58ed209890758475488ff1a78339ec9283bac01,P20_N010_M020_R11_seed120102011.npz
P20_N010_M020_R12_seed120102012,20,10,20,12,120102012,paper_range_complete_draw_rejection,5,4,"{""constant_preference_probe"": 4, ""no_nonzero_unit_feasible_point"": 4}",10,95185c44cf4b09e01d91217067a8c3f4433675b5925ca133186a694f10f88c63,P20_N010_M020_R12_seed120102012.npz
P20_N010_M020_R13_seed120102013,20,10,20,13,120102013,paper_range_complete_draw_rejection,4,3,"{""constant_preference_probe"": 3, ""no_nonzero_unit_feasible_point"": 3}",1,3df1023a1d3c150838e574df4356a39b3b0b4f65b3c0120836efa0b178a25269,P20_N010_M020_R13_seed120102013.npz
P20_N010_M020_R14_seed120102014,20,10,20,14,120102014,paper_range_complete_draw_rejection,1,0,{},1,344912a9c4fe6fbab3b6f9b4b95617a1216eeb8ee608ef5883a66d32aef841ec,P20_N010_M020_R14_seed120102014.npz
P20_N010_M020_R15_seed120102015,20,10,20,15,120102015,paper_range_complete_draw_rejection,1,0,{},1,5dcc0d7834d2c0c46b29584a48f0648f51db96a61e97000eb6bdf7a4e8bbbf45,P20_N010_M020_R15_seed120102015.npz
P20_N010_M020_R16_seed120102016,20,10,20,16,120102016,paper_range_complete_draw_rejection,1,0,{},3,daef4c6d5d0891fefa3fa73175c8d9b5d445225e87bbf946d52218991e4772d2,P20_N010_M020_R16_seed120102016.npz
P20_N010_M020_R17_seed120102017,20,10,20,17,120102017,paper_range_complete_draw_rejection,1,0,{},1,a5e1b3877dfed6ec81f90a071b69ce1a35a97b25b753df034817e32e81621796,P20_N010_M020_R17_seed120102017.npz
P20_N010_M020_R18_seed120102018,20,10,20,18,120102018,paper_range_complete_draw_rejection,1,0,{},1,ec8d4edd45ef90744015024d24701d291c8c9db4feb48dfa41521ef59a436455,P20_N010_M020_R18_seed120102018.npz
P20_N010_M020_R19_seed120102019,20,10,20,19,120102019,paper_range_complete_draw_rejection,5,4,"{""constant_preference_probe"": 4, ""no_nonzero_unit_feasible_point"": 4}",2,1d7e49b3b3cac629dfa9e8392471c53db1be75b6d3c1bc754d9298aa8d9a32b3,P20_N010_M020_R19_seed120102019.npz
P20_N010_M020_R20_seed120102020,20,10,20,20,120102020,paper_range_complete_draw_rejection,2,1,"{""constant_preference_probe"": 1, ""no_nonzero_unit_feasible_point"": 1}",2,78b03b9e93fb1a10f5786e4a20c3956e6936332d24ba9f69297cb9b58603f4bd,P20_N010_M020_R20_seed120102020.npz
P20_N010_M020_R21_seed120102021,20,10,20,21,120102021,paper_range_complete_draw_rejection,3,2,"{""constant_preference_probe"": 2, ""no_nonzero_unit_feasible_point"": 2}",2,ffe6e8431da8798f04e8d5366c179f95eb74dd6f450a89507adb4e355a1fbf6c,P20_N010_M020_R21_seed120102021.npz
P20_N010_M020_R22_seed120102022,20,10,20,22,120102022,paper_range_complete_draw_rejection,3,2,"{""constant_preference_probe"": 2, ""no_nonzero_unit_feasible_point"": 2}",7,443e8419dd94c6b2f9598b98114bfbd38db05fb81335fea60a640483716b72ca,P20_N010_M020_R22_seed120102022.npz
P20_N010_M020_R23_seed120102023,20,10,20,23,120102023,paper_range_complete_draw_rejection,1,0,{},2,bcaf914e2db30f0f0283585cd619650cf8dbee8cb87bb59ecf8e9b7462a80450,P20_N010_M020_R23_seed120102023.npz
P20_N010_M020_R24_seed120102024,20,10,20,24,120102024,paper_range_complete_draw_rejection,1,0,{},2,9a4d8f3125b6b3774e53d658bea7f3ddd7c29d086223710f6e74e0384b5de54c,P20_N010_M020_R24_seed120102024.npz
P20_N010_M020_R25_seed120102025,20,10,20,25,120102025,paper_range_complete_draw_rejection,1,0,{},1,7481735a659bb356f10e6e75ada1952d8232eeb346da107a472ff3c669601e10,P20_N010_M020_R25_seed120102025.npz
P20_N010_M020_R26_seed120102026,20,10,20,26,120102026,paper_range_complete_draw_rejection,2,1,"{""constant_preference_probe"": 1, ""no_nonzero_unit_feasible_point"": 1}",1,40f45f6d032442e9153486573e84e4828f02f733ea4067e4c7e8f1b2ce063d2f,P20_N010_M020_R26_seed120102026.npz
P20_N010_M020_R27_seed120102027,20,10,20,27,120102027,paper_range_complete_draw_rejection,9,8,"{""constant_preference_probe"": 8, ""no_nonzero_unit_feasible_point"": 8}",1,66da76e41bf2ad07e4bd5f041fa763c4679abf077f45cc906c8eb10aceebf4e3,P20_N010_M020_R27_seed120102027.npz
P20_N010_M020_R28_seed120102028,20,10,20,28,120102028,paper_range_complete_draw_rejection,2,1,"{""constant_preference_probe"": 1, ""no_nonzero_unit_feasible_point"": 1}",5,ba7bd90154625a3143b32b048da0f62ed56ea1aa511c1416a86ee743ac69acbe,P20_N010_M020_R28_seed120102028.npz
P20_N010_M020_R29_seed120102029,20,10,20,29,120102029,paper_range_complete_draw_rejection,2,1,"{""constant_preference_probe"": 1, ""no_nonzero_unit_feasible_point"": 1}",1,8e9a3c1c9a57ca25edbaa951cab3ad92cac1a65ed84dfcf5562843146db7ce76,P20_N010_M020_R29_seed120102029.npz
P20_N010_M020_R30_seed120102030,20,10,20,30,120102030,paper_range_complete_draw_rejection,2,1,"{""constant_preference_probe"": 1, ""no_nonzero_unit_feasible_point"": 1}",1,82eda9c80ab482968ae0e01e89563d18c09da55d5259db94c6066feccaa84f27,P20_N010_M020_R30_seed120102030.npz
P20_N010_M030_R01_seed120103001,20,10,30,1,120103001,paper_range_complete_draw_rejection,5,4,"{""constant_preference_probe"": 4, ""no_nonzero_unit_feasible_point"": 4}",4,a12699037ec87eb079cd45efd81b1cedff851cf32111d254ce545cc304420857,P20_N010_M030_R01_seed120103001.npz
P20_N010_M030_R02_seed120103002,20,10,30,2,120103002,paper_range_complete_draw_rejection,13,12,"{""constant_preference_probe"": 12, ""no_nonzero_unit_feasible_point"": 12}",1,1b78b469d62407e2cf877ecd12634ef0d28fe4d31591d3bc9b525bd2776f954d,P20_N010_M030_R02_seed120103002.npz
P20_N010_M030_R03_seed120103003,20,10,30,3,120103003,paper_range_complete_draw_rejection,1,0,{},3,3a9fe3f794f27a66cdb97dce037dbc0a3083d75eaa934c9d6d3d5ec8314d828f,P20_N010_M030_R03_seed120103003.npz
P20_N010_M030_R04_seed120103004,20,10,30,4,120103004,paper_range_complete_draw_rejection,3,2,"{""constant_preference_probe"": 2, ""no_nonzero_unit_feasible_point"": 2}",1,a624afb8a1323bbaa7c9d2fd1d322296bf7e19cdfbdaa60d86421d620f5e19f6,P20_N010_M030_R04_seed120103004.npz
P20_N010_M030_R05_seed120103005,20,10,30,5,120103005,paper_range_complete_draw_rejection,4,3,"{""constant_preference_probe"": 3, ""no_nonzero_unit_feasible_point"": 3}",1,cc8b1269970de2ff7a650243e230dc2aeb5237390464c7e49107cbf81fc75b1d,P20_N010_M030_R05_seed120103005.npz
P20_N010_M030_R06_seed120103006,20,10,30,6,120103006,paper_range_complete_draw_rejection,7,6,"{""constant_preference_probe"": 6, ""no_nonzero_unit_feasible_point"": 6}",1,96c6d3608f2c782ab37ae0c695441f577b0704657653b778f7609b6213b51318,P20_N010_M030_R06_seed120103006.npz
P20_N010_M030_R07_seed120103007,20,10,30,7,120103007,paper_range_complete_draw_rejection,6,5,"{""constant_preference_probe"": 5, ""no_nonzero_unit_feasible_point"": 5}",1,90ccad452f91ce04714ad96d41ad39ca7b6158a1320c3e1866363424591d6372,P20_N010_M030_R07_seed120103007.npz
P20_N010_M030_R08_seed120103008,20,10,30,8,120103008,paper_range_complete_draw_rejection,4,3,"{""constant_preference_probe"": 3, ""no_nonzero_unit_feasible_point"": 3}",1,9c256bd0cf5ef7487e49a43fb90c5a006542a49054459bba081bbda832fdc5e7,P20_N010_M030_R08_seed120103008.npz
P20_N010_M030_R09_seed120103009,20,10,30,9,120103009,paper_range_complete_draw_rejection,2,1,"{""constant_preference_probe"": 1, ""no_nonzero_unit_feasible_point"": 1}",1,d0efbb224d858ff41fc2ee8caf4ea61765f86c92165be1178db77704ba9a3e17,P20_N010_M030_R09_seed120103009.npz
P20_N010_M030_R10_seed120103010,20,10,30,10,120103010,paper_range_complete_draw_rejection,8,7,"{""constant_preference_probe"": 7, ""no_nonzero_unit_feasible_point"": 7}",1,86a24aae69811458927d0d792d62668ecb2465441bbdbe81408276fa096a53a3,P20_N010_M030_R10_seed120103010.npz
P20_N010_M030_R11_seed120103011,20,10,30,11,120103011,paper_range_complete_draw_rejection,1,0,{},8,54e164b0ee845e4e6d431bbab877e4915b58829dc216d4a7d251b059ad4c0273,P20_N010_M030_R11_seed120103011.npz
P20_N010_M030_R12_seed120103012,20,10,30,12,120103012,paper_range_complete_draw_rejection,20,19,"{""constant_preference_probe"": 19, ""no_nonzero_unit_feasible_point"": 19}",5,436a91dab050f64baf594238495b33dd0b4a88fa4e8f56ff0c6cfd6d534ede6c,P20_N010_M030_R12_seed120103012.npz
P20_N010_M030_R13_seed120103013,20,10,30,13,120103013,paper_range_complete_draw_rejection,6,5,"{""constant_preference_probe"": 5, ""no_nonzero_unit_feasible_point"": 5}",2,d2f3145269ef3593d67e7d8bb007f87d11e035caa6d91445737cd8290ce22553,P20_N010_M030_R13_seed120103013.npz
P20_N010_M030_R14_seed120103014,20,10,30,14,120103014,paper_range_complete_draw_rejection,1,0,{},3,41a4971a800ffb3ddd9c745f453583e132f88fec4f5f34ea206ad76fd39bdcc6,P20_N010_M030_R14_seed120103014.npz
P20_N010_M030_R15_seed120103015,20,10,30,15,120103015,paper_range_complete_draw_rejection,4,3,"{""constant_preference_probe"": 3, ""no_nonzero_unit_feasible_point"": 3}",1,cd4609b34308bfd5ace8fe94f67c21ab09ea83ef766db2a0a991415dd54833f5,P20_N010_M030_R15_seed120103015.npz
P20_N010_M030_R16_seed120103016,20,10,30,16,120103016,paper_range_complete_draw_rejection,2,1,"{""constant_preference_probe"": 1, ""no_nonzero_unit_feasible_point"": 1}",3,b89f445c3de0c9df4143fab7a3b0da95c68731db8eec6dc2049499c27eff7d27,P20_N010_M030_R16_seed120103016.npz
P20_N010_M030_R17_seed120103017,20,10,30,17,120103017,paper_range_complete_draw_rejection,2,1,"{""constant_preference_probe"": 1, ""no_nonzero_unit_feasible_point"": 1}",1,7a6f25ffce266226e491f1a8aeb138ea5330d023ba214fb9fa8fc0afaf6a638e,P20_N010_M030_R17_seed120103017.npz
P20_N010_M030_R18_seed120103018,20,10,30,18,120103018,paper_range_complete_draw_rejection,7,6,"{""constant_preference_probe"": 6, ""no_nonzero_unit_feasible_point"": 6}",1,e71e6987faa2415b3b62d110dfb0648933eaec4b6210d8291cf11ffd256baf5b,P20_N010_M030_R18_seed120103018.npz
P20_N010_M030_R19_seed120103019,20,10,30,19,120103019,paper_range_complete_draw_rejection,10,9,"{""constant_preference_probe"": 9, ""no_nonzero_unit_feasible_point"": 9}",2,1d0f42be7bdf41bc261aa412db9dde6de17631908df4fda28799a2118cad3e2f,P20_N010_M030_R19_seed120103019.npz
P20_N010_M030_R20_seed120103020,20,10,30,20,120103020,paper_range_complete_draw_rejection,6,5,"{""constant_preference_probe"": 5, ""no_nonzero_unit_feasible_point"": 5}",1,d6f0e8bb5eee6f9c3b34c2e1c731bae26aa491b9ca04318f514f018451e538f3,P20_N010_M030_R20_seed120103020.npz
P20_N010_M030_R21_seed120103021,20,10,30,21,120103021,paper_range_complete_draw_rejection,8,7,"{""constant_preference_probe"": 7, ""no_nonzero_unit_feasible_point"": 7}",2,df9f3b093212697c6e25e79b923ff63ea1d0c94b155db6fc6d3ce962523e3935,P20_N010_M030_R21_seed120103021.npz
P20_N010_M030_R22_seed120103022,20,10,30,22,120103022,paper_range_complete_draw_rejection,5,4,"{""constant_preference_probe"": 4, ""no_nonzero_unit_feasible_point"": 4}",7,c97eb8f51b27b86a63c98f8eebd36fb198af5c45b2a260552530d309f9f0de3b,P20_N010_M030_R22_seed120103022.npz
P20_N010_M030_R23_seed120103023,20,10,30,23,120103023,paper_range_complete_draw_rejection,1,0,{},1,8f87fd0a88343efb4e7673a642fcd58e91e9ea95ec1bdbfd10ec5e052772fad5,P20_N010_M030_R23_seed120103023.npz
P20_N010_M030_R24_seed120103024,20,10,30,24,120103024,paper_range_complete_draw_rejection,3,2,"{""constant_preference_probe"": 2, ""no_nonzero_unit_feasible_point"": 2}",2,60c568310df2a2f95204334aae0c244791edffba009028f48f34d74e79bc65c3,P20_N010_M030_R24_seed120103024.npz
P20_N010_M030_R25_seed120103025,20,10,30,25,120103025,paper_range_complete_draw_rejection,1,0,{},1,96f19f69adfe0d5d43913ac85158855d1e86c5811c570a99545515c453edd495,P20_N010_M030_R25_seed120103025.npz
P20_N010_M030_R26_seed120103026,20,10,30,26,120103026,paper_range_complete_draw_rejection,3,2,"{""constant_preference_probe"": 2, ""no_nonzero_unit_feasible_point"": 2}",1,0cf993276e87e2402b6f052456273cfb54b26078299f7d76241296185dddcfca,P20_N010_M030_R26_seed120103026.npz
P20_N010_M030_R27_seed120103027,20,10,30,27,120103027,paper_range_complete_draw_rejection,3,2,"{""constant_preference_probe"": 2, ""no_nonzero_unit_feasible_point"": 2}",2,76ae89c5a47ef3bce67de32fa07178fe7407beb097b3927a9d61e7f0d27ca384,P20_N010_M030_R27_seed120103027.npz
P20_N010_M030_R28_seed120103028,20,10,30,28,120103028,paper_range_complete_draw_rejection,1,0,{},2,5490e02a1efe83b7c8772f487a341d554d779b525f2a3f19a4e162c00ecce330,P20_N010_M030_R28_seed120103028.npz
P20_N010_M030_R29_seed120103029,20,10,30,29,120103029,paper_range_complete_draw_rejection,7,6,"{""constant_preference_probe"": 6, ""no_nonzero_unit_feasible_point"": 6}",2,cb7fb4eef050de2db7f986b236bfc0577865b24e5f227c67aa8a82ce5d1fb6f4,P20_N010_M030_R29_seed120103029.npz
P20_N010_M030_R30_seed120103030,20,10,30,30,120103030,paper_range_complete_draw_rejection,5,4,"{""constant_preference_probe"": 4, ""no_nonzero_unit_feasible_point"": 4}",1,521866e12de48dc57a58b368c7fc53257bf5cd93558f26409621d38da12dac53,P20_N010_M030_R30_seed120103030.npz
P20_N010_M050_R01_seed120105001,20,10,50,1,120105001,paper_range_complete_draw_rejection,1,0,{},1,a3b071e138830c5b9be482e272b2ee41c035a221980d729952f2f1fb86013a67,P20_N010_M050_R01_seed120105001.npz
P20_N010_M050_R02_seed120105002,20,10,50,2,120105002,paper_range_complete_draw_rejection,34,33,"{""constant_preference_probe"": 33, ""no_nonzero_unit_feasible_point"": 33}",1,87f86fcb57f9a40daa1265c3eb4215fcc039a17b7eef26f629515bd2d398002b,P20_N010_M050_R02_seed120105002.npz
P20_N010_M050_R03_seed120105003,20,10,50,3,120105003,paper_range_complete_draw_rejection,61,60,"{""constant_preference_probe"": 60, ""no_nonzero_unit_feasible_point"": 60}",1,70eef0b5ebc3207252e1710507ffa6058d45fd1d4491ea369c648e88ab5d233c,P20_N010_M050_R03_seed120105003.npz
P20_N010_M050_R04_seed120105004,20,10,50,4,120105004,paper_range_complete_draw_rejection,21,20,"{""constant_preference_probe"": 20, ""no_nonzero_unit_feasible_point"": 20}",1,986a9ffa5ed690ac75123a3805638cd370d079487bd3d7652d15b9a950f37b45,P20_N010_M050_R04_seed120105004.npz
P20_N010_M050_R05_seed120105005,20,10,50,5,120105005,paper_range_complete_draw_rejection,1,0,{},2,fae084c5e85767da7fa6ae11253e52d66948bd7f5b5b218fe6736345dff33515,P20_N010_M050_R05_seed120105005.npz
P20_N010_M050_R06_seed120105006,20,10,50,6,120105006,paper_range_complete_draw_rejection,22,21,"{""constant_preference_probe"": 21, ""no_nonzero_unit_feasible_point"": 21}",1,92c8ed0548375bb40759bd5a6cb9f21f09fee0d75323bb9018e16393c9dc01df,P20_N010_M050_R06_seed120105006.npz
P20_N010_M050_R07_seed120105007,20,10,50,7,120105007,paper_range_complete_draw_rejection,27,26,"{""constant_preference_probe"": 26, ""no_nonzero_unit_feasible_point"": 26}",4,3b0e498dd12d3b52b0186e08a6b3274dc5aea26ffef62109e0bf34ec195dd3f6,P20_N010_M050_R07_seed120105007.npz
P20_N010_M050_R08_seed120105008,20,10,50,8,120105008,paper_range_complete_draw_rejection,63,62,"{""constant_preference_probe"": 62, ""no_nonzero_unit_feasible_point"": 62}",8,9b91c265312a6731402b5f8c726314fc6fbabbc3f2f3a206006e5b2ff262e2b4,P20_N010_M050_R08_seed120105008.npz
P20_N010_M050_R09_seed120105009,20,10,50,9,120105009,paper_range_complete_draw_rejection,17,16,"{""constant_preference_probe"": 16, ""no_nonzero_unit_feasible_point"": 16}",3,62a1de7fd8362cc58dbc28607f4d9922386190890b668b7f86a22c3851742cdb,P20_N010_M050_R09_seed120105009.npz
P20_N010_M050_R10_seed120105010,20,10,50,10,120105010,paper_range_complete_draw_rejection,3,2,"{""constant_preference_probe"": 2, ""no_nonzero_unit_feasible_point"": 2}",1,709b58e8db2a840692b039df698f198f6f3ff0a739159bc920fa4cb32fc7b25c,P20_N010_M050_R10_seed120105010.npz
P20_N010_M050_R11_seed120105011,20,10,50,11,120105011,paper_range_complete_draw_rejection,1,0,{},1,937406542cecc143992e9515d6951435efbb1b4c76dfd609f6dc73d7d54c3421,P20_N010_M050_R11_seed120105011.npz
P20_N010_M050_R12_seed120105012,20,10,50,12,120105012,paper_range_complete_draw_rejection,45,44,"{""constant_preference_probe"": 44, ""no_nonzero_unit_feasible_point"": 44}",2,c4a6ffbe31cfd404d130f70015b1f87aa61e34495adfc9111e5af24ebee40859,P20_N010_M050_R12_seed120105012.npz
P20_N010_M050_R13_seed120105013,20,10,50,13,120105013,paper_range_complete_draw_rejection,8,7,"{""constant_preference_probe"": 7, ""no_nonzero_unit_feasible_point"": 7}",1,6d15a0e9c7534669b2936ab85bce8d3e7559beb386cf4f10bb240ebee29bf74b,P20_N010_M050_R13_seed120105013.npz
P20_N010_M050_R14_seed120105014,20,10,50,14,120105014,paper_range_complete_draw_rejection,61,60,"{""constant_preference_probe"": 60, ""no_nonzero_unit_feasible_point"": 60}",1,013d1fce1eda982cf155cb127266bd1d4ef964793b621cf36543dfa6fbd146bd,P20_N010_M050_R14_seed120105014.npz
P20_N010_M050_R15_seed120105015,20,10,50,15,120105015,paper_range_complete_draw_rejection,6,5,"{""constant_preference_probe"": 5, ""no_nonzero_unit_feasible_point"": 5}",1,42fdcf5e414cceeb2b401d107be3e3677fd8f8eb3db43208a44ab149c34c51f9,P20_N010_M050_R15_seed120105015.npz
P20_N010_M050_R16_seed120105016,20,10,50,16,120105016,paper_range_complete_draw_rejection,3,2,"{""constant_preference_probe"": 2, ""no_nonzero_unit_feasible_point"": 2}",1,98d7b421400f9fe651175b0f00ae70aa621ad514cb92a4e440e6a7b80ea89b06,P20_N010_M050_R16_seed120105016.npz
P20_N010_M050_R17_seed120105017,20,10,50,17,120105017,paper_range_complete_draw_rejection,27,26,"{""constant_preference_probe"": 26, ""no_nonzero_unit_feasible_point"": 26}",1,4d747a74e8f4a94dd926fde7b20fd5e1802541d2f540e06d0f34a7f5e69ada95,P20_N010_M050_R17_seed120105017.npz
P20_N010_M050_R18_seed120105018,20,10,50,18,120105018,paper_range_complete_draw_rejection,20,19,"{""constant_preference_probe"": 19, ""no_nonzero_unit_feasible_point"": 19}",1,ce7eaebbc70419efe78da4dd2f33602fb8bad6180e1c5b857426ba05af79d58b,P20_N010_M050_R18_seed120105018.npz
P20_N010_M050_R19_seed120105019,20,10,50,19,120105019,paper_range_complete_draw_rejection,12,11,"{""constant_preference_probe"": 11, ""no_nonzero_unit_feasible_point"": 11}",1,9fd483835400cc39ab132483f9b62d836c158e3360a8a047774b47bb9f02efce,P20_N010_M050_R19_seed120105019.npz
P20_N010_M050_R20_seed120105020,20,10,50,20,120105020,paper_range_complete_draw_rejection,59,58,"{""constant_preference_probe"": 58, ""no_nonzero_unit_feasible_point"": 58}",3,7249df8968a8fdde71d7b171b92ba621c3dda5e6572f4ac5ff11d31ae7bfdede,P20_N010_M050_R20_seed120105020.npz
P20_N010_M050_R21_seed120105021,20,10,50,21,120105021,paper_range_complete_draw_rejection,112,111,"{""constant_preference_probe"": 111, ""no_nonzero_unit_feasible_point"": 111}",1,2d5b4dad04d0d48261111525a08d577284fa861eac141d9d446ce280317121e2,P20_N010_M050_R21_seed120105021.npz
P20_N010_M050_R22_seed120105022,20,10,50,22,120105022,paper_range_complete_draw_rejection,19,18,"{""constant_preference_probe"": 18, ""no_nonzero_unit_feasible_point"": 18}",2,e231815d8fa7bc63e0e60b259cec3e13c00d02638dcceb6114521da43e674b3c,P20_N010_M050_R22_seed120105022.npz
P20_N010_M050_R23_seed120105023,20,10,50,23,120105023,paper_range_complete_draw_rejection,11,10,"{""constant_preference_probe"": 10, ""no_nonzero_unit_feasible_point"": 10}",1,898f5da7efce45b93f486e00ddf99b69c0129d648f106e598faefdd051e3e8ae,P20_N010_M050_R23_seed120105023.npz
P20_N010_M050_R24_seed120105024,20,10,50,24,120105024,paper_range_complete_draw_rejection,53,52,"{""constant_preference_probe"": 52, ""no_nonzero_unit_feasible_point"": 52}",4,95a917799692234a23686770fd2fa65ee1e94144193341e8179e7e7e8806318e,P20_N010_M050_R24_seed120105024.npz
P20_N010_M050_R25_seed120105025,20,10,50,25,120105025,paper_range_complete_draw_rejection,22,21,"{""constant_preference_probe"": 21, ""no_nonzero_unit_feasible_point"": 21}",1,c6e4731df59a4d86216350f47c602fc4120b4861300f6ca8ea1baf784db4edcd,P20_N010_M050_R25_seed120105025.npz
P20_N010_M050_R26_seed120105026,20,10,50,26,120105026,paper_range_complete_draw_rejection,28,27,"{""constant_preference_probe"": 27, ""no_nonzero_unit_feasible_point"": 27}",1,73f3a3a297688d0e6207bac011490126dfc75e869a9e4856db8cef0fcf79f638,P20_N010_M050_R26_seed120105026.npz
P20_N010_M050_R27_seed120105027,20,10,50,27,120105027,paper_range_complete_draw_rejection,55,54,"{""constant_preference_probe"": 54, ""no_nonzero_unit_feasible_point"": 54}",1,02aed927cea0260259243e5247cd3eac51ba4ef095eb56a44889d8a0daede36a,P20_N010_M050_R27_seed120105027.npz
P20_N010_M050_R28_seed120105028,20,10,50,28,120105028,paper_range_complete_draw_rejection,1,0,{},1,d46c968ea74c16d3003eb3d5324bfdf6adbf846eb63aadcf014deb6f6951dacd,P20_N010_M050_R28_seed120105028.npz
P20_N010_M050_R29_seed120105029,20,10,50,29,120105029,paper_range_complete_draw_rejection,9,8,"{""constant_preference_probe"": 8, ""no_nonzero_unit_feasible_point"": 8}",1,7f9f9c7e30b351bd3a0db68a1bbd89028600393318de1649e7a8572fa25bd864,P20_N010_M050_R29_seed120105029.npz
P20_N010_M050_R30_seed120105030,20,10,50,30,120105030,paper_range_complete_draw_rejection,32,31,"{""constant_preference_probe"": 31, ""no_nonzero_unit_feasible_point"": 31}",5,4f4c3c3a305b1357083f7dd51056c76d9278ea319d0eef1e00809f498415d374,P20_N010_M050_R30_seed120105030.npz
P20_N020_M010_R01_seed120201001,20,20,10,1,120201001,paper_range_complete_draw_rejection,1,0,{},1,d96dafbae388c0767671b360847f532ee7414a09f6d681db84ab0b090c2c227e,P20_N020_M010_R01_seed120201001.npz
P20_N020_M010_R02_seed120201002,20,20,10,2,120201002,paper_range_complete_draw_rejection,1,0,{},20,e41764d83b4b5d8a5c4887b2505d318c594e626641b75027c2850c81ec6bb3e5,P20_N020_M010_R02_seed120201002.npz
P20_N020_M010_R03_seed120201003,20,20,10,3,120201003,paper_range_complete_draw_rejection,1,0,{},14,a767d3ce827e7d1c7dbbac00dd34c0fd5a15a4aeca15bcab2f98f338f03f9cfc,P20_N020_M010_R03_seed120201003.npz
P20_N020_M010_R04_seed120201004,20,20,10,4,120201004,paper_range_complete_draw_rejection,1,0,{},14,3ed2f8e9dbcf26dac6b8b0e07d4a1fcd7a64e07f238af238c1871b48c6a868fc,P20_N020_M010_R04_seed120201004.npz
P20_N020_M010_R05_seed120201005,20,20,10,5,120201005,paper_range_complete_draw_rejection,2,1,"{""constant_preference_probe"": 1, ""no_nonzero_unit_feasible_point"": 1}",20,21ccdd90fc7bf52a66c0c82a405da56fe829febcb73db37a33a02a808804b02d,P20_N020_M010_R05_seed120201005.npz
P20_N020_M010_R06_seed120201006,20,20,10,6,120201006,paper_range_complete_draw_rejection,1,0,{},14,dd67f1807799110791333c8227bb00678192097207a55c48f085d633e760e482,P20_N020_M010_R06_seed120201006.npz
P20_N020_M010_R07_seed120201007,20,20,10,7,120201007,paper_range_complete_draw_rejection,1,0,{},1,f051150e103e10fc27c05f21c078d8e2b3aaa130f290b8ec0a371410a03d3ebb,P20_N020_M010_R07_seed120201007.npz
P20_N020_M010_R08_seed120201008,20,20,10,8,120201008,paper_range_complete_draw_rejection,1,0,{},10,10b8dc881552792821cb3923fc3934a5fe03d19e6fab92a6fd3dbe4f6b5e2e08,P20_N020_M010_R08_seed120201008.npz
P20_N020_M010_R09_seed120201009,20,20,10,9,120201009,paper_range_complete_draw_rejection,1,0,{},18,1d4ed67b47da3202c6f14330d66e9528bceb46717135bcb0f3beaf0ab545d427,P20_N020_M010_R09_seed120201009.npz
P20_N020_M010_R10_seed120201010,20,20,10,10,120201010,paper_range_complete_draw_rejection,1,0,{},15,b5c69fec75cc24c36b699ab4e1c35131acc85f867c21f02c9e101972ceff172e,P20_N020_M010_R10_seed120201010.npz
P20_N020_M010_R11_seed120201011,20,20,10,11,120201011,paper_range_complete_draw_rejection,1,0,{},9,c1c3f8acbf3251a7df04756c32c94df504a4c9f7be1d44188181aaa0d7eba3a8,P20_N020_M010_R11_seed120201011.npz
P20_N020_M010_R12_seed120201012,20,20,10,12,120201012,paper_range_complete_draw_rejection,1,0,{},14,9443fdbb2202f633669e34ee9dc86f9f78a8e8d23b27841bffc8d634e011ae24,P20_N020_M010_R12_seed120201012.npz
P20_N020_M010_R13_seed120201013,20,20,10,13,120201013,paper_range_complete_draw_rejection,1,0,{},6,a1ee1ae3822e6c4918ca68dc7736cf8db4737eca4319ffb9811b4a0a7912fd30,P20_N020_M010_R13_seed120201013.npz
P20_N020_M010_R14_seed120201014,20,20,10,14,120201014,paper_range_complete_draw_rejection,1,0,{},2,7ae3eed5a8de3d24c46458ffffaa9c8c8b98d41f0d0bb12f899224d0568bdc53,P20_N020_M010_R14_seed120201014.npz
P20_N020_M010_R15_seed120201015,20,20,10,15,120201015,paper_range_complete_draw_rejection,1,0,{},1,d4c564340d6a1a5f61b027c2f3bb7d0587bf5cb69dedf15f53cff960e586dab1,P20_N020_M010_R15_seed120201015.npz
P20_N020_M010_R16_seed120201016,20,20,10,16,120201016,paper_range_complete_draw_rejection,1,0,{},3,a51310c09adcb853b11e5fed6488bf45d0504ce6dad28980349872368ebe28d5,P20_N020_M010_R16_seed120201016.npz
P20_N020_M010_R17_seed120201017,20,20,10,17,120201017,paper_range_complete_draw_rejection,2,1,"{""constant_preference_probe"": 1, ""no_nonzero_unit_feasible_point"": 1}",13,91b22b3509376dd2478beafde2586447d748d82c5afc78e5b88e294abe74d4ec,P20_N020_M010_R17_seed120201017.npz
P20_N020_M010_R18_seed120201018,20,20,10,18,120201018,paper_range_complete_draw_rejection,1,0,{},5,51fcc1caa6b0cbc989aa688114bdea8fe091fe547a97077143a1412ca7888a91,P20_N020_M010_R18_seed120201018.npz
P20_N020_M010_R19_seed120201019,20,20,10,19,120201019,paper_range_complete_draw_rejection,1,0,{},5,4f6825e752cd569b31dd4ecd18fd41a2c553167072633622c48bd0903b09b333,P20_N020_M010_R19_seed120201019.npz
P20_N020_M010_R20_seed120201020,20,20,10,20,120201020,paper_range_complete_draw_rejection,1,0,{},1,798a428ffa5b726e5816a8c45aba025d61a4f1b957259656706311f37b99e532,P20_N020_M010_R20_seed120201020.npz
P20_N020_M010_R21_seed120201021,20,20,10,21,120201021,paper_range_complete_draw_rejection,1,0,{},5,f18c428e34704b9582db00db3ca2cbc627b2bba5393aee9471445887d390df3b,P20_N020_M010_R21_seed120201021.npz
P20_N020_M010_R22_seed120201022,20,20,10,22,120201022,paper_range_complete_draw_rejection,1,0,{},20,32a596ff3a21e23739af786ac8363c4bac7159eb3a02458865cd665669152e16,P20_N020_M010_R22_seed120201022.npz
P20_N020_M010_R23_seed120201023,20,20,10,23,120201023,paper_range_complete_draw_rejection,2,1,"{""constant_preference_probe"": 1, ""no_nonzero_unit_feasible_point"": 1}",20,019cb8dd2cdc0ecd102a6c6e2c6323d907c9740839602de82e9b417cd833e595,P20_N020_M010_R23_seed120201023.npz
P20_N020_M010_R24_seed120201024,20,20,10,24,120201024,paper_range_complete_draw_rejection,1,0,{},16,822e7a4b2029e3ce5973a786fec02b3c85238352f3e5e4bf5886af504c3dbffc,P20_N020_M010_R24_seed120201024.npz
P20_N020_M010_R25_seed120201025,20,20,10,25,120201025,paper_range_complete_draw_rejection,2,1,"{""constant_preference_probe"": 1, ""no_nonzero_unit_feasible_point"": 1}",19,abf12e67f449a0424ed56fc420bdccae25c62d124dd85f9fc9aac0faea759a65,P20_N020_M010_R25_seed120201025.npz
P20_N020_M010_R26_seed120201026,20,20,10,26,120201026,paper_range_complete_draw_rejection,1,0,{},2,25df3bc9bdcbb24b90489399a42b98c81d449f3b2b9c3525104e71af71d67e46,P20_N020_M010_R26_seed120201026.npz
P20_N020_M010_R27_seed120201027,20,20,10,27,120201027,paper_range_complete_draw_rejection,1,0,{},6,ba6871563b6bd4f73540d044dcaee4f74afc47f738daf87ea7da9039691dc32b,P20_N020_M010_R27_seed120201027.npz
P20_N020_M010_R28_seed120201028,20,20,10,28,120201028,paper_range_complete_draw_rejection,1,0,{},16,1e899aa557f05aa86ac27b50ad0bd9989aa4a1f4d2f4d29392de7e45025b4fe9,P20_N020_M010_R28_seed120201028.npz
P20_N020_M010_R29_seed120201029,20,20,10,29,120201029,paper_range_complete_draw_rejection,1,0,{},20,7b7804dee59f70fc98b2e8ffe43086cf89e1b7fa363d31b623a8a6cdb254ac53,P20_N020_M010_R29_seed120201029.npz
P20_N020_M010_R30_seed120201030,20,20,10,30,120201030,paper_range_complete_draw_rejection,1,0,{},3,e86f39fe0cf3ffe0956ed3ed81762a56be3312b809815b50e7846ef148f29400,P20_N020_M010_R30_seed120201030.npz
P20_N020_M020_R01_seed120202001,20,20,20,1,120202001,paper_range_complete_draw_rejection,1,0,{},4,4b0fa4bd9ee3c514e0125e4f304d215218682bf072ec41afcd7b64f88a6c0445,P20_N020_M020_R01_seed120202001.npz
P20_N020_M020_R02_seed120202002,20,20,20,2,120202002,paper_range_complete_draw_rejection,4,3,"{""constant_preference_probe"": 3, ""no_nonzero_unit_feasible_point"": 3}",14,31fcf95684e4049b6ad13659257154d5e4b193adc0a2886c2baa5fa1b1f97456,P20_N020_M020_R02_seed120202002.npz
P20_N020_M020_R03_seed120202003,20,20,20,3,120202003,paper_range_complete_draw_rejection,3,2,"{""constant_preference_probe"": 2, ""no_nonzero_unit_feasible_point"": 2}",8,1783ed4be3e2ac86b77ab011f74ac440e20c968741fdee28ea1215ba01c54abb,P20_N020_M020_R03_seed120202003.npz
P20_N020_M020_R04_seed120202004,20,20,20,4,120202004,paper_range_complete_draw_rejection,1,0,{},1,9a69c32417911cb1edd632df26f04072af4e627970ef436e8ffb74b9c720f241,P20_N020_M020_R04_seed120202004.npz
P20_N020_M020_R05_seed120202005,20,20,20,5,120202005,paper_range_complete_draw_rejection,2,1,"{""constant_preference_probe"": 1, ""no_nonzero_unit_feasible_point"": 1}",6,d211085db51bab2c942efe8ff8911ddca2c3004aab7c840922eb352e54e7baef,P20_N020_M020_R05_seed120202005.npz
P20_N020_M020_R06_seed120202006,20,20,20,6,120202006,paper_range_complete_draw_rejection,1,0,{},1,29141c49b8f43506f16d74c37684853edd4109aa5d5ba08265e83ee8ba78a2a5,P20_N020_M020_R06_seed120202006.npz
P20_N020_M020_R07_seed120202007,20,20,20,7,120202007,paper_range_complete_draw_rejection,2,1,"{""constant_preference_probe"": 1, ""no_nonzero_unit_feasible_point"": 1}",2,53edce6d22c48627424b6c72c544f7b46c2a6ea6714ad6043e85f898b93ce389,P20_N020_M020_R07_seed120202007.npz
P20_N020_M020_R08_seed120202008,20,20,20,8,120202008,paper_range_complete_draw_rejection,2,1,"{""constant_preference_probe"": 1, ""no_nonzero_unit_feasible_point"": 1}",1,d9b13a238de946c33944582c2db2ab031e65daa44795b0db9767db873f48f0aa,P20_N020_M020_R08_seed120202008.npz
P20_N020_M020_R09_seed120202009,20,20,20,9,120202009,paper_range_complete_draw_rejection,1,0,{},20,563396a8b0f08a86bbaf2e440cb497c83173bc7474cbf7f967fae7849bc3cfa7,P20_N020_M020_R09_seed120202009.npz
P20_N020_M020_R10_seed120202010,20,20,20,10,120202010,paper_range_complete_draw_rejection,6,5,"{""constant_preference_probe"": 5, ""no_nonzero_unit_feasible_point"": 5}",1,f38ae5fa1ea2d2897fd8c15cc20f347f9f53b9eb59534886116aea692af12a04,P20_N020_M020_R10_seed120202010.npz
P20_N020_M020_R11_seed120202011,20,20,20,11,120202011,paper_range_complete_draw_rejection,2,1,"{""constant_preference_probe"": 1, ""no_nonzero_unit_feasible_point"": 1}",3,d1fa6ac77388909b1be575aba585b4fa95352ed9e375176ec47d259c28768bb5,P20_N020_M020_R11_seed120202011.npz
P20_N020_M020_R12_seed120202012,20,20,20,12,120202012,paper_range_complete_draw_rejection,1,0,{},2,09d38603f594ef45b5195ce2c3736cbfa30ae2ee32571fc6a0fca071bb7c8778,P20_N020_M020_R12_seed120202012.npz
P20_N020_M020_R13_seed120202013,20,20,20,13,120202013,paper_range_complete_draw_rejection,2,1,"{""constant_preference_probe"": 1, ""no_nonzero_unit_feasible_point"": 1}",1,5146bc2a18b1f3da56bcc5e4d25cce6dcb868730122be9034d60e0020c31f7bb,P20_N020_M020_R13_seed120202013.npz
P20_N020_M020_R14_seed120202014,20,20,20,14,120202014,paper_range_complete_draw_rejection,3,2,"{""constant_preference_probe"": 2, ""no_nonzero_unit_feasible_point"": 2}",3,eafdec74610cc01213c189f14cfe2384342589e518d32d98da92853ee1b41b43,P20_N020_M020_R14_seed120202014.npz
P20_N020_M020_R15_seed120202015,20,20,20,15,120202015,paper_range_complete_draw_rejection,4,3,"{""constant_preference_probe"": 3, ""no_nonzero_unit_feasible_point"": 3}",4,81af89bc0e47df60b7b1cf79109b1e241285af97839bfa5e6da3eb2aa2168fd8,P20_N020_M020_R15_seed120202015.npz
P20_N020_M020_R16_seed120202016,20,20,20,16,120202016,paper_range_complete_draw_rejection,3,2,"{""constant_preference_probe"": 2, ""no_nonzero_unit_feasible_point"": 2}",3,5a8c3dca5728c49ad961ea1b01172fdb49f9b7b6af047665b86b37a2f14ef561,P20_N020_M020_R16_seed120202016.npz
P20_N020_M020_R17_seed120202017,20,20,20,17,120202017,paper_range_complete_draw_rejection,1,0,{},10,8b74214c56712e1fe894c8a047a711164dacce5caf20db06dddad1bf47e945a2,P20_N020_M020_R17_seed120202017.npz
P20_N020_M020_R18_seed120202018,20,20,20,18,120202018,paper_range_complete_draw_rejection,2,1,"{""constant_preference_probe"": 1, ""no_nonzero_unit_feasible_point"": 1}",15,38364cd6ebc946e35d5da2d709bb7212a635453a1afc0fbffaa12c5c448811b3,P20_N020_M020_R18_seed120202018.npz
P20_N020_M020_R19_seed120202019,20,20,20,19,120202019,paper_range_complete_draw_rejection,1,0,{},14,5a046dbb36d1c2f05e54d8230671a957a2a0f1c198081bd698e73a61121d655c,P20_N020_M020_R19_seed120202019.npz
P20_N020_M020_R20_seed120202020,20,20,20,20,120202020,paper_range_complete_draw_rejection,2,1,"{""constant_preference_probe"": 1, ""no_nonzero_unit_feasible_point"": 1}",1,a0ae14fb455f09c45629cb06fe0e3f139388aa27b123d023f63eb03db49ee0b5,P20_N020_M020_R20_seed120202020.npz
P20_N020_M020_R21_seed120202021,20,20,20,21,120202021,paper_range_complete_draw_rejection,2,1,"{""constant_preference_probe"": 1, ""no_nonzero_unit_feasible_point"": 1}",1,50e4903ca948d7a8bc20fe8874144e6faef94978c712d262d17ee73d7432ed0b,P20_N020_M020_R21_seed120202021.npz
P20_N020_M020_R22_seed120202022,20,20,20,22,120202022,paper_range_complete_draw_rejection,2,1,"{""constant_preference_probe"": 1, ""no_nonzero_unit_feasible_point"": 1}",1,41d2adbec21bf3e5c8eea183c88dc3a19aa021f46a7fca8283ce7b4352e7be53,P20_N020_M020_R22_seed120202022.npz
P20_N020_M020_R23_seed120202023,20,20,20,23,120202023,paper_range_complete_draw_rejection,1,0,{},1,6083cdf152b5c27284563fca4eb235cd607e8e959efdf318acd0c21ca0a1245d,P20_N020_M020_R23_seed120202023.npz
P20_N020_M020_R24_seed120202024,20,20,20,24,120202024,paper_range_complete_draw_rejection,4,3,"{""constant_preference_probe"": 3, ""no_nonzero_unit_feasible_point"": 3}",1,344a3a24aafcfc9a39be6215e380289a84bb5f5f58a248ae2ac54d09315b910e,P20_N020_M020_R24_seed120202024.npz
P20_N020_M020_R25_seed120202025,20,20,20,25,120202025,paper_range_complete_draw_rejection,1,0,{},1,527f4e2c5905c554234649715dc62e8fb72d43eaad2a9721fe6b256f2f5c94dd,P20_N020_M020_R25_seed120202025.npz
P20_N020_M020_R26_seed120202026,20,20,20,26,120202026,paper_range_complete_draw_rejection,2,1,"{""constant_preference_probe"": 1, ""no_nonzero_unit_feasible_point"": 1}",3,4bbdee77dcb116ba126a90c25aec43feb2057839bbd89327656328f3efa5ce7c,P20_N020_M020_R26_seed120202026.npz
P20_N020_M020_R27_seed120202027,20,20,20,27,120202027,paper_range_complete_draw_rejection,2,1,"{""constant_preference_probe"": 1, ""no_nonzero_unit_feasible_point"": 1}",10,0b247b3d4a6fb9bbc099c4c5adde9d0898caeb134b14e736b355b338fa6c45fe,P20_N020_M020_R27_seed120202027.npz
P20_N020_M020_R28_seed120202028,20,20,20,28,120202028,paper_range_complete_draw_rejection,2,1,"{""constant_preference_probe"": 1, ""no_nonzero_unit_feasible_point"": 1}",17,93cbeda3b7417c5e55fd9d5f4fd3a91dc60fb57a2c4c10193d39f690ba166116,P20_N020_M020_R28_seed120202028.npz
P20_N020_M020_R29_seed120202029,20,20,20,29,120202029,paper_range_complete_draw_rejection,4,3,"{""constant_preference_probe"": 3, ""no_nonzero_unit_feasible_point"": 3}",8,1bdd76239dab1b1f3d128eba8d45b30f76cdabb40648bc99ae7040795b349b09,P20_N020_M020_R29_seed120202029.npz
P20_N020_M020_R30_seed120202030,20,20,20,30,120202030,paper_range_complete_draw_rejection,2,1,"{""constant_preference_probe"": 1, ""no_nonzero_unit_feasible_point"": 1}",1,e3fe79357013b5e59e1620e9110426b60a6c19af2e8ccf273efad316306cf427,P20_N020_M020_R30_seed120202030.npz
P20_N020_M030_R01_seed120203001,20,20,30,1,120203001,paper_range_complete_draw_rejection,1,0,{},4,acc021e6591d9f336b91219d73034e1b83752bb45be7b702c9b93ffd1adc063e,P20_N020_M030_R01_seed120203001.npz
P20_N020_M030_R02_seed120203002,20,20,30,2,120203002,paper_range_complete_draw_rejection,1,0,{},5,e1be03f9118595d03ba72245cffeea06484b8f5099d716f242ea39e4f2f37006,P20_N020_M030_R02_seed120203002.npz
P20_N020_M030_R03_seed120203003,20,20,30,3,120203003,paper_range_complete_draw_rejection,5,4,"{""constant_preference_probe"": 4, ""no_nonzero_unit_feasible_point"": 4}",1,99967fe3d8515f63e620e2b82809ed8c97b0ef5538da8b24f408fb297d8d70f6,P20_N020_M030_R03_seed120203003.npz
P20_N020_M030_R04_seed120203004,20,20,30,4,120203004,paper_range_complete_draw_rejection,5,4,"{""constant_preference_probe"": 4, ""no_nonzero_unit_feasible_point"": 4}",7,6e19e4faef80f091d89261ed4b73f238572c425455deef8f99fd664a451496f3,P20_N020_M030_R04_seed120203004.npz
P20_N020_M030_R05_seed120203005,20,20,30,5,120203005,paper_range_complete_draw_rejection,1,0,{},1,c84bb594756b32acb42ba0a978430ca65f0a600dc078d098f00be5a246cb4f02,P20_N020_M030_R05_seed120203005.npz
P20_N020_M030_R06_seed120203006,20,20,30,6,120203006,paper_range_complete_draw_rejection,1,0,{},1,e85f2497c1c55c90ea3351648d8301988a27d6edfbcad54d6ce8b4268c1bdff5,P20_N020_M030_R06_seed120203006.npz
P20_N020_M030_R07_seed120203007,20,20,30,7,120203007,paper_range_complete_draw_rejection,3,2,"{""constant_preference_probe"": 2, ""no_nonzero_unit_feasible_point"": 2}",1,45b4e5299956ea42dfcb0fa11b652c1e227b4a5f6263390c0991701653d7a0ff,P20_N020_M030_R07_seed120203007.npz
P20_N020_M030_R08_seed120203008,20,20,30,8,120203008,paper_range_complete_draw_rejection,2,1,"{""constant_preference_probe"": 1, ""no_nonzero_unit_feasible_point"": 1}",1,6502dc5a65b588b4d90777812db951dba02e6247df9ecb3b626697be491622f6,P20_N020_M030_R08_seed120203008.npz
P20_N020_M030_R09_seed120203009,20,20,30,9,120203009,paper_range_complete_draw_rejection,2,1,"{""constant_preference_probe"": 1, ""no_nonzero_unit_feasible_point"": 1}",2,cbb3c7a0f65efe616fb6c8ac5432b1d1b87cbc13e466200e9533816f6715162f,P20_N020_M030_R09_seed120203009.npz
P20_N020_M030_R10_seed120203010,20,20,30,10,120203010,paper_range_complete_draw_rejection,9,8,"{""constant_preference_probe"": 8, ""no_nonzero_unit_feasible_point"": 8}",5,54639456f9ce9d712ed7443f409ebb08b669a3ac2ecf4a45e3965ef4aed1d8ef,P20_N020_M030_R10_seed120203010.npz
P20_N020_M030_R11_seed120203011,20,20,30,11,120203011,paper_range_complete_draw_rejection,5,4,"{""constant_preference_probe"": 4, ""no_nonzero_unit_feasible_point"": 4}",2,513ee28a7f3a78a5615b0b45b4ea97de63070fca2ec43892a8c96f97ee054893,P20_N020_M030_R11_seed120203011.npz
P20_N020_M030_R12_seed120203012,20,20,30,12,120203012,paper_range_complete_draw_rejection,10,9,"{""constant_preference_probe"": 9, ""no_nonzero_unit_feasible_point"": 9}",12,c5efbccbff5a1f9cb1213c24d085f6c2c14fef061bf2057b5e2261a8705a8617,P20_N020_M030_R12_seed120203012.npz
P20_N020_M030_R13_seed120203013,20,20,30,13,120203013,paper_range_complete_draw_rejection,14,13,"{""constant_preference_probe"": 13, ""no_nonzero_unit_feasible_point"": 13}",1,ff36209d67e395435520be56d55b52781f2d757a188d5f3a0a9f698b5872cf3b,P20_N020_M030_R13_seed120203013.npz
P20_N020_M030_R14_seed120203014,20,20,30,14,120203014,paper_range_complete_draw_rejection,4,3,"{""constant_preference_probe"": 3, ""no_nonzero_unit_feasible_point"": 3}",1,59a2f299df98e6a3d0df9fcdee4fe6bd7330b6a94c8757d35cd5b6d07697d10f,P20_N020_M030_R14_seed120203014.npz
P20_N020_M030_R15_seed120203015,20,20,30,15,120203015,paper_range_complete_draw_rejection,13,12,"{""constant_preference_probe"": 12, ""no_nonzero_unit_feasible_point"": 12}",2,6075dd5185ebe706fbc4a5e01b23166800e167695534ec68d5468fbb78c748e4,P20_N020_M030_R15_seed120203015.npz
P20_N020_M030_R16_seed120203016,20,20,30,16,120203016,paper_range_complete_draw_rejection,15,14,"{""constant_preference_probe"": 14, ""no_nonzero_unit_feasible_point"": 14}",1,fd9c655d2b827037a172eb34282e8083e448cf6878d444918cfc6d607d04760b,P20_N020_M030_R16_seed120203016.npz
P20_N020_M030_R17_seed120203017,20,20,30,17,120203017,paper_range_complete_draw_rejection,1,0,{},1,b69fdbc1e8dd4a3af9ae175adc35ce7947821065698dd8a9527f890a90e61be8,P20_N020_M030_R17_seed120203017.npz
P20_N020_M030_R18_seed120203018,20,20,30,18,120203018,paper_range_complete_draw_rejection,4,3,"{""constant_preference_probe"": 3, ""no_nonzero_unit_feasible_point"": 3}",1,3941e346d68b9ebe190440ba6b520cd05333e840e6b96d58e541605e1fe0fe82,P20_N020_M030_R18_seed120203018.npz
P20_N020_M030_R19_seed120203019,20,20,30,19,120203019,paper_range_complete_draw_rejection,1,0,{},2,30faa566a57dc27fcf878706f7d7cd9a0601fb3f0273479cae475c6b69df388f,P20_N020_M030_R19_seed120203019.npz
P20_N020_M030_R20_seed120203020,20,20,30,20,120203020,paper_range_complete_draw_rejection,15,14,"{""constant_preference_probe"": 14, ""no_nonzero_unit_feasible_point"": 14}",4,a84105eed208a323fac01b6d7e6382d2048e8910242728a37c13e5f8b227a7f8,P20_N020_M030_R20_seed120203020.npz
P20_N020_M030_R21_seed120203021,20,20,30,21,120203021,paper_range_complete_draw_rejection,4,3,"{""constant_preference_probe"": 3, ""no_nonzero_unit_feasible_point"": 3}",1,917ff7d1762060f37ba52418adb9651b7d28b992633b3353186840a5907a59db,P20_N020_M030_R21_seed120203021.npz
P20_N020_M030_R22_seed120203022,20,20,30,22,120203022,paper_range_complete_draw_rejection,1,0,{},1,39143a24490e05bb1388992973c4a5d1b64cb4bdcad6b09f7bb8c993d224eea6,P20_N020_M030_R22_seed120203022.npz
P20_N020_M030_R23_seed120203023,20,20,30,23,120203023,paper_range_complete_draw_rejection,1,0,{},1,10385565a10437a8475750db50f7ef8e08641a219066ac683579094bf03fb80f,P20_N020_M030_R23_seed120203023.npz
P20_N020_M030_R24_seed120203024,20,20,30,24,120203024,paper_range_complete_draw_rejection,3,2,"{""constant_preference_probe"": 2, ""no_nonzero_unit_feasible_point"": 2}",1,9cec010c3def1e2ab835f780773821ebb6efc081bd4d24254a4c26e59d9bf126,P20_N020_M030_R24_seed120203024.npz
P20_N020_M030_R25_seed120203025,20,20,30,25,120203025,paper_range_complete_draw_rejection,8,7,"{""constant_preference_probe"": 7, ""no_nonzero_unit_feasible_point"": 7}",4,ea30f6c57d0123118b438969d0042ae5a1cd6967fcab83f4b325a496c91f5c44,P20_N020_M030_R25_seed120203025.npz
P20_N020_M030_R26_seed120203026,20,20,30,26,120203026,paper_range_complete_draw_rejection,2,1,"{""constant_preference_probe"": 1, ""no_nonzero_unit_feasible_point"": 1}",1,65948be4cb17229b4630af14fff147a311ca9c03ab42dd3071b825848e7a710e,P20_N020_M030_R26_seed120203026.npz
P20_N020_M030_R27_seed120203027,20,20,30,27,120203027,paper_range_complete_draw_rejection,1,0,{},1,1ae53adf9806ecda7a45c7b7d0c04e945e04fdfb02bc081366a60f21f4d2111d,P20_N020_M030_R27_seed120203027.npz
P20_N020_M030_R28_seed120203028,20,20,30,28,120203028,paper_range_complete_draw_rejection,2,1,"{""constant_preference_probe"": 1, ""no_nonzero_unit_feasible_point"": 1}",4,232936c1ca563bbcdaec6103acee1af1ca1cab64cc7bb3e9a5a658ed7528be72,P20_N020_M030_R28_seed120203028.npz
P20_N020_M030_R29_seed120203029,20,20,30,29,120203029,paper_range_complete_draw_rejection,1,0,{},1,5c00d9f6255f957a3d8c0f8efc4314eee18b41f48e81ef14c001434e0b294d02,P20_N020_M030_R29_seed120203029.npz
P20_N020_M030_R30_seed120203030,20,20,30,30,120203030,paper_range_complete_draw_rejection,1,0,{},1,2b44d345fe9f7ebe9cb770a6999d534baeffe23c62b9394d0ec66a06144baffa,P20_N020_M030_R30_seed120203030.npz
P20_N020_M050_R01_seed120205001,20,20,50,1,120205001,paper_range_complete_draw_rejection,2,1,"{""constant_preference_probe"": 1, ""no_nonzero_unit_feasible_point"": 1}",1,c9f5323f18b9aa66f03b283c405c59058b267993875fadfb4e40ed42b9404e15,P20_N020_M050_R01_seed120205001.npz
P20_N020_M050_R02_seed120205002,20,20,50,2,120205002,paper_range_complete_draw_rejection,10,9,"{""constant_preference_probe"": 9, ""no_nonzero_unit_feasible_point"": 9}",6,3aa027a915056716bfe842d762c752b6d83af5c91bcdcfef4dbcacbfd19e66f4,P20_N020_M050_R02_seed120205002.npz
P20_N020_M050_R03_seed120205003,20,20,50,3,120205003,paper_range_complete_draw_rejection,12,11,"{""constant_preference_probe"": 11, ""no_nonzero_unit_feasible_point"": 11}",1,50eb5ea692488f7e1e46f988087a21b6042221f283eb23e13df17da965b2e22e,P20_N020_M050_R03_seed120205003.npz
P20_N020_M050_R04_seed120205004,20,20,50,4,120205004,paper_range_complete_draw_rejection,12,11,"{""constant_preference_probe"": 11, ""no_nonzero_unit_feasible_point"": 11}",12,045119bfc738e0c049859b73a02df08d3e646ecc6ded41c0c57a099ffebdb991,P20_N020_M050_R04_seed120205004.npz
P20_N020_M050_R05_seed120205005,20,20,50,5,120205005,paper_range_complete_draw_rejection,42,41,"{""constant_preference_probe"": 41, ""no_nonzero_unit_feasible_point"": 41}",3,11903aeda9ed44622857f7265bfd79038624a6efffeaef2354ee2031b64bb2ab,P20_N020_M050_R05_seed120205005.npz
P20_N020_M050_R06_seed120205006,20,20,50,6,120205006,paper_range_complete_draw_rejection,29,28,"{""constant_preference_probe"": 28, ""no_nonzero_unit_feasible_point"": 28}",5,38876efb6640515192f497c2965679199b9c712fd576829c93ee6bbb616849d9,P20_N020_M050_R06_seed120205006.npz
P20_N020_M050_R07_seed120205007,20,20,50,7,120205007,paper_range_complete_draw_rejection,9,8,"{""constant_preference_probe"": 8, ""no_nonzero_unit_feasible_point"": 8}",1,c16a080e311abd1931f09100736b200734c8ebbf055e889415b0e023fa2ab553,P20_N020_M050_R07_seed120205007.npz
P20_N020_M050_R08_seed120205008,20,20,50,8,120205008,paper_range_complete_draw_rejection,48,47,"{""constant_preference_probe"": 47, ""no_nonzero_unit_feasible_point"": 47}",1,183c12e1cfbc4d27e18e651902f9983fdea39f6f03bf952b772d164b816bef07,P20_N020_M050_R08_seed120205008.npz
P20_N020_M050_R09_seed120205009,20,20,50,9,120205009,paper_range_complete_draw_rejection,13,12,"{""constant_preference_probe"": 12, ""no_nonzero_unit_feasible_point"": 12}",1,d88ec5aa37f84ceb1780193b2f98e1b5fcb832283dfbc2ca704699fae10c3350,P20_N020_M050_R09_seed120205009.npz
P20_N020_M050_R10_seed120205010,20,20,50,10,120205010,paper_range_complete_draw_rejection,56,55,"{""constant_preference_probe"": 55, ""no_nonzero_unit_feasible_point"": 55}",1,cbf39c78c29b03f01707e36b2b0e0aacd51350bfeb74fb0f8b746fed33fa626d,P20_N020_M050_R10_seed120205010.npz
P20_N020_M050_R11_seed120205011,20,20,50,11,120205011,paper_range_complete_draw_rejection,39,38,"{""constant_preference_probe"": 38, ""no_nonzero_unit_feasible_point"": 38}",2,8d93315dc9658c74a3a5b34e2789457cea4fc1a551ab475d7edd02883a3ee563,P20_N020_M050_R11_seed120205011.npz
P20_N020_M050_R12_seed120205012,20,20,50,12,120205012,paper_range_complete_draw_rejection,3,2,"{""constant_preference_probe"": 2, ""no_nonzero_unit_feasible_point"": 2}",2,0b7eb22f0e523bbdb5958887c1ffaeaaa77ebd21f97679fdef68336e307fac16,P20_N020_M050_R12_seed120205012.npz
P20_N020_M050_R13_seed120205013,20,20,50,13,120205013,paper_range_complete_draw_rejection,3,2,"{""constant_preference_probe"": 2, ""no_nonzero_unit_feasible_point"": 2}",2,7e87a4533b3021bdf9d954db1bf7f0b21fe55de3690b324d8eae644cedb37f01,P20_N020_M050_R13_seed120205013.npz
P20_N020_M050_R14_seed120205014,20,20,50,14,120205014,paper_range_complete_draw_rejection,7,6,"{""constant_preference_probe"": 6, ""no_nonzero_unit_feasible_point"": 6}",1,0bd72c2303a48edba600f14cea31cfc96729d4a59890f61b067d9f413c2d8dc8,P20_N020_M050_R14_seed120205014.npz
P20_N020_M050_R15_seed120205015,20,20,50,15,120205015,paper_range_complete_draw_rejection,34,33,"{""constant_preference_probe"": 33, ""no_nonzero_unit_feasible_point"": 33}",10,fafc9a24e4dc7480ee0de734b7ecaf68d0a93e2d77fab57577126604250a066c,P20_N020_M050_R15_seed120205015.npz
P20_N020_M050_R16_seed120205016,20,20,50,16,120205016,paper_range_complete_draw_rejection,15,14,"{""constant_preference_probe"": 14, ""no_nonzero_unit_feasible_point"": 14}",2,7299fe9c5932a5eeec8ebdffa1ab7bc9cf96518fec63e7cc033302972e932550,P20_N020_M050_R16_seed120205016.npz
P20_N020_M050_R17_seed120205017,20,20,50,17,120205017,paper_range_complete_draw_rejection,10,9,"{""constant_preference_probe"": 9, ""no_nonzero_unit_feasible_point"": 9}",1,1bdf4f46c485a180430f7ab4773c65c504a1995573830dbd6f5d138373f6eb3f,P20_N020_M050_R17_seed120205017.npz
P20_N020_M050_R18_seed120205018,20,20,50,18,120205018,paper_range_complete_draw_rejection,3,2,"{""constant_preference_probe"": 2, ""no_nonzero_unit_feasible_point"": 2}",1,23ab622f75b984ef3f0b0878b312e8ecde89afb6728d204af9d5cc6ba8ceb0aa,P20_N020_M050_R18_seed120205018.npz
P20_N020_M050_R19_seed120205019,20,20,50,19,120205019,paper_range_complete_draw_rejection,22,21,"{""constant_preference_probe"": 21, ""no_nonzero_unit_feasible_point"": 21}",1,91bd631c9f06c488ca7280a72b25505bc4dc78621bca48b8a0f3fad08fd17900,P20_N020_M050_R19_seed120205019.npz
P20_N020_M050_R20_seed120205020,20,20,50,20,120205020,paper_range_complete_draw_rejection,65,64,"{""constant_preference_probe"": 64, ""no_nonzero_unit_feasible_point"": 64}",1,987ad08ceb55bd5df18e8fa0f7837f343383f67e2646b049ed6fee8e3976aa18,P20_N020_M050_R20_seed120205020.npz
P20_N020_M050_R21_seed120205021,20,20,50,21,120205021,paper_range_complete_draw_rejection,12,11,"{""constant_preference_probe"": 11, ""no_nonzero_unit_feasible_point"": 11}",1,8b3e8009db37df0c921042d2848cf2d99f58a266d015f2ef90715ad8bc092cc4,P20_N020_M050_R21_seed120205021.npz
P20_N020_M050_R22_seed120205022,20,20,50,22,120205022,paper_range_complete_draw_rejection,13,12,"{""constant_preference_probe"": 12, ""no_nonzero_unit_feasible_point"": 12}",1,5c763b99956bd02a0ba2d10e6ceea7ce376899a218414b70ffb404c6b99c9421,P20_N020_M050_R22_seed120205022.npz
P20_N020_M050_R23_seed120205023,20,20,50,23,120205023,paper_range_complete_draw_rejection,9,8,"{""constant_preference_probe"": 8, ""no_nonzero_unit_feasible_point"": 8}",3,eb8882730d6cd9560aaa72b39a2fed05fca2a157df9b918a2496f3a17a689821,P20_N020_M050_R23_seed120205023.npz
P20_N020_M050_R24_seed120205024,20,20,50,24,120205024,paper_range_complete_draw_rejection,17,16,"{""constant_preference_probe"": 16, ""no_nonzero_unit_feasible_point"": 16}",2,8c36fdfe9939398b603bdc1cafcdac1fe489fe1169d46d5c63dfdd64be44efab,P20_N020_M050_R24_seed120205024.npz
P20_N020_M050_R25_seed120205025,20,20,50,25,120205025,paper_range_complete_draw_rejection,16,15,"{""constant_preference_probe"": 15, ""no_nonzero_unit_feasible_point"": 15}",1,735794bed3fd19550336f2c25e6a72f73c3a5ea703aceabb7f58233f9312e845,P20_N020_M050_R25_seed120205025.npz
P20_N020_M050_R26_seed120205026,20,20,50,26,120205026,paper_range_complete_draw_rejection,8,7,"{""constant_preference_probe"": 7, ""no_nonzero_unit_feasible_point"": 7}",1,87378dc681c915ab1d6bec864b162398e676835bd0e6023d8dad22cafaa9d081,P20_N020_M050_R26_seed120205026.npz
P20_N020_M050_R27_seed120205027,20,20,50,27,120205027,paper_range_complete_draw_rejection,1,0,{},3,047d7a374075a191e9b8eec651f29189cc9e1decda57a2a7aa5774a0062c2d6e,P20_N020_M050_R27_seed120205027.npz
P20_N020_M050_R28_seed120205028,20,20,50,28,120205028,paper_range_complete_draw_rejection,37,36,"{""constant_preference_probe"": 36, ""no_nonzero_unit_feasible_point"": 36}",1,62bc79504ca0ff84f47f2daf84b454c3ebda566b8d745ca91801311254b5f92a,P20_N020_M050_R28_seed120205028.npz
P20_N020_M050_R29_seed120205029,20,20,50,29,120205029,paper_range_complete_draw_rejection,9,8,"{""constant_preference_probe"": 8, ""no_nonzero_unit_feasible_point"": 8}",5,1c625fc598b332896699bf241c4bab89d5cb6496399729bf11c1452fc278d09f,P20_N020_M050_R29_seed120205029.npz
P20_N020_M050_R30_seed120205030,20,20,50,30,120205030,paper_range_complete_draw_rejection,4,3,"{""constant_preference_probe"": 3, ""no_nonzero_unit_feasible_point"": 3}",1,922f41e6941679f00828893a1b47c9b0d7be0b7f386b6b672a8f64b113f53b5e,P20_N020_M050_R30_seed120205030.npz
P20_N050_M010_R01_seed120501001,20,50,10,1,120501001,paper_range_complete_draw_rejection,1,0,{},2,a62c59cb9ab479ca200e9f9b4688910e1138453b9db3840cdf9402758793aee2,P20_N050_M010_R01_seed120501001.npz
P20_N050_M010_R02_seed120501002,20,50,10,2,120501002,paper_range_complete_draw_rejection,3,2,"{""constant_preference_probe"": 2, ""no_nonzero_unit_feasible_point"": 2}",37,fc55de6db4033338b221804507e7e21a808c04885dbbeb214ddd8e949872c0e9,P20_N050_M010_R02_seed120501002.npz
P20_N050_M010_R03_seed120501003,20,50,10,3,120501003,paper_range_complete_draw_rejection,1,0,{},4,53a170c4941f6a506a74242d7b0778cdaf4241472300029df747e7bd4347cdcc,P20_N050_M010_R03_seed120501003.npz
P20_N050_M010_R04_seed120501004,20,50,10,4,120501004,paper_range_complete_draw_rejection,2,1,"{""constant_preference_probe"": 1, ""no_nonzero_unit_feasible_point"": 1}",5,980c953313e569da850cd5295e3f9a8e55636c5725896f00072d486ac4118d7a,P20_N050_M010_R04_seed120501004.npz
P20_N050_M010_R05_seed120501005,20,50,10,5,120501005,paper_range_complete_draw_rejection,1,0,{},1,4b6654efcc9d6a56aa122fda52db0ef12405b9548d71402e485543bf4ef1984b,P20_N050_M010_R05_seed120501005.npz
P20_N050_M010_R06_seed120501006,20,50,10,6,120501006,paper_range_complete_draw_rejection,1,0,{},7,82fc0f4ff7f1b87f46cb7b599388c695397747bee50d419a09343d6f59f30082,P20_N050_M010_R06_seed120501006.npz
P20_N050_M010_R07_seed120501007,20,50,10,7,120501007,paper_range_complete_draw_rejection,1,0,{},8,2645bed8ad402f43e53643e87eb45d544c83139eaf91106e65606635310453ef,P20_N050_M010_R07_seed120501007.npz
P20_N050_M010_R08_seed120501008,20,50,10,8,120501008,paper_range_complete_draw_rejection,1,0,{},2,4d4656eeea4882aa9fbb81d3320859a99837d61b3e26e672bc0213711af36a4c,P20_N050_M010_R08_seed120501008.npz
P20_N050_M010_R09_seed120501009,20,50,10,9,120501009,paper_range_complete_draw_rejection,1,0,{},12,cc4adc61a32cdadf1aa47322849543d8f2291edd582a150012e0077638603b4b,P20_N050_M010_R09_seed120501009.npz
P20_N050_M010_R10_seed120501010,20,50,10,10,120501010,paper_range_complete_draw_rejection,1,0,{},50,bb734e5a0f3a430327bc3e19211a7fe281ebbcb8046173476d9aba5a98a64c7a,P20_N050_M010_R10_seed120501010.npz
P20_N050_M010_R11_seed120501011,20,50,10,11,120501011,paper_range_complete_draw_rejection,1,0,{},44,9c9098cc6d24e92690648e4bd81bc118f48ce8302eb854f1b2a4ba88082d6bc6,P20_N050_M010_R11_seed120501011.npz
P20_N050_M010_R12_seed120501012,20,50,10,12,120501012,paper_range_complete_draw_rejection,1,0,{},1,4a27d9f163d28aa9ecd3c841f26c5ac5a386dbc2c8ebd3d39e0ddcf64ba89b50,P20_N050_M010_R12_seed120501012.npz
P20_N050_M010_R13_seed120501013,20,50,10,13,120501013,paper_range_complete_draw_rejection,1,0,{},4,af868bf9008e27e52401839846e4cbd565112e542dd9380b260a2252fa7bce73,P20_N050_M010_R13_seed120501013.npz
P20_N050_M010_R14_seed120501014,20,50,10,14,120501014,paper_range_complete_draw_rejection,1,0,{},31,0a8232203687180ab6eb8f6eb62a105d617aa9b7a0eb92648be228b370ec7eae,P20_N050_M010_R14_seed120501014.npz
P20_N050_M010_R15_seed120501015,20,50,10,15,120501015,paper_range_complete_draw_rejection,1,0,{},7,ccdb132512db7dc1b23c003cb749c6bf3f9c79579a438276da61fa0ad3d27ff0,P20_N050_M010_R15_seed120501015.npz
P20_N050_M010_R16_seed120501016,20,50,10,16,120501016,paper_range_complete_draw_rejection,1,0,{},42,1d18febfb5f671bf5087b5a87aa29054008da18e53c70fe580f0dd1dfa1efabd,P20_N050_M010_R16_seed120501016.npz
P20_N050_M010_R17_seed120501017,20,50,10,17,120501017,paper_range_complete_draw_rejection,1,0,{},39,5cc07c72f660965f02c9cb4ca643874eb66ad54eedc32afe0ccce05b6fcdc957,P20_N050_M010_R17_seed120501017.npz
P20_N050_M010_R18_seed120501018,20,50,10,18,120501018,paper_range_complete_draw_rejection,1,0,{},1,e02ea9d10632d72a089694698ae53a935bb599df41e9543f63ffe210ea02f101,P20_N050_M010_R18_seed120501018.npz
P20_N050_M010_R19_seed120501019,20,50,10,19,120501019,paper_range_complete_draw_rejection,1,0,{},4,8216c9fc88ea8bd46d847290d7193a07c5c2c14682ddcb826c907470f42f315c,P20_N050_M010_R19_seed120501019.npz
P20_N050_M010_R20_seed120501020,20,50,10,20,120501020,paper_range_complete_draw_rejection,1,0,{},1,9549c102600e005c171fbe5c47289dc1c74cb87e8068c54b6d4006af7ff79b75,P20_N050_M010_R20_seed120501020.npz
P20_N050_M010_R21_seed120501021,20,50,10,21,120501021,paper_range_complete_draw_rejection,1,0,{},3,488c4df6248991443a60af68eae8b4ca24bcf73375d61775faa5a879b1b96b49,P20_N050_M010_R21_seed120501021.npz
P20_N050_M010_R22_seed120501022,20,50,10,22,120501022,paper_range_complete_draw_rejection,1,0,{},50,d58c9a5af579c7ba238711ca7aa293a7f84f14254b268b46e5ab52afbc27e32a,P20_N050_M010_R22_seed120501022.npz
P20_N050_M010_R23_seed120501023,20,50,10,23,120501023,paper_range_complete_draw_rejection,1,0,{},8,e46e7f9fb25108086ab375c049c2ba0298277472b0d580d2f6fdc3a79a085508,P20_N050_M010_R23_seed120501023.npz
P20_N050_M010_R24_seed120501024,20,50,10,24,120501024,paper_range_complete_draw_rejection,1,0,{},7,4627179224eb70500f5f909475516f71368b9998601eb4d9ba11f61946cfac0f,P20_N050_M010_R24_seed120501024.npz
P20_N050_M010_R25_seed120501025,20,50,10,25,120501025,paper_range_complete_draw_rejection,1,0,{},3,ca42b63e76831823014ce6270c3894f89686f520b44c89d6e6e63e433b08b184,P20_N050_M010_R25_seed120501025.npz
P20_N050_M010_R26_seed120501026,20,50,10,26,120501026,paper_range_complete_draw_rejection,1,0,{},39,1306477faac9a2dafa5485deeeaf22a6713cd5ec0bf748c09a010b82a1af1bb5,P20_N050_M010_R26_seed120501026.npz
P20_N050_M010_R27_seed120501027,20,50,10,27,120501027,paper_range_complete_draw_rejection,1,0,{},42,63d5e175e2185bcd10e285ad61799f8dd49e70ecda7e9375fd98c914cdc8b8c3,P20_N050_M010_R27_seed120501027.npz
P20_N050_M010_R28_seed120501028,20,50,10,28,120501028,paper_range_complete_draw_rejection,1,0,{},24,59b0221b714af8041af4305540c2c9f5f5812037aa24abe36428669367412a07,P20_N050_M010_R28_seed120501028.npz
P20_N050_M010_R29_seed120501029,20,50,10,29,120501029,paper_range_complete_draw_rejection,1,0,{},28,3f778075067a4c34dc168aa943aa8720e6aaa82370113371ce3240281504c695,P20_N050_M010_R29_seed120501029.npz
P20_N050_M010_R30_seed120501030,20,50,10,30,120501030,paper_range_complete_draw_rejection,1,0,{},7,7df9d99575721712df49c8723f63209edef4503de8c7d9b36cfdeb1385996982,P20_N050_M010_R30_seed120501030.npz
P20_N050_M020_R01_seed120502001,20,50,20,1,120502001,paper_range_complete_draw_rejection,1,0,{},9,32cf07dac6e4dff8b30863a39142a3ff6b398cdc098a4ea6a1f12dc6bb43051e,P20_N050_M020_R01_seed120502001.npz
P20_N050_M020_R02_seed120502002,20,50,20,2,120502002,paper_range_complete_draw_rejection,1,0,{},2,f2d0f53594f0b80e16c3f484121be24f9cb8ca8828046705115807480d1664f9,P20_N050_M020_R02_seed120502002.npz
P20_N050_M020_R03_seed120502003,20,50,20,3,120502003,paper_range_complete_draw_rejection,4,3,"{""constant_preference_probe"": 3, ""no_nonzero_unit_feasible_point"": 3}",6,1757afeab661f3b5c07bb478592fbb2c303c35114420b5cf48de3f739eb0e9fb,P20_N050_M020_R03_seed120502003.npz
P20_N050_M020_R04_seed120502004,20,50,20,4,120502004,paper_range_complete_draw_rejection,2,1,"{""constant_preference_probe"": 1, ""no_nonzero_unit_feasible_point"": 1}",31,1efcfb741df01f11fb516b6fefaae2125cddbf163e84d7f827a6eeaad8b57af3,P20_N050_M020_R04_seed120502004.npz
P20_N050_M020_R05_seed120502005,20,50,20,5,120502005,paper_range_complete_draw_rejection,2,1,"{""constant_preference_probe"": 1, ""no_nonzero_unit_feasible_point"": 1}",3,089e774a99b52240277737dcd4c5c31bd9fdbf01114d371309f99b87fcce82b0,P20_N050_M020_R05_seed120502005.npz
P20_N050_M020_R06_seed120502006,20,50,20,6,120502006,paper_range_complete_draw_rejection,2,1,"{""constant_preference_probe"": 1, ""no_nonzero_unit_feasible_point"": 1}",1,86299fc901a10e6a16e5535bb1bfec20317f309462f246f8f2042955692cfeef,P20_N050_M020_R06_seed120502006.npz
P20_N050_M020_R07_seed120502007,20,50,20,7,120502007,paper_range_complete_draw_rejection,1,0,{},13,607d1705d322e05bdd02f6e70bb2fa03f9b1b244bad3a90df3494b2692117ecd,P20_N050_M020_R07_seed120502007.npz
P20_N050_M020_R08_seed120502008,20,50,20,8,120502008,paper_range_complete_draw_rejection,2,1,"{""constant_preference_probe"": 1, ""no_nonzero_unit_feasible_point"": 1}",38,91a304166d4038e864c13a9ba9344770b1f0b35fc1ded25b9f6820e95b3a293f,P20_N050_M020_R08_seed120502008.npz
P20_N050_M020_R09_seed120502009,20,50,20,9,120502009,paper_range_complete_draw_rejection,1,0,{},20,a54be9b0d8bd210c0cbad55b0383f9cc80170e1ee1d8e8266642104892d5a84e,P20_N050_M020_R09_seed120502009.npz
P20_N050_M020_R10_seed120502010,20,50,20,10,120502010,paper_range_complete_draw_rejection,1,0,{},14,b45636ad4a00fd009bdccff76344f0e3a97f864f9be0bf3c64efcfebd4146a53,P20_N050_M020_R10_seed120502010.npz
P20_N050_M020_R11_seed120502011,20,50,20,11,120502011,paper_range_complete_draw_rejection,2,1,"{""constant_preference_probe"": 1, ""no_nonzero_unit_feasible_point"": 1}",9,6872b55ffdca9f168eea4835fb568a2dc3a3f0cbfb59969cdd4032506cafe78a,P20_N050_M020_R11_seed120502011.npz
P20_N050_M020_R12_seed120502012,20,50,20,12,120502012,paper_range_complete_draw_rejection,1,0,{},2,18eb93d0fbf7ec7a0e6b02c2cd8c48b28a7ff80f3564cddde8774f52b3b9362b,P20_N050_M020_R12_seed120502012.npz
P20_N050_M020_R13_seed120502013,20,50,20,13,120502013,paper_range_complete_draw_rejection,2,1,"{""constant_preference_probe"": 1, ""no_nonzero_unit_feasible_point"": 1}",3,2cb353aa7240cbe1b5f4a01a1599b8a4a98fcd724275a3ff7acec987493b6a3f,P20_N050_M020_R13_seed120502013.npz
P20_N050_M020_R14_seed120502014,20,50,20,14,120502014,paper_range_complete_draw_rejection,2,1,"{""constant_preference_probe"": 1, ""no_nonzero_unit_feasible_point"": 1}",1,02e4e6fce6348591c5dbaa95f5055e9d78cc42b21dbbed4c3976c8086912cee0,P20_N050_M020_R14_seed120502014.npz
P20_N050_M020_R15_seed120502015,20,50,20,15,120502015,paper_range_complete_draw_rejection,2,1,"{""constant_preference_probe"": 1, ""no_nonzero_unit_feasible_point"": 1}",18,7fa9e1afcabea4faa82ca4661ce1bd7d4292ec2acf708319c1e16d569bfd9858,P20_N050_M020_R15_seed120502015.npz
P20_N050_M020_R16_seed120502016,20,50,20,16,120502016,paper_range_complete_draw_rejection,2,1,"{""constant_preference_probe"": 1, ""no_nonzero_unit_feasible_point"": 1}",50,63d3df2a048f109579aaedc9be7e27a5f5f5c7735f5f0af38cb65e65f71119b5,P20_N050_M020_R16_seed120502016.npz
P20_N050_M020_R17_seed120502017,20,50,20,17,120502017,paper_range_complete_draw_rejection,1,0,{},10,1918b5c68ca987937dda62b97e268b6683b8df156abdfe378ef52723aa3ac8d4,P20_N050_M020_R17_seed120502017.npz
P20_N050_M020_R18_seed120502018,20,50,20,18,120502018,paper_range_complete_draw_rejection,3,2,"{""constant_preference_probe"": 2, ""no_nonzero_unit_feasible_point"": 2}",2,7d92f4bf6a114119b0a6f01f3c0600516e70051b4b06381fd228c83ddded8a43,P20_N050_M020_R18_seed120502018.npz
P20_N050_M020_R19_seed120502019,20,50,20,19,120502019,paper_range_complete_draw_rejection,2,1,"{""constant_preference_probe"": 1, ""no_nonzero_unit_feasible_point"": 1}",5,b5f7088faf0d7276fc108d9513e945c5e0a17d45be7477138e4f218bd3da577b,P20_N050_M020_R19_seed120502019.npz
P20_N050_M020_R20_seed120502020,20,50,20,20,120502020,paper_range_complete_draw_rejection,1,0,{},1,9d0d596aeb63f73400e74b3d6c9c81a30d55892b9b2e6e3584ea7809af1daa77,P20_N050_M020_R20_seed120502020.npz
P20_N050_M020_R21_seed120502021,20,50,20,21,120502021,paper_range_complete_draw_rejection,1,0,{},47,8aef514b7159c5dfe82ee9e553dae3a346dacf8576a5eb1f087a145547662983,P20_N050_M020_R21_seed120502021.npz
P20_N050_M020_R22_seed120502022,20,50,20,22,120502022,paper_range_complete_draw_rejection,1,0,{},25,246c0e24f58fade5c38d4572c98ddd8a6a71fd1c219e3e20860daef3150dc73f,P20_N050_M020_R22_seed120502022.npz
P20_N050_M020_R23_seed120502023,20,50,20,23,120502023,paper_range_complete_draw_rejection,1,0,{},26,125e5d287e92553e052d4291f37ab3d7f00e4a8c8c1f9c1e0e6a82125bdc8bcb,P20_N050_M020_R23_seed120502023.npz
P20_N050_M020_R24_seed120502024,20,50,20,24,120502024,paper_range_complete_draw_rejection,1,0,{},15,476ff5d9e50d02d1897070567ad0399bf2ac13cae2b8f8534e0131735608221f,P20_N050_M020_R24_seed120502024.npz
P20_N050_M020_R25_seed120502025,20,50,20,25,120502025,paper_range_complete_draw_rejection,1,0,{},50,18c2be1ff8c502186857fc3704356ad60f825087734cb12d6d7d1a5a66928ab4,P20_N050_M020_R25_seed120502025.npz
P20_N050_M020_R26_seed120502026,20,50,20,26,120502026,paper_range_complete_draw_rejection,2,1,"{""constant_preference_probe"": 1, ""no_nonzero_unit_feasible_point"": 1}",1,d09a29309ef817d8ea59ca7038ee9ff076c69a9a92ac5fd20882a349a40a77da,P20_N050_M020_R26_seed120502026.npz
P20_N050_M020_R27_seed120502027,20,50,20,27,120502027,paper_range_complete_draw_rejection,3,2,"{""constant_preference_probe"": 2, ""no_nonzero_unit_feasible_point"": 2}",24,eef933e768d6e7bcfb4949d526bf260606b5eaf09986993fa5cba781d0df1615,P20_N050_M020_R27_seed120502027.npz
P20_N050_M020_R28_seed120502028,20,50,20,28,120502028,paper_range_complete_draw_rejection,1,0,{},2,adf5e581056d8e589d4782515a9e0816448e2c33cfe3d865091a72b1ca2d190b,P20_N050_M020_R28_seed120502028.npz
P20_N050_M020_R29_seed120502029,20,50,20,29,120502029,paper_range_complete_draw_rejection,1,0,{},1,37e280dd85eb32bc065a8b2566581ab97d9bba430f60f10c44203705ab256cb4,P20_N050_M020_R29_seed120502029.npz
P20_N050_M020_R30_seed120502030,20,50,20,30,120502030,paper_range_complete_draw_rejection,3,2,"{""constant_preference_probe"": 2, ""no_nonzero_unit_feasible_point"": 2}",1,443ec9a190c25400756e45e22fed7088c1f62701408e3f9d3a71a563be4175dd,P20_N050_M020_R30_seed120502030.npz
P20_N050_M030_R01_seed120503001,20,50,30,1,120503001,paper_range_complete_draw_rejection,5,4,"{""constant_preference_probe"": 4, ""no_nonzero_unit_feasible_point"": 4}",14,262160d228d6d62e998b35013908ca581d34b263a7404777ac56113a70cf8609,P20_N050_M030_R01_seed120503001.npz
P20_N050_M030_R02_seed120503002,20,50,30,2,120503002,paper_range_complete_draw_rejection,1,0,{},1,9da8cf3067debbe43c6cc5a78b04fcaca65b828b944779efbedb8c55ea9c8dd4,P20_N050_M030_R02_seed120503002.npz
P20_N050_M030_R03_seed120503003,20,50,30,3,120503003,paper_range_complete_draw_rejection,1,0,{},1,9e09818d7921cb24be474fffec2842f9856ae1bd73dd229f9061736a1ea02f28,P20_N050_M030_R03_seed120503003.npz
P20_N050_M030_R04_seed120503004,20,50,30,4,120503004,paper_range_complete_draw_rejection,3,2,"{""constant_preference_probe"": 2, ""no_nonzero_unit_feasible_point"": 2}",2,dc8dfa7ddd5869652b823bba024a20e04558b512d0cb3e77874ea7a422795834,P20_N050_M030_R04_seed120503004.npz
P20_N050_M030_R05_seed120503005,20,50,30,5,120503005,paper_range_complete_draw_rejection,1,0,{},17,1fa337652c3958cb16feb63ff173963f3e0cfa988281ef815b6355d97abf88d3,P20_N050_M030_R05_seed120503005.npz
P20_N050_M030_R06_seed120503006,20,50,30,6,120503006,paper_range_complete_draw_rejection,2,1,"{""constant_preference_probe"": 1, ""no_nonzero_unit_feasible_point"": 1}",23,bc9e37e20fc9d6d2a6efafeb84e86c83e4294eb0127f2f4eb3a62c11b6396c4c,P20_N050_M030_R06_seed120503006.npz
P20_N050_M030_R07_seed120503007,20,50,30,7,120503007,paper_range_complete_draw_rejection,2,1,"{""constant_preference_probe"": 1, ""no_nonzero_unit_feasible_point"": 1}",13,1d439fb13c2665057e38c911f101fcff31f677a8beeb3f378eedc34be41f0f13,P20_N050_M030_R07_seed120503007.npz
P20_N050_M030_R08_seed120503008,20,50,30,8,120503008,paper_range_complete_draw_rejection,2,1,"{""constant_preference_probe"": 1, ""no_nonzero_unit_feasible_point"": 1}",4,5c3fc74250c3a9a88ca1823102a1aa215b5464bad893cd19c1b366ebc89ad1b1,P20_N050_M030_R08_seed120503008.npz
P20_N050_M030_R09_seed120503009,20,50,30,9,120503009,paper_range_complete_draw_rejection,6,5,"{""constant_preference_probe"": 5, ""no_nonzero_unit_feasible_point"": 5}",8,3b0d3dbf811cfb6b0985dbe023df1d5045460ec81481016f907e86fc4c2e762b,P20_N050_M030_R09_seed120503009.npz
P20_N050_M030_R10_seed120503010,20,50,30,10,120503010,paper_range_complete_draw_rejection,3,2,"{""constant_preference_probe"": 2, ""no_nonzero_unit_feasible_point"": 2}",6,02d6cb43867b8e3d59a2809c7be437ed691aa24511a8a2fcc26ecf55453d9521,P20_N050_M030_R10_seed120503010.npz
P20_N050_M030_R11_seed120503011,20,50,30,11,120503011,paper_range_complete_draw_rejection,3,2,"{""constant_preference_probe"": 2, ""no_nonzero_unit_feasible_point"": 2}",3,5a57a00d5aa8697729d61700ed7f69e260dc1d8673823c263c83f6024f5fd3af,P20_N050_M030_R11_seed120503011.npz
P20_N050_M030_R12_seed120503012,20,50,30,12,120503012,paper_range_complete_draw_rejection,5,4,"{""constant_preference_probe"": 4, ""no_nonzero_unit_feasible_point"": 4}",7,bcdcee5cd2521bab4659d6f9f3324c11e8e36e811eb5e055d1640ca20535dffb,P20_N050_M030_R12_seed120503012.npz
P20_N050_M030_R13_seed120503013,20,50,30,13,120503013,paper_range_complete_draw_rejection,4,3,"{""constant_preference_probe"": 3, ""no_nonzero_unit_feasible_point"": 3}",1,728c1e3e80841a9bd885aaaefd5964d723c54ec8113dc124b3b1431bb5baaeaf,P20_N050_M030_R13_seed120503013.npz
P20_N050_M030_R14_seed120503014,20,50,30,14,120503014,paper_range_complete_draw_rejection,2,1,"{""constant_preference_probe"": 1, ""no_nonzero_unit_feasible_point"": 1}",5,d26a1093870a148e95576c6e8972f88fbbd58d29a56d8c98051739139caa5ced,P20_N050_M030_R14_seed120503014.npz
P20_N050_M030_R15_seed120503015,20,50,30,15,120503015,paper_range_complete_draw_rejection,1,0,{},3,7ed498a7fa9e28d0c10888f68e71535d6d8f8e4abbf42ca1aa378025d89a08b4,P20_N050_M030_R15_seed120503015.npz
P20_N050_M030_R16_seed120503016,20,50,30,16,120503016,paper_range_complete_draw_rejection,4,3,"{""constant_preference_probe"": 3, ""no_nonzero_unit_feasible_point"": 3}",21,47e5045c1e28fab042961d53cdcd04235598d17927684461896f4d032e0bab12,P20_N050_M030_R16_seed120503016.npz
P20_N050_M030_R17_seed120503017,20,50,30,17,120503017,paper_range_complete_draw_rejection,2,1,"{""constant_preference_probe"": 1, ""no_nonzero_unit_feasible_point"": 1}",3,08646f4d2ed090f3e4d37a3a1e42923de81c7add71b52a6d9f9f5f75eb45c745,P20_N050_M030_R17_seed120503017.npz
P20_N050_M030_R18_seed120503018,20,50,30,18,120503018,paper_range_complete_draw_rejection,2,1,"{""constant_preference_probe"": 1, ""no_nonzero_unit_feasible_point"": 1}",1,ba1fb280234551564f3bdb0d88a550ad747e08e34ecba3a1e61364cc6cb4d828,P20_N050_M030_R18_seed120503018.npz
P20_N050_M030_R19_seed120503019,20,50,30,19,120503019,paper_range_complete_draw_rejection,5,4,"{""constant_preference_probe"": 4, ""no_nonzero_unit_feasible_point"": 4}",2,cf7506a733af1e6982a0d745fdc25b849ff0c37584c6c17d574d3a59db33cf3f,P20_N050_M030_R19_seed120503019.npz
P20_N050_M030_R20_seed120503020,20,50,30,20,120503020,paper_range_complete_draw_rejection,6,5,"{""constant_preference_probe"": 5, ""no_nonzero_unit_feasible_point"": 5}",1,12e02a1e1455f05a8c9cb58039bc96fb8caca88eb81f18ccdfaec323d9ab28ba,P20_N050_M030_R20_seed120503020.npz
P20_N050_M030_R21_seed120503021,20,50,30,21,120503021,paper_range_complete_draw_rejection,2,1,"{""constant_preference_probe"": 1, ""no_nonzero_unit_feasible_point"": 1}",1,5172b9e1435c012d032477e9665dc767bbe9beaa00375341486a10d19e2c99af,P20_N050_M030_R21_seed120503021.npz
P20_N050_M030_R22_seed120503022,20,50,30,22,120503022,paper_range_complete_draw_rejection,1,0,{},2,8f2546bef53a671e9b9b9f62cc597930866ab81f1ea9704db4f580724f34a6ca,P20_N050_M030_R22_seed120503022.npz
P20_N050_M030_R23_seed120503023,20,50,30,23,120503023,paper_range_complete_draw_rejection,1,0,{},6,412e5a3d83b0abce5eba1bfea440dc962da43562f91dc6df35def35ce6403d66,P20_N050_M030_R23_seed120503023.npz
P20_N050_M030_R24_seed120503024,20,50,30,24,120503024,paper_range_complete_draw_rejection,2,1,"{""constant_preference_probe"": 1, ""no_nonzero_unit_feasible_point"": 1}",1,965b7792a5d1df3f768e371bcd448b255b2fff3f6de3eda34d0a25b38dc924be,P20_N050_M030_R24_seed120503024.npz
P20_N050_M030_R25_seed120503025,20,50,30,25,120503025,paper_range_complete_draw_rejection,1,0,{},6,580069a705764bec4785aea95c62b32e6b06f8bb9ffd97f234a45da4a036ca06,P20_N050_M030_R25_seed120503025.npz
P20_N050_M030_R26_seed120503026,20,50,30,26,120503026,paper_range_complete_draw_rejection,1,0,{},2,7c7e8a064dc1768dcba079e887ec73949259f64ca750a2dd9009dd8f9ddb06f2,P20_N050_M030_R26_seed120503026.npz
P20_N050_M030_R27_seed120503027,20,50,30,27,120503027,paper_range_complete_draw_rejection,1,0,{},1,4b27259ae1e4153a1e8ed2c341122cc5df1b4eb18df9b8e21eb9517ce6530f0d,P20_N050_M030_R27_seed120503027.npz
P20_N050_M030_R28_seed120503028,20,50,30,28,120503028,paper_range_complete_draw_rejection,2,1,"{""constant_preference_probe"": 1, ""no_nonzero_unit_feasible_point"": 1}",1,f0569bb9606d8be40006b8c2941d77a969d59602fd4c66a68b16feabbd3eda3d,P20_N050_M030_R28_seed120503028.npz
P20_N050_M030_R29_seed120503029,20,50,30,29,120503029,paper_range_complete_draw_rejection,2,1,"{""constant_preference_probe"": 1, ""no_nonzero_unit_feasible_point"": 1}",2,3db896808c7d13eb10279c854c58d37bc0408d681274f1e2b9c20086a1f0cc62,P20_N050_M030_R29_seed120503029.npz
P20_N050_M030_R30_seed120503030,20,50,30,30,120503030,paper_range_complete_draw_rejection,4,3,"{""constant_preference_probe"": 3, ""no_nonzero_unit_feasible_point"": 3}",3,fc1d911453c09ec4a3ef82cf815071f5fb43b4939dac8f04372abf663f2a8d98,P20_N050_M030_R30_seed120503030.npz
P20_N050_M050_R01_seed120505001,20,50,50,1,120505001,paper_range_complete_draw_rejection,12,11,"{""constant_preference_probe"": 11, ""no_nonzero_unit_feasible_point"": 11}",1,30f5dbb4678bbbc491e459ec273c433712c76c06207747c04a97d24d0a46b52a,P20_N050_M050_R01_seed120505001.npz
P20_N050_M050_R02_seed120505002,20,50,50,2,120505002,paper_range_complete_draw_rejection,2,1,"{""constant_preference_probe"": 1, ""no_nonzero_unit_feasible_point"": 1}",1,2c64641896fb0b8bc263f23323dbfb7b36984708b2d7371b56c4c7e5dbc60508,P20_N050_M050_R02_seed120505002.npz
P20_N050_M050_R03_seed120505003,20,50,50,3,120505003,paper_range_complete_draw_rejection,12,11,"{""constant_preference_probe"": 11, ""no_nonzero_unit_feasible_point"": 11}",3,970c72a521d5d43545488a6caba23cf015c8bfda49a606ed88e096fa407e95e8,P20_N050_M050_R03_seed120505003.npz
P20_N050_M050_R04_seed120505004,20,50,50,4,120505004,paper_range_complete_draw_rejection,6,5,"{""constant_preference_probe"": 5, ""no_nonzero_unit_feasible_point"": 5}",2,0e413cbcd14c86aab9a43282024d9f629aadadc6afb63b03a442cbf9757b9987,P20_N050_M050_R04_seed120505004.npz
P20_N050_M050_R05_seed120505005,20,50,50,5,120505005,paper_range_complete_draw_rejection,2,1,"{""constant_preference_probe"": 1, ""no_nonzero_unit_feasible_point"": 1}",2,cd6c5b34eafab87b66298f2bbabc82c33fc503b31fece4dae7110f1e75db4dea,P20_N050_M050_R05_seed120505005.npz
P20_N050_M050_R06_seed120505006,20,50,50,6,120505006,paper_range_complete_draw_rejection,5,4,"{""constant_preference_probe"": 4, ""no_nonzero_unit_feasible_point"": 4}",9,288b3f688234b5e12967344622636aab54ecbbe142239c5e0733e26e514aa6f2,P20_N050_M050_R06_seed120505006.npz
P20_N050_M050_R07_seed120505007,20,50,50,7,120505007,paper_range_complete_draw_rejection,9,8,"{""constant_preference_probe"": 8, ""no_nonzero_unit_feasible_point"": 8}",1,031223e76442f2b014b1858c5056174f2e65f1b238bee191b18547b7cbb02c2f,P20_N050_M050_R07_seed120505007.npz
P20_N050_M050_R08_seed120505008,20,50,50,8,120505008,paper_range_complete_draw_rejection,19,18,"{""constant_preference_probe"": 18, ""no_nonzero_unit_feasible_point"": 18}",1,1e8055dba250a60427b2e6c906d915c2b8873174b2ff51d7d6e2421143419599,P20_N050_M050_R08_seed120505008.npz
P20_N050_M050_R09_seed120505009,20,50,50,9,120505009,paper_range_complete_draw_rejection,17,16,"{""constant_preference_probe"": 16, ""no_nonzero_unit_feasible_point"": 16}",2,82916360ef8106a0d4cdab7ca483223d6f99e7cc40e30bb9be812c05e89b7850,P20_N050_M050_R09_seed120505009.npz
P20_N050_M050_R10_seed120505010,20,50,50,10,120505010,paper_range_complete_draw_rejection,21,20,"{""constant_preference_probe"": 20, ""no_nonzero_unit_feasible_point"": 20}",1,3e6fc14f6a0f7002a0ee0e8873cffd9a01cbd1cfbbb24d4af4a4ec3181f18ba6,P20_N050_M050_R10_seed120505010.npz
P20_N050_M050_R11_seed120505011,20,50,50,11,120505011,paper_range_complete_draw_rejection,8,7,"{""constant_preference_probe"": 7, ""no_nonzero_unit_feasible_point"": 7}",1,51945d7c126d09f900c0135e810e1f2b7d6aae1eae92caa2067a38f8b341ec57,P20_N050_M050_R11_seed120505011.npz
P20_N050_M050_R12_seed120505012,20,50,50,12,120505012,paper_range_complete_draw_rejection,39,38,"{""constant_preference_probe"": 38, ""no_nonzero_unit_feasible_point"": 38}",1,ed613d3e2333048d096b7d4e65ff1c6a44b8070b4c2e410599093a725ad0a460,P20_N050_M050_R12_seed120505012.npz
P20_N050_M050_R13_seed120505013,20,50,50,13,120505013,paper_range_complete_draw_rejection,3,2,"{""constant_preference_probe"": 2, ""no_nonzero_unit_feasible_point"": 2}",2,f947fc14c7c6a5f9293114d2d47069a930a7d2ba86e82bb0d8fb8e15a90a77d6,P20_N050_M050_R13_seed120505013.npz
P20_N050_M050_R14_seed120505014,20,50,50,14,120505014,paper_range_complete_draw_rejection,12,11,"{""constant_preference_probe"": 11, ""no_nonzero_unit_feasible_point"": 11}",5,09abccf388aba04c2b852f6859fae4557b7d7edc557d3530dd7d3493cf9a010b,P20_N050_M050_R14_seed120505014.npz
P20_N050_M050_R15_seed120505015,20,50,50,15,120505015,paper_range_complete_draw_rejection,13,12,"{""constant_preference_probe"": 12, ""no_nonzero_unit_feasible_point"": 12}",4,23d76bdf1ad77f2fd918de52d8b8a112f5f1df1d84524584a479b57a0d57a4ca,P20_N050_M050_R15_seed120505015.npz
P20_N050_M050_R16_seed120505016,20,50,50,16,120505016,paper_range_complete_draw_rejection,3,2,"{""constant_preference_probe"": 2, ""no_nonzero_unit_feasible_point"": 2}",1,d3eb4fc3aaac65c71cc8f7287376d342c2b6b9a81b46073f49fa3febb009cba4,P20_N050_M050_R16_seed120505016.npz
P20_N050_M050_R17_seed120505017,20,50,50,17,120505017,paper_range_complete_draw_rejection,2,1,"{""constant_preference_probe"": 1, ""no_nonzero_unit_feasible_point"": 1}",3,891c1d186f0ee5390f17be361e7013edb9c998d24aa43b79458434104a8a431c,P20_N050_M050_R17_seed120505017.npz
P20_N050_M050_R18_seed120505018,20,50,50,18,120505018,paper_range_complete_draw_rejection,16,15,"{""constant_preference_probe"": 15, ""no_nonzero_unit_feasible_point"": 15}",1,06f17172c1e3f1d9505437abbc7a8af4349ecd5a37e072713e67cef46dacc958,P20_N050_M050_R18_seed120505018.npz
P20_N050_M050_R19_seed120505019,20,50,50,19,120505019,paper_range_complete_draw_rejection,34,33,"{""constant_preference_probe"": 33, ""no_nonzero_unit_feasible_point"": 33}",4,e3fa716026b75a7cb1d55560eb456f530d6e08a87f3e57bf94babc3565fb0a2b,P20_N050_M050_R19_seed120505019.npz
P20_N050_M050_R20_seed120505020,20,50,50,20,120505020,paper_range_complete_draw_rejection,6,5,"{""constant_preference_probe"": 5, ""no_nonzero_unit_feasible_point"": 5}",13,7b000b19667eb863ecfdf54c7b472515000f7358faf6e3466ee39195e343cc31,P20_N050_M050_R20_seed120505020.npz
P20_N050_M050_R21_seed120505021,20,50,50,21,120505021,paper_range_complete_draw_rejection,34,33,"{""constant_preference_probe"": 33, ""no_nonzero_unit_feasible_point"": 33}",2,0bf479072572be5b974ea805fb7d73c61ec24ddff2d98950e3338c7dbaa1d6e2,P20_N050_M050_R21_seed120505021.npz
P20_N050_M050_R22_seed120505022,20,50,50,22,120505022,paper_range_complete_draw_rejection,2,1,"{""constant_preference_probe"": 1, ""no_nonzero_unit_feasible_point"": 1}",2,07879fc4db85a789ae3a29ecd5d84c461bfaabee5af0e13f0c71d8a53b83a7f4,P20_N050_M050_R22_seed120505022.npz
P20_N050_M050_R23_seed120505023,20,50,50,23,120505023,paper_range_complete_draw_rejection,2,1,"{""constant_preference_probe"": 1, ""no_nonzero_unit_feasible_point"": 1}",1,a82fba3c8e265fbc9fc3812314c886ef0df35a2914e5079a72949ef59539bcd3,P20_N050_M050_R23_seed120505023.npz
P20_N050_M050_R24_seed120505024,20,50,50,24,120505024,paper_range_complete_draw_rejection,7,6,"{""constant_preference_probe"": 6, ""no_nonzero_unit_feasible_point"": 6}",5,e78151ffe9b2a6d925913e493ab40bdb5f70376be654baf089feb5c58276d6fd,P20_N050_M050_R24_seed120505024.npz
P20_N050_M050_R25_seed120505025,20,50,50,25,120505025,paper_range_complete_draw_rejection,4,3,"{""constant_preference_probe"": 3, ""no_nonzero_unit_feasible_point"": 3}",1,4267b94da89dc0912737f6b1d6a8b39c32557555465519266b8fd5a49761961c,P20_N050_M050_R25_seed120505025.npz
P20_N050_M050_R26_seed120505026,20,50,50,26,120505026,paper_range_complete_draw_rejection,6,5,"{""constant_preference_probe"": 5, ""no_nonzero_unit_feasible_point"": 5}",5,fcac2ec6c4c44a88e540fd140394a9fa95de1e390bcc02f3abff38e77dc0338a,P20_N050_M050_R26_seed120505026.npz
P20_N050_M050_R27_seed120505027,20,50,50,27,120505027,paper_range_complete_draw_rejection,22,21,"{""constant_preference_probe"": 21, ""no_nonzero_unit_feasible_point"": 21}",1,1c23a3ebb7932f300bf3000d12c89e6899733a8e5a8664344743678e436449dc,P20_N050_M050_R27_seed120505027.npz
P20_N050_M050_R28_seed120505028,20,50,50,28,120505028,paper_range_complete_draw_rejection,1,0,{},1,b2035d3017f306d15780d144310e06ad6881a919574eda789d4c34c6ce9d1dc8,P20_N050_M050_R28_seed120505028.npz
P20_N050_M050_R29_seed120505029,20,50,50,29,120505029,paper_range_complete_draw_rejection,4,3,"{""constant_preference_probe"": 3, ""no_nonzero_unit_feasible_point"": 3}",3,d3695499e7733f8d7e6a52cad17a018e3c56a8e7e7ce4719d830a0b9a8ea2417,P20_N050_M050_R29_seed120505029.npz
P20_N050_M050_R30_seed120505030,20,50,50,30,120505030,paper_range_complete_draw_rejection,4,3,"{""constant_preference_probe"": 3, ""no_nonzero_unit_feasible_point"": 3}",2,dee64146dcb9ebd6e075b5fbb441e93dfdce6786c57a0c10bf230cfc0c614332,P20_N050_M050_R30_seed120505030.npz
P50_N010_M010_R01_seed150101001,50,10,10,1,150101001,paper_range_complete_draw_rejection,1,0,{},2,3c2bfd4cfcf6e6d3e3a24b56cfc17b90adeb71bb67e97d1f190de9d3a3db3db0,P50_N010_M010_R01_seed150101001.npz
P50_N010_M010_R02_seed150101002,50,10,10,2,150101002,paper_range_complete_draw_rejection,1,0,{},2,10ae80ff6dfe38426ec391f355a8cd5531d6613a1d1a3bf515553ed8f3954931,P50_N010_M010_R02_seed150101002.npz
P50_N010_M010_R03_seed150101003,50,10,10,3,150101003,paper_range_complete_draw_rejection,2,1,"{""constant_preference_probe"": 1, ""no_nonzero_unit_feasible_point"": 1}",1,2011d98590e345d18b7e850b7ca6d29ecda5e2b667f21db656d32a72a132cc84,P50_N010_M010_R03_seed150101003.npz
P50_N010_M010_R04_seed150101004,50,10,10,4,150101004,paper_range_complete_draw_rejection,1,0,{},2,a36d2e20140a174d4a8e0c25bc2516b53fb0a7e9894dd13364edecadb7d0a872,P50_N010_M010_R04_seed150101004.npz
P50_N010_M010_R05_seed150101005,50,10,10,5,150101005,paper_range_complete_draw_rejection,1,0,{},10,e0be1ff3936164d52ee8938fdf601e36fae47fd110a85cfa5d8c9d162b0bfff0,P50_N010_M010_R05_seed150101005.npz
P50_N010_M010_R06_seed150101006,50,10,10,6,150101006,paper_range_complete_draw_rejection,1,0,{},10,b9b67d3e308ba1c7acc8fa4cad649ab7295c45a53a84285954eecf73139f5745,P50_N010_M010_R06_seed150101006.npz
P50_N010_M010_R07_seed150101007,50,10,10,7,150101007,paper_range_complete_draw_rejection,2,1,"{""constant_preference_probe"": 1, ""no_nonzero_unit_feasible_point"": 1}",4,41c80191c502383b2b3ab6c857c4480c389be9c01fc2a3273c37fc72ba4c30f9,P50_N010_M010_R07_seed150101007.npz
P50_N010_M010_R08_seed150101008,50,10,10,8,150101008,paper_range_complete_draw_rejection,1,0,{},1,74ca8f9754c9c5aa55a738a492972fd0b25e2c02a7ee702a6ed7c4a3c0e222d3,P50_N010_M010_R08_seed150101008.npz
P50_N010_M010_R09_seed150101009,50,10,10,9,150101009,paper_range_complete_draw_rejection,1,0,{},9,fa8a0408ddf86066345fdc321fe6d6674fc9639befeb34cff1ab7dc64537e85b,P50_N010_M010_R09_seed150101009.npz
P50_N010_M010_R10_seed150101010,50,10,10,10,150101010,paper_range_complete_draw_rejection,2,1,"{""constant_preference_probe"": 1, ""no_nonzero_unit_feasible_point"": 1}",3,0fd3c088714c15b647d1436f7da97263d94518f2b643f93f7e229d1ff1ae494f,P50_N010_M010_R10_seed150101010.npz
P50_N010_M010_R11_seed150101011,50,10,10,11,150101011,paper_range_complete_draw_rejection,1,0,{},7,928c4ba874d231fa1b1bd38806db0984ed9bc37fdce1cfb32cbfa617c4e15f68,P50_N010_M010_R11_seed150101011.npz
P50_N010_M010_R12_seed150101012,50,10,10,12,150101012,paper_range_complete_draw_rejection,1,0,{},2,1252016522d47d94564018ba01c2322cf5d12fbbc6f9a0e2a0eae2400eb018cd,P50_N010_M010_R12_seed150101012.npz
P50_N010_M010_R13_seed150101013,50,10,10,13,150101013,paper_range_complete_draw_rejection,1,0,{},9,d0533e4934a781bebc4f4545ac058bb77531184c377721d8158570eaccdff409,P50_N010_M010_R13_seed150101013.npz
P50_N010_M010_R14_seed150101014,50,10,10,14,150101014,paper_range_complete_draw_rejection,1,0,{},1,099baf2a53ae4f04b6089a79e40dd0f25bb4b910c0ed6200ca2545497365d725,P50_N010_M010_R14_seed150101014.npz
P50_N010_M010_R15_seed150101015,50,10,10,15,150101015,paper_range_complete_draw_rejection,1,0,{},4,0e39cdc13c5620d94f4e021a179719008c23cbbafbd0dbb3102614dcfd9990ea,P50_N010_M010_R15_seed150101015.npz
P50_N010_M010_R16_seed150101016,50,10,10,16,150101016,paper_range_complete_draw_rejection,4,3,"{""constant_preference_probe"": 3, ""no_nonzero_unit_feasible_point"": 3}",2,f359590b786505d99be97dfe1462f5f5d715fd10bf35e7315d8f2060e687749a,P50_N010_M010_R16_seed150101016.npz
P50_N010_M010_R17_seed150101017,50,10,10,17,150101017,paper_range_complete_draw_rejection,1,0,{},10,3acb12de95efa46b0bcee619a245480871a55981e64762c10de771b6b4382844,P50_N010_M010_R17_seed150101017.npz
P50_N010_M010_R18_seed150101018,50,10,10,18,150101018,paper_range_complete_draw_rejection,1,0,{},2,78581fc2f5a98fe7beee44a9e1369c42fb48032da2559055f5a27e8fe2415798,P50_N010_M010_R18_seed150101018.npz
P50_N010_M010_R19_seed150101019,50,10,10,19,150101019,paper_range_complete_draw_rejection,1,0,{},4,5e15122c75341f745a318266b2e9c011a75811c2f71741348625d57e5c1a8012,P50_N010_M010_R19_seed150101019.npz
P50_N010_M010_R20_seed150101020,50,10,10,20,150101020,paper_range_complete_draw_rejection,1,0,{},1,3ddace78beb4ef8670ff9cb4fc211b0ac3edbce9113bab9811a1b5c2b9f151d7,P50_N010_M010_R20_seed150101020.npz
P50_N010_M010_R21_seed150101021,50,10,10,21,150101021,paper_range_complete_draw_rejection,1,0,{},9,94b14c332b626f3608ded60983fa62cb8b0ee8b9680f41df8032d7a7e7e458c7,P50_N010_M010_R21_seed150101021.npz
P50_N010_M010_R22_seed150101022,50,10,10,22,150101022,paper_range_complete_draw_rejection,1,0,{},8,d24c8e0bba899d74572eda1f561466669e8fe73bd876c1459997901d0514261a,P50_N010_M010_R22_seed150101022.npz
P50_N010_M010_R23_seed150101023,50,10,10,23,150101023,paper_range_complete_draw_rejection,1,0,{},9,234cd397875206cda90d6c0872fecb8b0db810293d49b7c0711965104c54b620,P50_N010_M010_R23_seed150101023.npz
P50_N010_M010_R24_seed150101024,50,10,10,24,150101024,paper_range_complete_draw_rejection,2,1,"{""constant_preference_probe"": 1, ""no_nonzero_unit_feasible_point"": 1}",5,7afd7807ce99520a084e35cfa8a69545a5bbda5fdd1daff7b71704b984356ea5,P50_N010_M010_R24_seed150101024.npz
P50_N010_M010_R25_seed150101025,50,10,10,25,150101025,paper_range_complete_draw_rejection,1,0,{},6,4bdce44a625d17cc054f55ed93c23659319da150358ce4464b0418ea315fa0e3,P50_N010_M010_R25_seed150101025.npz
P50_N010_M010_R26_seed150101026,50,10,10,26,150101026,paper_range_complete_draw_rejection,1,0,{},5,3161936175a8256465b7dc8dd72364e44e0e8e62f2b6101b033b97cc41e500d7,P50_N010_M010_R26_seed150101026.npz
P50_N010_M010_R27_seed150101027,50,10,10,27,150101027,paper_range_complete_draw_rejection,1,0,{},6,464fe5b3dd2c683a15e578a24da990172d301de81139659f554f48fe1cac87d3,P50_N010_M010_R27_seed150101027.npz
P50_N010_M010_R28_seed150101028,50,10,10,28,150101028,paper_range_complete_draw_rejection,1,0,{},5,71788a44652f1a20abc5a9a4c0cbf656f7a00e7868aa268b35823fbc6eb5ca56,P50_N010_M010_R28_seed150101028.npz
P50_N010_M010_R29_seed150101029,50,10,10,29,150101029,paper_range_complete_draw_rejection,1,0,{},10,7fda96ec1c3afa55dc400df5a5f2acc2eb5f3fb1fe07b6ac790fe405afe0fe68,P50_N010_M010_R29_seed150101029.npz
P50_N010_M010_R30_seed150101030,50,10,10,30,150101030,paper_range_complete_draw_rejection,2,1,"{""constant_preference_probe"": 1, ""no_nonzero_unit_feasible_point"": 1}",9,bb1b79fd89f4fee29b4173a26414b5758f1bc8f2f6a873ce36af0dda406a3195,P50_N010_M010_R30_seed150101030.npz
P50_N010_M020_R01_seed150102001,50,10,20,1,150102001,paper_range_complete_draw_rejection,2,1,"{""constant_preference_probe"": 1, ""no_nonzero_unit_feasible_point"": 1}",1,35f6c762452c8f189a1674a7b24820a92a9c057c9d0d33ea86555d9ad74c0a80,P50_N010_M020_R01_seed150102001.npz
P50_N010_M020_R02_seed150102002,50,10,20,2,150102002,paper_range_complete_draw_rejection,1,0,{},2,08ff200f546009d53046ca99160b2d0bdb38d2a20093c1fdac079506f20d2341,P50_N010_M020_R02_seed150102002.npz
P50_N010_M020_R03_seed150102003,50,10,20,3,150102003,paper_range_complete_draw_rejection,6,5,"{""constant_preference_probe"": 5, ""no_nonzero_unit_feasible_point"": 5}",2,924678f31625c9b6f88603198d3eb1e107bf1865b92385c149e506de21f8de76,P50_N010_M020_R03_seed150102003.npz
P50_N010_M020_R04_seed150102004,50,10,20,4,150102004,paper_range_complete_draw_rejection,2,1,"{""constant_preference_probe"": 1, ""no_nonzero_unit_feasible_point"": 1}",7,211c38b9dcae682e497bd7444ffa059375f54969227230420352c8e7d67fb629,P50_N010_M020_R04_seed150102004.npz
P50_N010_M020_R05_seed150102005,50,10,20,5,150102005,paper_range_complete_draw_rejection,1,0,{},3,27227b6ca7470e459997b9ba7c30d8345a6b7e89bb314eb10b59f2b3362fb937,P50_N010_M020_R05_seed150102005.npz
P50_N010_M020_R06_seed150102006,50,10,20,6,150102006,paper_range_complete_draw_rejection,5,4,"{""constant_preference_probe"": 4, ""no_nonzero_unit_feasible_point"": 4}",1,b6df777bd80dbc189a42eb6d73aec8de3e7b5e4a659ae1b016f309a36f56d2df,P50_N010_M020_R06_seed150102006.npz
P50_N010_M020_R07_seed150102007,50,10,20,7,150102007,paper_range_complete_draw_rejection,6,5,"{""constant_preference_probe"": 5, ""no_nonzero_unit_feasible_point"": 5}",10,3b425d826e050f6c4dd7fab2bf90ac878993dfac9349ca1773382db7ac3b0bd0,P50_N010_M020_R07_seed150102007.npz
P50_N010_M020_R08_seed150102008,50,10,20,8,150102008,paper_range_complete_draw_rejection,3,2,"{""constant_preference_probe"": 2, ""no_nonzero_unit_feasible_point"": 2}",2,58b632e654683d842fbb84827b16b41d6f1ba3022ecaa64b1583f99ef3b920a8,P50_N010_M020_R08_seed150102008.npz
P50_N010_M020_R09_seed150102009,50,10,20,9,150102009,paper_range_complete_draw_rejection,2,1,"{""constant_preference_probe"": 1, ""no_nonzero_unit_feasible_point"": 1}",2,b82b210a81afd7b828701cbcdcc3645863e5a2f89a743703afea3be84a5ce3ec,P50_N010_M020_R09_seed150102009.npz
P50_N010_M020_R10_seed150102010,50,10,20,10,150102010,paper_range_complete_draw_rejection,5,4,"{""constant_preference_probe"": 4, ""no_nonzero_unit_feasible_point"": 4}",2,8bc3fdc042a56dcacc10033c24e3d3e2e9b8316de4cc6104aab9674397082cb8,P50_N010_M020_R10_seed150102010.npz
P50_N010_M020_R11_seed150102011,50,10,20,11,150102011,paper_range_complete_draw_rejection,5,4,"{""constant_preference_probe"": 4, ""no_nonzero_unit_feasible_point"": 4}",2,a8f6bc64a2188ae384c22c206f70e7f49cd4a83d4da36e99fe447c5f8cbe1a84,P50_N010_M020_R11_seed150102011.npz
P50_N010_M020_R12_seed150102012,50,10,20,12,150102012,paper_range_complete_draw_rejection,1,0,{},5,8f4373309e318e95f6200a466b07bd360267d81333d58bff3a9c45f851f3c9b2,P50_N010_M020_R12_seed150102012.npz
P50_N010_M020_R13_seed150102013,50,10,20,13,150102013,paper_range_complete_draw_rejection,3,2,"{""constant_preference_probe"": 2, ""no_nonzero_unit_feasible_point"": 2}",1,c64577824fa52d3b6dc432c2c748387200d1e53b175f624f972409755808957a,P50_N010_M020_R13_seed150102013.npz
P50_N010_M020_R14_seed150102014,50,10,20,14,150102014,paper_range_complete_draw_rejection,4,3,"{""constant_preference_probe"": 3, ""no_nonzero_unit_feasible_point"": 3}",1,e1ca8aba698e5ad0ac6b8aae9419f1005525370100da71a349154f461a326e64,P50_N010_M020_R14_seed150102014.npz
P50_N010_M020_R15_seed150102015,50,10,20,15,150102015,paper_range_complete_draw_rejection,2,1,"{""constant_preference_probe"": 1, ""no_nonzero_unit_feasible_point"": 1}",2,feb9813cfe6b4c8462890a4972c24d72e883c9cf7e75c2f882902f928aca1b83,P50_N010_M020_R15_seed150102015.npz
P50_N010_M020_R16_seed150102016,50,10,20,16,150102016,paper_range_complete_draw_rejection,1,0,{},1,2de357bc54564d53690b8df56494e41e1c90a3ac4d589cd9829c175b6160530a,P50_N010_M020_R16_seed150102016.npz
P50_N010_M020_R17_seed150102017,50,10,20,17,150102017,paper_range_complete_draw_rejection,3,2,"{""constant_preference_probe"": 2, ""no_nonzero_unit_feasible_point"": 2}",10,0a58ebd076d8cad0f9fe0741a2b67db65682919018c8340e52c51c9605b853a3,P50_N010_M020_R17_seed150102017.npz
P50_N010_M020_R18_seed150102018,50,10,20,18,150102018,paper_range_complete_draw_rejection,2,1,"{""constant_preference_probe"": 1, ""no_nonzero_unit_feasible_point"": 1}",2,b96447289e3fb120098218f0c862000e047a939943b66766baa3072d27676318,P50_N010_M020_R18_seed150102018.npz
P50_N010_M020_R19_seed150102019,50,10,20,19,150102019,paper_range_complete_draw_rejection,4,3,"{""constant_preference_probe"": 3, ""no_nonzero_unit_feasible_point"": 3}",3,ce45140c29be4096e1df865cf0957ea17a541350ba5f2300d8f17cfd5c56b262,P50_N010_M020_R19_seed150102019.npz
P50_N010_M020_R20_seed150102020,50,10,20,20,150102020,paper_range_complete_draw_rejection,1,0,{},7,638eddaa9675f60f188cbaac8a0e55042f003ece0f2cb854e2b3f41373ae9b0d,P50_N010_M020_R20_seed150102020.npz
P50_N010_M020_R21_seed150102021,50,10,20,21,150102021,paper_range_complete_draw_rejection,2,1,"{""constant_preference_probe"": 1, ""no_nonzero_unit_feasible_point"": 1}",1,c72df79b58ddfd84b9e1e14b456a4f1007d5e4949edb03946869cdcb2f7d8654,P50_N010_M020_R21_seed150102021.npz
P50_N010_M020_R22_seed150102022,50,10,20,22,150102022,paper_range_complete_draw_rejection,5,4,"{""constant_preference_probe"": 4, ""no_nonzero_unit_feasible_point"": 4}",5,6b23191d4b91ffd578e469d7c27bf31186f96839e06fc23c827c11f331140707,P50_N010_M020_R22_seed150102022.npz
P50_N010_M020_R23_seed150102023,50,10,20,23,150102023,paper_range_complete_draw_rejection,1,0,{},10,da053166baafdfcf8bb1b5cf69e542ecdcf7d3ebcca4e5a8147101a049351ae9,P50_N010_M020_R23_seed150102023.npz
P50_N010_M020_R24_seed150102024,50,10,20,24,150102024,paper_range_complete_draw_rejection,4,3,"{""constant_preference_probe"": 3, ""no_nonzero_unit_feasible_point"": 3}",4,e487c9b17fadb77ae5815c6f996156a62d083328717e5921bb5d737abc1ae0a4,P50_N010_M020_R24_seed150102024.npz
P50_N010_M020_R25_seed150102025,50,10,20,25,150102025,paper_range_complete_draw_rejection,3,2,"{""constant_preference_probe"": 2, ""no_nonzero_unit_feasible_point"": 2}",1,02c079d482245c9ef7bfb3e71dcbfe5f3e5d9078a9167d0ce3dc4431bfa26c63,P50_N010_M020_R25_seed150102025.npz
P50_N010_M020_R26_seed150102026,50,10,20,26,150102026,paper_range_complete_draw_rejection,6,5,"{""constant_preference_probe"": 5, ""no_nonzero_unit_feasible_point"": 5}",6,a148fc20cc762dc0e066e8e7ebda2c6ac02467921aad2bfdb684f4ae2a67146b,P50_N010_M020_R26_seed150102026.npz
P50_N010_M020_R27_seed150102027,50,10,20,27,150102027,paper_range_complete_draw_rejection,2,1,"{""constant_preference_probe"": 1, ""no_nonzero_unit_feasible_point"": 1}",7,a643ca4f46c6ee0e0117bfc839851851f201db171a124fa0d792ed515690e70b,P50_N010_M020_R27_seed150102027.npz
P50_N010_M020_R28_seed150102028,50,10,20,28,150102028,paper_range_complete_draw_rejection,2,1,"{""constant_preference_probe"": 1, ""no_nonzero_unit_feasible_point"": 1}",2,24d8742ea2d819a8b7b7cc9b77e8f5bb8b1e55bba84d176bcb7119e71436d582,P50_N010_M020_R28_seed150102028.npz
P50_N010_M020_R29_seed150102029,50,10,20,29,150102029,paper_range_complete_draw_rejection,3,2,"{""constant_preference_probe"": 2, ""no_nonzero_unit_feasible_point"": 2}",5,a0e27b38d9925b2c7d54ac6fddcfce86556676d75ff973348483d89ba124d08e,P50_N010_M020_R29_seed150102029.npz
P50_N010_M020_R30_seed150102030,50,10,20,30,150102030,paper_range_complete_draw_rejection,1,0,{},3,471712799c5602066a30f82c3b91e087e1bea41f353450c90ae0acbe559771a4,P50_N010_M020_R30_seed150102030.npz
P50_N010_M030_R01_seed150103001,50,10,30,1,150103001,paper_range_complete_draw_rejection,6,5,"{""constant_preference_probe"": 5, ""no_nonzero_unit_feasible_point"": 5}",2,324fe38bb86ff6778c10a2e79ec04c2b764006c41b56db284b083b9ad638dde3,P50_N010_M030_R01_seed150103001.npz
P50_N010_M030_R02_seed150103002,50,10,30,2,150103002,paper_range_complete_draw_rejection,14,13,"{""constant_preference_probe"": 13, ""no_nonzero_unit_feasible_point"": 13}",1,ac8cadbe67b887e956ffb6ce12a2dc4bfb5262c3d0e4743a65444764b02611bd,P50_N010_M030_R02_seed150103002.npz
P50_N010_M030_R03_seed150103003,50,10,30,3,150103003,paper_range_complete_draw_rejection,2,1,"{""constant_preference_probe"": 1, ""no_nonzero_unit_feasible_point"": 1}",1,eb0de65c4dc3cc369373b49618fe0b60d31b15e2c8482984a4817e692e6ec8d8,P50_N010_M030_R03_seed150103003.npz
P50_N010_M030_R04_seed150103004,50,10,30,4,150103004,paper_range_complete_draw_rejection,16,15,"{""constant_preference_probe"": 15, ""no_nonzero_unit_feasible_point"": 15}",4,9ecb64043e818613fcda4b370a214b17f701dad4a6f4133afaf871fa15ed7651,P50_N010_M030_R04_seed150103004.npz
P50_N010_M030_R05_seed150103005,50,10,30,5,150103005,paper_range_complete_draw_rejection,2,1,"{""constant_preference_probe"": 1, ""no_nonzero_unit_feasible_point"": 1}",3,59b569b4c513ed9fd0b37fc2f91f81708dc0e2aab66386c9ea81ed9190f80b47,P50_N010_M030_R05_seed150103005.npz
P50_N010_M030_R06_seed150103006,50,10,30,6,150103006,paper_range_complete_draw_rejection,2,1,"{""constant_preference_probe"": 1, ""no_nonzero_unit_feasible_point"": 1}",1,9c34c634249856014f3dba7c006de9c5a75864608cbb7e9d5cfea31881a1d661,P50_N010_M030_R06_seed150103006.npz
P50_N010_M030_R07_seed150103007,50,10,30,7,150103007,paper_range_complete_draw_rejection,9,8,"{""constant_preference_probe"": 8, ""no_nonzero_unit_feasible_point"": 8}",6,8cac240e426927c6c54b80627bacc426ab13bd1c865699232a6eee4c08eb2d40,P50_N010_M030_R07_seed150103007.npz
P50_N010_M030_R08_seed150103008,50,10,30,8,150103008,paper_range_complete_draw_rejection,8,7,"{""constant_preference_probe"": 7, ""no_nonzero_unit_feasible_point"": 7}",1,b2c24fb4caf91adcb48ae135371c560eb6aac35a437e7659f009f046f7230fcb,P50_N010_M030_R08_seed150103008.npz
P50_N010_M030_R09_seed150103009,50,10,30,9,150103009,paper_range_complete_draw_rejection,1,0,{},1,b218551fdc636a94f156fcb5876d524f4052532550f17e433ceb04e1f7be8430,P50_N010_M030_R09_seed150103009.npz
P50_N010_M030_R10_seed150103010,50,10,30,10,150103010,paper_range_complete_draw_rejection,8,7,"{""constant_preference_probe"": 7, ""no_nonzero_unit_feasible_point"": 7}",1,cc4f352b06aacdfdc335ce95d680912c78ded043a862dfdcba3ef470bbc94588,P50_N010_M030_R10_seed150103010.npz
P50_N010_M030_R11_seed150103011,50,10,30,11,150103011,paper_range_complete_draw_rejection,3,2,"{""constant_preference_probe"": 2, ""no_nonzero_unit_feasible_point"": 2}",2,67484893980dd5e50eec799787ff4d73e577d334599c333f4e8859ef0363d686,P50_N010_M030_R11_seed150103011.npz
P50_N010_M030_R12_seed150103012,50,10,30,12,150103012,paper_range_complete_draw_rejection,3,2,"{""constant_preference_probe"": 2, ""no_nonzero_unit_feasible_point"": 2}",9,985a17293f5420fa2688b3ead0263dd0d3d758aaf06b66466963a2d1fa5eb3f2,P50_N010_M030_R12_seed150103012.npz
P50_N010_M030_R13_seed150103013,50,10,30,13,150103013,paper_range_complete_draw_rejection,30,29,"{""constant_preference_probe"": 29, ""no_nonzero_unit_feasible_point"": 29}",1,85ce90e8cce4af6269ef63b674bb4c39704979ddf0cb44450bd991e495573274,P50_N010_M030_R13_seed150103013.npz
P50_N010_M030_R14_seed150103014,50,10,30,14,150103014,paper_range_complete_draw_rejection,2,1,"{""constant_preference_probe"": 1, ""no_nonzero_unit_feasible_point"": 1}",1,f73d2d62670ffbda2f0c9e4653d4d971099a3750f247f3c0a385b7f3deb08f2e,P50_N010_M030_R14_seed150103014.npz
P50_N010_M030_R15_seed150103015,50,10,30,15,150103015,paper_range_complete_draw_rejection,27,26,"{""constant_preference_probe"": 26, ""no_nonzero_unit_feasible_point"": 26}",1,1b32632934aa08ecdab5d0f356f81e1a4dd55b1330502082b34adb03681d7b15,P50_N010_M030_R15_seed150103015.npz
P50_N010_M030_R16_seed150103016,50,10,30,16,150103016,paper_range_complete_draw_rejection,4,3,"{""constant_preference_probe"": 3, ""no_nonzero_unit_feasible_point"": 3}",1,f697d02eb9ffb8a85f54041fc49583fe6ccc6cb37a9b86ac6569522529916461,P50_N010_M030_R16_seed150103016.npz
P50_N010_M030_R17_seed150103017,50,10,30,17,150103017,paper_range_complete_draw_rejection,2,1,"{""constant_preference_probe"": 1, ""no_nonzero_unit_feasible_point"": 1}",2,8abb7509db410ddddbef334dec243dc7179f30e4bea7819fc9ddacfe4b7c7323,P50_N010_M030_R17_seed150103017.npz
P50_N010_M030_R18_seed150103018,50,10,30,18,150103018,paper_range_complete_draw_rejection,5,4,"{""constant_preference_probe"": 4, ""no_nonzero_unit_feasible_point"": 4}",2,a65ed523f0eac86b0d109817931b43d053d47425f097ace3609d01b8d8b7d672,P50_N010_M030_R18_seed150103018.npz
P50_N010_M030_R19_seed150103019,50,10,30,19,150103019,paper_range_complete_draw_rejection,2,1,"{""constant_preference_probe"": 1, ""no_nonzero_unit_feasible_point"": 1}",1,fe2840666933cecad01d9afdc964747d8ec4ba5a9379ad7983c88cf4a0e45a83,P50_N010_M030_R19_seed150103019.npz
P50_N010_M030_R20_seed150103020,50,10,30,20,150103020,paper_range_complete_draw_rejection,14,13,"{""constant_preference_probe"": 13, ""no_nonzero_unit_feasible_point"": 13}",1,e51758de83018072710773f58bd62c85cca0ee237f163067b470f26ae9246faf,P50_N010_M030_R20_seed150103020.npz
P50_N010_M030_R21_seed150103021,50,10,30,21,150103021,paper_range_complete_draw_rejection,2,1,"{""constant_preference_probe"": 1, ""no_nonzero_unit_feasible_point"": 1}",2,87d8bb54526ba3a99a99436da6d325858cb2fd2198c928332e3594453990916d,P50_N010_M030_R21_seed150103021.npz
P50_N010_M030_R22_seed150103022,50,10,30,22,150103022,paper_range_complete_draw_rejection,6,5,"{""constant_preference_probe"": 5, ""no_nonzero_unit_feasible_point"": 5}",1,a29c023c631a006fd56c2329940ea893015baaca9ce4467c5ff773ceb5ed8523,P50_N010_M030_R22_seed150103022.npz
P50_N010_M030_R23_seed150103023,50,10,30,23,150103023,paper_range_complete_draw_rejection,3,2,"{""constant_preference_probe"": 2, ""no_nonzero_unit_feasible_point"": 2}",2,36ff4efc756b05d089bfbc6180cb067b80f802fe522205196a68779ba8396419,P50_N010_M030_R23_seed150103023.npz
P50_N010_M030_R24_seed150103024,50,10,30,24,150103024,paper_range_complete_draw_rejection,5,4,"{""constant_preference_probe"": 4, ""no_nonzero_unit_feasible_point"": 4}",1,607c543026d77d1b78c8c83a2fdf00467d97c0ab2deb94facd43c579b8e31666,P50_N010_M030_R24_seed150103024.npz
P50_N010_M030_R25_seed150103025,50,10,30,25,150103025,paper_range_complete_draw_rejection,3,2,"{""constant_preference_probe"": 2, ""no_nonzero_unit_feasible_point"": 2}",1,040b188a350fa9acf759e9273e99d1d8133ed85f29eba1f92a4ee31707b662d2,P50_N010_M030_R25_seed150103025.npz
P50_N010_M030_R26_seed150103026,50,10,30,26,150103026,paper_range_complete_draw_rejection,2,1,"{""constant_preference_probe"": 1, ""no_nonzero_unit_feasible_point"": 1}",1,9a8f5c0f2a01587b817667d5abb3800091c4d4886c684db1df79e7e555bd3566,P50_N010_M030_R26_seed150103026.npz
P50_N010_M030_R27_seed150103027,50,10,30,27,150103027,paper_range_complete_draw_rejection,1,0,{},1,e62a75d2009376a1200c8078baafb48ef55144964fa9c2f18944d16cc47f2ed6,P50_N010_M030_R27_seed150103027.npz
P50_N010_M030_R28_seed150103028,50,10,30,28,150103028,paper_range_complete_draw_rejection,10,9,"{""constant_preference_probe"": 9, ""no_nonzero_unit_feasible_point"": 9}",4,4f84dd65387e161411af4f5e1728bf31334e59982afdbf22688cc7e25c364fae,P50_N010_M030_R28_seed150103028.npz
P50_N010_M030_R29_seed150103029,50,10,30,29,150103029,paper_range_complete_draw_rejection,5,4,"{""constant_preference_probe"": 4, ""no_nonzero_unit_feasible_point"": 4}",3,a986afd0b24359db43cd0fa1975773d11a895db259257f60488c3289fbbaa2b4,P50_N010_M030_R29_seed150103029.npz
P50_N010_M030_R30_seed150103030,50,10,30,30,150103030,paper_range_complete_draw_rejection,1,0,{},1,c9816e1d760c3a966413eee4107f97c10a8156283a5e519a2877365d304369ed,P50_N010_M030_R30_seed150103030.npz
P50_N010_M050_R01_seed150105001,50,10,50,1,150105001,paper_range_complete_draw_rejection,2,1,"{""constant_preference_probe"": 1, ""no_nonzero_unit_feasible_point"": 1}",1,c7396f33e7a09a6975fcc069b947f5ec17258d0f40d6924fd4f292482ddf8bd1,P50_N010_M050_R01_seed150105001.npz
P50_N010_M050_R02_seed150105002,50,10,50,2,150105002,paper_range_complete_draw_rejection,2,1,"{""constant_preference_probe"": 1, ""no_nonzero_unit_feasible_point"": 1}",2,4de7e7e374d8743a5d97d28d1fed4ee99c8de100c6cc950e75e6429028289977,P50_N010_M050_R02_seed150105002.npz
P50_N010_M050_R03_seed150105003,50,10,50,3,150105003,paper_range_complete_draw_rejection,1,0,{},1,e53667854194fd836880b458a119069b78f0f43367fbb716fafcb04e31684548,P50_N010_M050_R03_seed150105003.npz
P50_N010_M050_R04_seed150105004,50,10,50,4,150105004,paper_range_complete_draw_rejection,19,18,"{""constant_preference_probe"": 18, ""no_nonzero_unit_feasible_point"": 18}",1,5370de4318e9fe9ddd8a4a31734a22307107924ad24b550763564d2ffad50467,P50_N010_M050_R04_seed150105004.npz
P50_N010_M050_R05_seed150105005,50,10,50,5,150105005,paper_range_complete_draw_rejection,39,38,"{""constant_preference_probe"": 38, ""no_nonzero_unit_feasible_point"": 38}",2,62882c4aa2844adc97b58fb66eeadc2380839b49e68dbaacbad17ec9a42d6147,P50_N010_M050_R05_seed150105005.npz
P50_N010_M050_R06_seed150105006,50,10,50,6,150105006,paper_range_complete_draw_rejection,15,14,"{""constant_preference_probe"": 14, ""no_nonzero_unit_feasible_point"": 14}",1,4d5d30fd9e3442147aebf59c94496371a4b5491b8fdb634a090588474b3df910,P50_N010_M050_R06_seed150105006.npz
P50_N010_M050_R07_seed150105007,50,10,50,7,150105007,paper_range_complete_draw_rejection,6,5,"{""constant_preference_probe"": 5, ""no_nonzero_unit_feasible_point"": 5}",2,817287e0d60eb1fe076e110d6f63480d8f7b2aa62f523140b29cb2e0e7a7653e,P50_N010_M050_R07_seed150105007.npz
P50_N010_M050_R08_seed150105008,50,10,50,8,150105008,paper_range_complete_draw_rejection,45,44,"{""constant_preference_probe"": 44, ""no_nonzero_unit_feasible_point"": 44}",2,f654e437fbec91bd4acd75880ea9995da06fb1f3e2bd87bcdb2a4f02679f2c2e,P50_N010_M050_R08_seed150105008.npz
P50_N010_M050_R09_seed150105009,50,10,50,9,150105009,paper_range_complete_draw_rejection,38,37,"{""constant_preference_probe"": 37, ""no_nonzero_unit_feasible_point"": 37}",2,8a8724a885b2d394f1cb737e2d7c68e908f9d83da4df637d004f46e6e693c187,P50_N010_M050_R09_seed150105009.npz
P50_N010_M050_R10_seed150105010,50,10,50,10,150105010,paper_range_complete_draw_rejection,5,4,"{""constant_preference_probe"": 4, ""no_nonzero_unit_feasible_point"": 4}",1,b673834f1dd5d507f71580aab57c7cb1fd57d3dc5540c844106ba53fea410e35,P50_N010_M050_R10_seed150105010.npz
P50_N010_M050_R11_seed150105011,50,10,50,11,150105011,paper_range_complete_draw_rejection,11,10,"{""constant_preference_probe"": 10, ""no_nonzero_unit_feasible_point"": 10}",6,29308454a3a49b38bdd2be720ee85d430b08ec6bac29f6b0619c4ebfd19872f0,P50_N010_M050_R11_seed150105011.npz
P50_N010_M050_R12_seed150105012,50,10,50,12,150105012,paper_range_complete_draw_rejection,21,20,"{""constant_preference_probe"": 20, ""no_nonzero_unit_feasible_point"": 20}",1,097d85d7d3721f762acd909ac6d15a0e88f8818180f881c46affff9e4bd5d4ab,P50_N010_M050_R12_seed150105012.npz
P50_N010_M050_R13_seed150105013,50,10,50,13,150105013,paper_range_complete_draw_rejection,9,8,"{""constant_preference_probe"": 8, ""no_nonzero_unit_feasible_point"": 8}",2,9857ec9bb719e696656c8a358bbdbbe5cc08d7a9fd74fa84e8285ca8ab0b9a2c,P50_N010_M050_R13_seed150105013.npz
P50_N010_M050_R14_seed150105014,50,10,50,14,150105014,paper_range_complete_draw_rejection,55,54,"{""constant_preference_probe"": 54, ""no_nonzero_unit_feasible_point"": 54}",3,65ee295718df365a6e31e3aadaad0d267e898390704031c5dfc6c8e191745f16,P50_N010_M050_R14_seed150105014.npz
P50_N010_M050_R15_seed150105015,50,10,50,15,150105015,paper_range_complete_draw_rejection,2,1,"{""constant_preference_probe"": 1, ""no_nonzero_unit_feasible_point"": 1}",2,4df762ee808f51be11c0d43fe99d0550f8bbe89cd01f7a30c213abe2f6d57a7a,P50_N010_M050_R15_seed150105015.npz
P50_N010_M050_R16_seed150105016,50,10,50,16,150105016,paper_range_complete_draw_rejection,82,81,"{""constant_preference_probe"": 81, ""no_nonzero_unit_feasible_point"": 81}",2,ed1b7ab857b8b8dc398271ddbc3cf3fdf4f8cfc78bec8187b72573f49f71423c,P50_N010_M050_R16_seed150105016.npz
P50_N010_M050_R17_seed150105017,50,10,50,17,150105017,paper_range_complete_draw_rejection,18,17,"{""constant_preference_probe"": 17, ""no_nonzero_unit_feasible_point"": 17}",2,91267f49b2f5b4314b589e075959b117967d0528a95653f6351300cef1867512,P50_N010_M050_R17_seed150105017.npz
P50_N010_M050_R18_seed150105018,50,10,50,18,150105018,paper_range_complete_draw_rejection,19,18,"{""constant_preference_probe"": 18, ""no_nonzero_unit_feasible_point"": 18}",1,26efd75f7fe21530ee22ac111c536f1215338601b384536486a47f79cf41d88d,P50_N010_M050_R18_seed150105018.npz
P50_N010_M050_R19_seed150105019,50,10,50,19,150105019,paper_range_complete_draw_rejection,28,27,"{""constant_preference_probe"": 27, ""no_nonzero_unit_feasible_point"": 27}",1,c6341c9ecb66b3010dd604ba2d7071bc3cd28b0d6361cec6fba84e66ac2a72e5,P50_N010_M050_R19_seed150105019.npz
P50_N010_M050_R20_seed150105020,50,10,50,20,150105020,paper_range_complete_draw_rejection,54,53,"{""constant_preference_probe"": 53, ""no_nonzero_unit_feasible_point"": 53}",1,0a3781dd14f3c006dd3af3f8586dafc6d71061e7648566747dc0c37d6bebe569,P50_N010_M050_R20_seed150105020.npz
P50_N010_M050_R21_seed150105021,50,10,50,21,150105021,paper_range_complete_draw_rejection,40,39,"{""constant_preference_probe"": 39, ""no_nonzero_unit_feasible_point"": 39}",5,93545d43b2e4418635ce06eff27df43cb30ac8ba4383cc1dee211f6c5071ce81,P50_N010_M050_R21_seed150105021.npz
P50_N010_M050_R22_seed150105022,50,10,50,22,150105022,paper_range_complete_draw_rejection,46,45,"{""constant_preference_probe"": 45, ""no_nonzero_unit_feasible_point"": 45}",2,3d59ff7c559b06ec6e7354a5ceb763bd74529dd93231974e1dad4e1bc84134ca,P50_N010_M050_R22_seed150105022.npz
P50_N010_M050_R23_seed150105023,50,10,50,23,150105023,paper_range_complete_draw_rejection,27,26,"{""constant_preference_probe"": 26, ""no_nonzero_unit_feasible_point"": 26}",1,033321e45133a561f48dd3aa54e298c32eab0f4a769e558d64d0b4e29aee95e9,P50_N010_M050_R23_seed150105023.npz
P50_N010_M050_R24_seed150105024,50,10,50,24,150105024,paper_range_complete_draw_rejection,1,0,{},1,04c26fe9ae45d66145874db572176c6fad64692efdeb024a68da4f2fdc228217,P50_N010_M050_R24_seed150105024.npz
P50_N010_M050_R25_seed150105025,50,10,50,25,150105025,paper_range_complete_draw_rejection,8,7,"{""constant_preference_probe"": 7, ""no_nonzero_unit_feasible_point"": 7}",2,74f7b67dac53090e95a0990d27396b29834b9266b6b087f2ea77c04a77b8dce5,P50_N010_M050_R25_seed150105025.npz
P50_N010_M050_R26_seed150105026,50,10,50,26,150105026,paper_range_complete_draw_rejection,28,27,"{""constant_preference_probe"": 27, ""no_nonzero_unit_feasible_point"": 27}",1,2b7cca77df8f0738be29bc8f1f45a07cd6e9be77ba36d731f524bd5a8d45db31,P50_N010_M050_R26_seed150105026.npz
P50_N010_M050_R27_seed150105027,50,10,50,27,150105027,paper_range_complete_draw_rejection,2,1,"{""constant_preference_probe"": 1, ""no_nonzero_unit_feasible_point"": 1}",1,7541af739434cdd5b40d717d269941bd2f47714d27be5645c82f16c733984815,P50_N010_M050_R27_seed150105027.npz
P50_N010_M050_R28_seed150105028,50,10,50,28,150105028,paper_range_complete_draw_rejection,24,23,"{""constant_preference_probe"": 23, ""no_nonzero_unit_feasible_point"": 23}",1,a691ac364f4ecf35cd76190f89537a203be26ad79c36ab3e93a41df91aa3e6a5,P50_N010_M050_R28_seed150105028.npz
P50_N010_M050_R29_seed150105029,50,10,50,29,150105029,paper_range_complete_draw_rejection,25,24,"{""constant_preference_probe"": 24, ""no_nonzero_unit_feasible_point"": 24}",1,f2395ebae046ae8bce643c3a4c3142d02ad88fdb51e17371929dcd6609a3a44e,P50_N010_M050_R29_seed150105029.npz
P50_N010_M050_R30_seed150105030,50,10,50,30,150105030,paper_range_complete_draw_rejection,7,6,"{""constant_preference_probe"": 6, ""no_nonzero_unit_feasible_point"": 6}",1,5435176b04345e53c3f6c32e5f782e605ca8907950a6451260176e9360ca02e2,P50_N010_M050_R30_seed150105030.npz
P50_N020_M010_R01_seed150201001,50,20,10,1,150201001,paper_range_complete_draw_rejection,1,0,{},1,9258e0f5b3ea3a90c758598288b1cd5752a7dc76672bdd93a8ecd4366570e15d,P50_N020_M010_R01_seed150201001.npz
P50_N020_M010_R02_seed150201002,50,20,10,2,150201002,paper_range_complete_draw_rejection,1,0,{},18,8362a10455fdf04b6e408d1ae4cf8d9169a56b665d5828fa24836aaa0cc77420,P50_N020_M010_R02_seed150201002.npz
P50_N020_M010_R03_seed150201003,50,20,10,3,150201003,paper_range_complete_draw_rejection,1,0,{},8,d9ed16d3a4c069a3ce3dbe83b0705eb4ab7c568d3daab54f8d94b30abfe209c4,P50_N020_M010_R03_seed150201003.npz
P50_N020_M010_R04_seed150201004,50,20,10,4,150201004,paper_range_complete_draw_rejection,2,1,"{""constant_preference_probe"": 1, ""no_nonzero_unit_feasible_point"": 1}",20,fe748256a6b8ff51c88226aa368682e87ad2ca45b22d6ea5b948d523a7a9dd57,P50_N020_M010_R04_seed150201004.npz
P50_N020_M010_R05_seed150201005,50,20,10,5,150201005,paper_range_complete_draw_rejection,1,0,{},1,410b40ce283ad2c08d2efeb426330226b083302385d9fdcf5efc4eea876a2178,P50_N020_M010_R05_seed150201005.npz
P50_N020_M010_R06_seed150201006,50,20,10,6,150201006,paper_range_complete_draw_rejection,1,0,{},1,c6b560a2691e1c64a2985a2f67dfe564a3de3fe71a7e01dec3b324ff084deab3,P50_N020_M010_R06_seed150201006.npz
P50_N020_M010_R07_seed150201007,50,20,10,7,150201007,paper_range_complete_draw_rejection,1,0,{},12,1490fe08de35c25739c09daf9f1f8c9363ba012c31404c015ef36a452c24b30b,P50_N020_M010_R07_seed150201007.npz
P50_N020_M010_R08_seed150201008,50,20,10,8,150201008,paper_range_complete_draw_rejection,1,0,{},20,b9b623e69efb5600d4bf68aa26f99d9c9dd510ddf051af2bab414beb1ca1cdc9,P50_N020_M010_R08_seed150201008.npz
P50_N020_M010_R09_seed150201009,50,20,10,9,150201009,paper_range_complete_draw_rejection,1,0,{},16,cdd3890b510c4cfacccc587b07495edbe61a77dd0b441f3bb64a82d17a9b24b5,P50_N020_M010_R09_seed150201009.npz
P50_N020_M010_R10_seed150201010,50,20,10,10,150201010,paper_range_complete_draw_rejection,2,1,"{""constant_preference_probe"": 1, ""no_nonzero_unit_feasible_point"": 1}",14,14a20e6a085362b07c0dfae9ed6d1cdd11333e5600fd541bd704216036e54d44,P50_N020_M010_R10_seed150201010.npz
P50_N020_M010_R11_seed150201011,50,20,10,11,150201011,paper_range_complete_draw_rejection,1,0,{},10,d8b5cec584d9e4d0badb2cb5afcf21d6e9ca0d5946493622e1d035257fc27540,P50_N020_M010_R11_seed150201011.npz
P50_N020_M010_R12_seed150201012,50,20,10,12,150201012,paper_range_complete_draw_rejection,1,0,{},8,a03da520fed827c135df14fdabeb200955f1203c6de032f0bb9eb390689078ec,P50_N020_M010_R12_seed150201012.npz
P50_N020_M010_R13_seed150201013,50,20,10,13,150201013,paper_range_complete_draw_rejection,1,0,{},4,bb834555b30bf07b7d91d900c5c65e385f9c48991d279f8a1a921d0c11473d39,P50_N020_M010_R13_seed150201013.npz
P50_N020_M010_R14_seed150201014,50,20,10,14,150201014,paper_range_complete_draw_rejection,1,0,{},16,170c3eb961c55c0a55e5420129b1aafb790ce8e1c27ca5fd97fb6795e4e557bf,P50_N020_M010_R14_seed150201014.npz
P50_N020_M010_R15_seed150201015,50,20,10,15,150201015,paper_range_complete_draw_rejection,1,0,{},9,ef163bd3c23e4b11ac722584ba7353264c508d358cabcce7066c1d43ad4ba00b,P50_N020_M010_R15_seed150201015.npz
P50_N020_M010_R16_seed150201016,50,20,10,16,150201016,paper_range_complete_draw_rejection,1,0,{},2,f59091d2ddea851b415d1f9e2c7b37463e7b03ad1226fb9fe5f2e851576e905e,P50_N020_M010_R16_seed150201016.npz
P50_N020_M010_R17_seed150201017,50,20,10,17,150201017,paper_range_complete_draw_rejection,1,0,{},5,6b1fcf5b054489669ccd31545d3d68c611d1272f905c4925a816a36d310deba2,P50_N020_M010_R17_seed150201017.npz
P50_N020_M010_R18_seed150201018,50,20,10,18,150201018,paper_range_complete_draw_rejection,1,0,{},2,49f96f8e86626b1a6cf684755099a933a9df437d47f38e6850c8b4657095e96d,P50_N020_M010_R18_seed150201018.npz
P50_N020_M010_R19_seed150201019,50,20,10,19,150201019,paper_range_complete_draw_rejection,1,0,{},4,21e2ffeedc470cfb8feab41e5198c825732365b821cd60a04e5f828ad79c1a4a,P50_N020_M010_R19_seed150201019.npz
P50_N020_M010_R20_seed150201020,50,20,10,20,150201020,paper_range_complete_draw_rejection,2,1,"{""constant_preference_probe"": 1, ""no_nonzero_unit_feasible_point"": 1}",8,b6696f510474057ed0251e8a8ba7dc860aea8cd67c2720ef4cfc927a8f0158c0,P50_N020_M010_R20_seed150201020.npz
P50_N020_M010_R21_seed150201021,50,20,10,21,150201021,paper_range_complete_draw_rejection,1,0,{},9,6c1f226b9df3a89a9a02e0a5440dd6fe1785af866d4c71b86f32cd5a22c69c0d,P50_N020_M010_R21_seed150201021.npz
P50_N020_M010_R22_seed150201022,50,20,10,22,150201022,paper_range_complete_draw_rejection,1,0,{},1,ce992f8fda0817230b90bff23db02e07e0c93e365cae1252c541e7417c131610,P50_N020_M010_R22_seed150201022.npz
P50_N020_M010_R23_seed150201023,50,20,10,23,150201023,paper_range_complete_draw_rejection,1,0,{},5,c204d9e8d932d9d74a25fa0d0e2e417fad7ff33b4ff89a07e40851c3610bf08f,P50_N020_M010_R23_seed150201023.npz
P50_N020_M010_R24_seed150201024,50,20,10,24,150201024,paper_range_complete_draw_rejection,1,0,{},7,3143f78785b7f2e261beffa0449a9e2376adb992e86dbc959864806e33ab9333,P50_N020_M010_R24_seed150201024.npz
P50_N020_M010_R25_seed150201025,50,20,10,25,150201025,paper_range_complete_draw_rejection,1,0,{},20,c66615b298cb9c8afd89fe829c93c54d5d56ea468f5ea9a3abdeb05355443543,P50_N020_M010_R25_seed150201025.npz
P50_N020_M010_R26_seed150201026,50,20,10,26,150201026,paper_range_complete_draw_rejection,1,0,{},4,1b0f70ae1d242ed613ff0e3b2300232b716d548acaf01a8a8b35b582a6d2398d,P50_N020_M010_R26_seed150201026.npz
P50_N020_M010_R27_seed150201027,50,20,10,27,150201027,paper_range_complete_draw_rejection,1,0,{},16,555e328e63f55cf9baab1b06e5c42bf35a2939975508c97b826153a7b6ee2d37,P50_N020_M010_R27_seed150201027.npz
P50_N020_M010_R28_seed150201028,50,20,10,28,150201028,paper_range_complete_draw_rejection,1,0,{},20,ecd5629b17c0723f5f8025f109979c31d9d14942100dc2000618dd824756c38a,P50_N020_M010_R28_seed150201028.npz
P50_N020_M010_R29_seed150201029,50,20,10,29,150201029,paper_range_complete_draw_rejection,1,0,{},3,a14168f5881f057a07269c30807a4a07b335fea20a4f257013cb5c302256573c,P50_N020_M010_R29_seed150201029.npz
P50_N020_M010_R30_seed150201030,50,20,10,30,150201030,paper_range_complete_draw_rejection,2,1,"{""constant_preference_probe"": 1, ""no_nonzero_unit_feasible_point"": 1}",4,1cf67a996a2ae01acd79399fd40a030744cbc7920940cf3e4e69bad8a0798caa,P50_N020_M010_R30_seed150201030.npz
P50_N020_M020_R01_seed150202001,50,20,20,1,150202001,paper_range_complete_draw_rejection,1,0,{},4,9dc47335ceb39d6e8fdea17d44e5188e5e9ff957d7f74a47b34f1b0d60720d7f,P50_N020_M020_R01_seed150202001.npz
P50_N020_M020_R02_seed150202002,50,20,20,2,150202002,paper_range_complete_draw_rejection,3,2,"{""constant_preference_probe"": 2, ""no_nonzero_unit_feasible_point"": 2}",2,d21a905d9f2613f1e34696371aa9f35c253a8d3f40e681902b6dca14e79def92,P50_N020_M020_R02_seed150202002.npz
P50_N020_M020_R03_seed150202003,50,20,20,3,150202003,paper_range_complete_draw_rejection,1,0,{},9,382c5561dc1ac287ccbd80359b1121b3fa82b55751247bf91c9481625059cb78,P50_N020_M020_R03_seed150202003.npz
P50_N020_M020_R04_seed150202004,50,20,20,4,150202004,paper_range_complete_draw_rejection,1,0,{},2,45cb2f9737af415f66b2d9fe1d078db53a7c0a36b20d59b42c428adc014af391,P50_N020_M020_R04_seed150202004.npz
P50_N020_M020_R05_seed150202005,50,20,20,5,150202005,paper_range_complete_draw_rejection,1,0,{},1,b7dcf23eda6cbc7d618c6f1a3b514d880b5618102e1fa16c6b60894c8ee111a2,P50_N020_M020_R05_seed150202005.npz
P50_N020_M020_R06_seed150202006,50,20,20,6,150202006,paper_range_complete_draw_rejection,1,0,{},2,537ea23feb9192eb97ac47625b77c20ecc8d3e1a9b26ea2148be057031a40cee,P50_N020_M020_R06_seed150202006.npz
P50_N020_M020_R07_seed150202007,50,20,20,7,150202007,paper_range_complete_draw_rejection,1,0,{},7,2a102f10a3ae655aceaa63783913f83d1fc536b0a85ae27fe34f3a07dfa6774a,P50_N020_M020_R07_seed150202007.npz
P50_N020_M020_R08_seed150202008,50,20,20,8,150202008,paper_range_complete_draw_rejection,1,0,{},7,1889e2cd5a1e2a5c52ff406a5dabf85806c636474aff3151216c2f7e098e125d,P50_N020_M020_R08_seed150202008.npz
P50_N020_M020_R09_seed150202009,50,20,20,9,150202009,paper_range_complete_draw_rejection,1,0,{},7,76e963b25f2e38a50a17b7f84e7a83564424fe4f8f410d988133b65e61d246af,P50_N020_M020_R09_seed150202009.npz
P50_N020_M020_R10_seed150202010,50,20,20,10,150202010,paper_range_complete_draw_rejection,3,2,"{""constant_preference_probe"": 2, ""no_nonzero_unit_feasible_point"": 2}",8,6c202852a8d63cb6667227810ca44d695936fab311d3dc6c0b8f4571a2dc644b,P50_N020_M020_R10_seed150202010.npz
P50_N020_M020_R11_seed150202011,50,20,20,11,150202011,paper_range_complete_draw_rejection,1,0,{},17,e9d6442435a634730e47ae449c4ffc1270264bd136a719d6b83c5a47a5f49821,P50_N020_M020_R11_seed150202011.npz
P50_N020_M020_R12_seed150202012,50,20,20,12,150202012,paper_range_complete_draw_rejection,3,2,"{""constant_preference_probe"": 2, ""no_nonzero_unit_feasible_point"": 2}",1,8edb51d03044ebeb6c78f129868827a08a9083a6e3243c12cfc8f1c53503bf50,P50_N020_M020_R12_seed150202012.npz
P50_N020_M020_R13_seed150202013,50,20,20,13,150202013,paper_range_complete_draw_rejection,2,1,"{""constant_preference_probe"": 1, ""no_nonzero_unit_feasible_point"": 1}",3,61b4adcf490cb036143b2f81890758836d3ea13a64b97588d9b3f1d916d3cde7,P50_N020_M020_R13_seed150202013.npz
P50_N020_M020_R14_seed150202014,50,20,20,14,150202014,paper_range_complete_draw_rejection,2,1,"{""constant_preference_probe"": 1, ""no_nonzero_unit_feasible_point"": 1}",3,0126e71e6f328888c5c0c077675a60365a8ec5a8d51e53ca97c8835b36270111,P50_N020_M020_R14_seed150202014.npz
P50_N020_M020_R15_seed150202015,50,20,20,15,150202015,paper_range_complete_draw_rejection,1,0,{},2,eb4f8a4b0ef9791629003e8c860668b3b65c21fb1a854c0cc8a7de81005155c5,P50_N020_M020_R15_seed150202015.npz
P50_N020_M020_R16_seed150202016,50,20,20,16,150202016,paper_range_complete_draw_rejection,3,2,"{""constant_preference_probe"": 2, ""no_nonzero_unit_feasible_point"": 2}",1,5f045923312e0f1798f5e11b9c0f00d1b8101dc0edb382b4c59a50ffdf1873b8,P50_N020_M020_R16_seed150202016.npz
P50_N020_M020_R17_seed150202017,50,20,20,17,150202017,paper_range_complete_draw_rejection,3,2,"{""constant_preference_probe"": 2, ""no_nonzero_unit_feasible_point"": 2}",6,75bacdd0cb09691cdbd8f9ff24311301526b2a6eeaa0e8293f3c0e78e9b17623,P50_N020_M020_R17_seed150202017.npz
P50_N020_M020_R18_seed150202018,50,20,20,18,150202018,paper_range_complete_draw_rejection,3,2,"{""constant_preference_probe"": 2, ""no_nonzero_unit_feasible_point"": 2}",4,cfe04a1a48b44022b794fd0de2db87046feed8dec004abcca62687d6b9c6f48e,P50_N020_M020_R18_seed150202018.npz
P50_N020_M020_R19_seed150202019,50,20,20,19,150202019,paper_range_complete_draw_rejection,2,1,"{""constant_preference_probe"": 1, ""no_nonzero_unit_feasible_point"": 1}",1,12c47006c17b751422329fb33b80b9ae04a943d9580cd664c84bbbc2be004ccc,P50_N020_M020_R19_seed150202019.npz
P50_N020_M020_R20_seed150202020,50,20,20,20,150202020,paper_range_complete_draw_rejection,3,2,"{""constant_preference_probe"": 2, ""no_nonzero_unit_feasible_point"": 2}",9,9851cc54a57787ef09d1e96808438d47cca4371b6ecd4366851fa6fa84d6a61c,P50_N020_M020_R20_seed150202020.npz
P50_N020_M020_R21_seed150202021,50,20,20,21,150202021,paper_range_complete_draw_rejection,1,0,{},1,908abd3ba3513fcec7c0a27d0315376404ee80015bfa8e3d99c6fbaeefd03205,P50_N020_M020_R21_seed150202021.npz
P50_N020_M020_R22_seed150202022,50,20,20,22,150202022,paper_range_complete_draw_rejection,1,0,{},11,60bcc70e48f9c7c3cddee5e7179bf01f01369fab08abe68f2c5aea579457ff82,P50_N020_M020_R22_seed150202022.npz
P50_N020_M020_R23_seed150202023,50,20,20,23,150202023,paper_range_complete_draw_rejection,1,0,{},1,c53dd1616854517c1e56beb35193df5d9f886b90f3c5f29183d32c7738721915,P50_N020_M020_R23_seed150202023.npz
P50_N020_M020_R24_seed150202024,50,20,20,24,150202024,paper_range_complete_draw_rejection,4,3,"{""constant_preference_probe"": 3, ""no_nonzero_unit_feasible_point"": 3}",8,7df35d0f80e957f09acb9eedf392d70fa5e28fbaa27783352411eef5824a27db,P50_N020_M020_R24_seed150202024.npz
P50_N020_M020_R25_seed150202025,50,20,20,25,150202025,paper_range_complete_draw_rejection,4,3,"{""constant_preference_probe"": 3, ""no_nonzero_unit_feasible_point"": 3}",10,01149e815ac6bc62c1a72e7e4305a1065dc5334d47b7ea88b9a49d4ccc93c638,P50_N020_M020_R25_seed150202025.npz
P50_N020_M020_R26_seed150202026,50,20,20,26,150202026,paper_range_complete_draw_rejection,3,2,"{""constant_preference_probe"": 2, ""no_nonzero_unit_feasible_point"": 2}",1,ef42d7b7a86a3e341f965b5013eecdeb2536f43def8c144de6e7228a572fe476,P50_N020_M020_R26_seed150202026.npz
P50_N020_M020_R27_seed150202027,50,20,20,27,150202027,paper_range_complete_draw_rejection,1,0,{},5,9fbaaf1c133f79c83a9648ce94546108632fe03d8e93920899f418013afae73f,P50_N020_M020_R27_seed150202027.npz
P50_N020_M020_R28_seed150202028,50,20,20,28,150202028,paper_range_complete_draw_rejection,4,3,"{""constant_preference_probe"": 3, ""no_nonzero_unit_feasible_point"": 3}",10,fd1174b6b6b22923ec8c3a40a744884cf621df2a96133c67ea7645d4a46b559a,P50_N020_M020_R28_seed150202028.npz
P50_N020_M020_R29_seed150202029,50,20,20,29,150202029,paper_range_complete_draw_rejection,4,3,"{""constant_preference_probe"": 3, ""no_nonzero_unit_feasible_point"": 3}",2,b9404d17e35b1deb882dfd4d6cb947092a338eb2bd62fab12a3691641577dfbf,P50_N020_M020_R29_seed150202029.npz
P50_N020_M020_R30_seed150202030,50,20,20,30,150202030,paper_range_complete_draw_rejection,2,1,"{""constant_preference_probe"": 1, ""no_nonzero_unit_feasible_point"": 1}",16,b502b1199a053dea4c270f7c1c74574c18c93878f5ab45086f5e1824ba18c06b,P50_N020_M020_R30_seed150202030.npz
P50_N020_M030_R01_seed150203001,50,20,30,1,150203001,paper_range_complete_draw_rejection,7,6,"{""constant_preference_probe"": 6, ""no_nonzero_unit_feasible_point"": 6}",3,8bc04ed6ece4b4b0c4904cdf36ad12e9899022c38d9512ad7ed6bd1635e09ae7,P50_N020_M030_R01_seed150203001.npz
P50_N020_M030_R02_seed150203002,50,20,30,2,150203002,paper_range_complete_draw_rejection,1,0,{},5,19c8562b6a5f51ae1968384eb28b1bf5ec32ac9471476c8b056299ab09383616,P50_N020_M030_R02_seed150203002.npz
P50_N020_M030_R03_seed150203003,50,20,30,3,150203003,paper_range_complete_draw_rejection,3,2,"{""constant_preference_probe"": 2, ""no_nonzero_unit_feasible_point"": 2}",14,55bdd0f6ed1faac04bf69e80b69a4348a7b8cdd57fb3dcc17005435c09b633a5,P50_N020_M030_R03_seed150203003.npz
P50_N020_M030_R04_seed150203004,50,20,30,4,150203004,paper_range_complete_draw_rejection,2,1,"{""constant_preference_probe"": 1, ""no_nonzero_unit_feasible_point"": 1}",4,99063500e5bea2bbb37f4a88bbcbb456ae395c0ec46f1917e2b74cb89cf69602,P50_N020_M030_R04_seed150203004.npz
P50_N020_M030_R05_seed150203005,50,20,30,5,150203005,paper_range_complete_draw_rejection,10,9,"{""constant_preference_probe"": 9, ""no_nonzero_unit_feasible_point"": 9}",9,cbdd3abbd67593d6af9363e81d6fc13ce77fc04c2159f8311d7dc47719433b1b,P50_N020_M030_R05_seed150203005.npz
P50_N020_M030_R06_seed150203006,50,20,30,6,150203006,paper_range_complete_draw_rejection,5,4,"{""constant_preference_probe"": 4, ""no_nonzero_unit_feasible_point"": 4}",1,581b518c04a676e38aea92b24e3382ad7863faf803ad3bee42fadbe70d559845,P50_N020_M030_R06_seed150203006.npz
P50_N020_M030_R07_seed150203007,50,20,30,7,150203007,paper_range_complete_draw_rejection,1,0,{},10,d522d6f71aa6cac0ab8401fe5199db4bb5a141a8ee01d32a1e1f3cbd747dbe87,P50_N020_M030_R07_seed150203007.npz
P50_N020_M030_R08_seed150203008,50,20,30,8,150203008,paper_range_complete_draw_rejection,7,6,"{""constant_preference_probe"": 6, ""no_nonzero_unit_feasible_point"": 6}",7,259efba33ae1a9dde8f209fa908971120b7c14ab224b2326ab65d50602e70628,P50_N020_M030_R08_seed150203008.npz
P50_N020_M030_R09_seed150203009,50,20,30,9,150203009,paper_range_complete_draw_rejection,1,0,{},8,c164d617eb271ab61a187303d0c6d8e825b8d2c7e1e192dcc92f79e3a71a6689,P50_N020_M030_R09_seed150203009.npz
P50_N020_M030_R10_seed150203010,50,20,30,10,150203010,paper_range_complete_draw_rejection,4,3,"{""constant_preference_probe"": 3, ""no_nonzero_unit_feasible_point"": 3}",14,993062ed0ef07a45cd6cc2d188eada973d3d118be6b0e047d5aa51b52bbc206f,P50_N020_M030_R10_seed150203010.npz
P50_N020_M030_R11_seed150203011,50,20,30,11,150203011,paper_range_complete_draw_rejection,5,4,"{""constant_preference_probe"": 4, ""no_nonzero_unit_feasible_point"": 4}",1,29fed82725989aadfa137a7d59f3a9a35c88b26917fe29a2950f0b85e2c19eab,P50_N020_M030_R11_seed150203011.npz
P50_N020_M030_R12_seed150203012,50,20,30,12,150203012,paper_range_complete_draw_rejection,5,4,"{""constant_preference_probe"": 4, ""no_nonzero_unit_feasible_point"": 4}",1,2a9096782390a95b3333c65fac36008d7f6001d692bb66fa34d8feb97b067de9,P50_N020_M030_R12_seed150203012.npz
P50_N020_M030_R13_seed150203013,50,20,30,13,150203013,paper_range_complete_draw_rejection,4,3,"{""constant_preference_probe"": 3, ""no_nonzero_unit_feasible_point"": 3}",1,9414782ae683c6c4c30ad28908fcfd8ff3e6e67ce5e4dbf207e32730f50d2f57,P50_N020_M030_R13_seed150203013.npz
P50_N020_M030_R14_seed150203014,50,20,30,14,150203014,paper_range_complete_draw_rejection,1,0,{},1,066beb7f6ad310459bb3b86c760c1e20a8c7cff364aced7e885f98f1b369deb2,P50_N020_M030_R14_seed150203014.npz
P50_N020_M030_R15_seed150203015,50,20,30,15,150203015,paper_range_complete_draw_rejection,3,2,"{""constant_preference_probe"": 2, ""no_nonzero_unit_feasible_point"": 2}",1,ffcdbd4d109c2b0213ad34b225891eb09284a96b8d1ee4c8b45f399aff54e391,P50_N020_M030_R15_seed150203015.npz
P50_N020_M030_R16_seed150203016,50,20,30,16,150203016,paper_range_complete_draw_rejection,2,1,"{""constant_preference_probe"": 1, ""no_nonzero_unit_feasible_point"": 1}",1,5971ca08f956d907c1931ab455014574fec0f836c7da81fdfcebad791b2849c8,P50_N020_M030_R16_seed150203016.npz
P50_N020_M030_R17_seed150203017,50,20,30,17,150203017,paper_range_complete_draw_rejection,2,1,"{""constant_preference_probe"": 1, ""no_nonzero_unit_feasible_point"": 1}",1,11b9eb10ef26a29ae89868a207d29030692e49ed38fdf014a033b40569958181,P50_N020_M030_R17_seed150203017.npz
P50_N020_M030_R18_seed150203018,50,20,30,18,150203018,paper_range_complete_draw_rejection,5,4,"{""constant_preference_probe"": 4, ""no_nonzero_unit_feasible_point"": 4}",18,cf449dcab17fb0295dc9d92d5251989a894a9dd7aeef775aa9ae33f2fd829453,P50_N020_M030_R18_seed150203018.npz
P50_N020_M030_R19_seed150203019,50,20,30,19,150203019,paper_range_complete_draw_rejection,1,0,{},3,49bb6777b7b5c648f78e790badee43320e1e5caf201d9908d96aece35720b211,P50_N020_M030_R19_seed150203019.npz
P50_N020_M030_R20_seed150203020,50,20,30,20,150203020,paper_range_complete_draw_rejection,1,0,{},13,2b87cf4bf984f267aa7a3f02d6dea162e38e6db00457039ff16dea14d5061443,P50_N020_M030_R20_seed150203020.npz
P50_N020_M030_R21_seed150203021,50,20,30,21,150203021,paper_range_complete_draw_rejection,2,1,"{""constant_preference_probe"": 1, ""no_nonzero_unit_feasible_point"": 1}",1,a068f880c364bbeaae230cfd04782ee95305e0e0b5eeb33652101ed9e326465f,P50_N020_M030_R21_seed150203021.npz
P50_N020_M030_R22_seed150203022,50,20,30,22,150203022,paper_range_complete_draw_rejection,8,7,"{""constant_preference_probe"": 7, ""no_nonzero_unit_feasible_point"": 7}",1,6add9d78fccc3d236d3449e75803a683d89ec7d8baaf0da6354e0ee47b796bae,P50_N020_M030_R22_seed150203022.npz
P50_N020_M030_R23_seed150203023,50,20,30,23,150203023,paper_range_complete_draw_rejection,4,3,"{""constant_preference_probe"": 3, ""no_nonzero_unit_feasible_point"": 3}",2,a173a52fa83836297f8bad6e4580558aaf3ef58d3e6c02245b3c88f37caf0ca4,P50_N020_M030_R23_seed150203023.npz
P50_N020_M030_R24_seed150203024,50,20,30,24,150203024,paper_range_complete_draw_rejection,2,1,"{""constant_preference_probe"": 1, ""no_nonzero_unit_feasible_point"": 1}",8,cedb29418058ea9e578b64f7a183fdf8ab1d6d2fe73e367b650e7ebeb7b03939,P50_N020_M030_R24_seed150203024.npz
P50_N020_M030_R25_seed150203025,50,20,30,25,150203025,paper_range_complete_draw_rejection,8,7,"{""constant_preference_probe"": 7, ""no_nonzero_unit_feasible_point"": 7}",3,676148ddd406b63563be144c20d2cf499ceaf4d1314aa08a79acf9a253c76816,P50_N020_M030_R25_seed150203025.npz
P50_N020_M030_R26_seed150203026,50,20,30,26,150203026,paper_range_complete_draw_rejection,1,0,{},1,f1d1cb595a278c5e5c22a33a05a281367526aa072829b6e83ace44eb0934509f,P50_N020_M030_R26_seed150203026.npz
P50_N020_M030_R27_seed150203027,50,20,30,27,150203027,paper_range_complete_draw_rejection,7,6,"{""constant_preference_probe"": 6, ""no_nonzero_unit_feasible_point"": 6}",14,cd5ee61b001470a30048678cb9294d636fe2b1ac99d06997a78ddad74b0fd9c6,P50_N020_M030_R27_seed150203027.npz
P50_N020_M030_R28_seed150203028,50,20,30,28,150203028,paper_range_complete_draw_rejection,2,1,"{""constant_preference_probe"": 1, ""no_nonzero_unit_feasible_point"": 1}",1,31fcffeaedd430460848ad5ff7764700e3fab4d0b052119aa37cf60fe20b4ea3,P50_N020_M030_R28_seed150203028.npz
P50_N020_M030_R29_seed150203029,50,20,30,29,150203029,paper_range_complete_draw_rejection,8,7,"{""constant_preference_probe"": 7, ""no_nonzero_unit_feasible_point"": 7}",2,d47586edff94b3646819fb41b2aef240384153df5197a5fd35428b16a5276eae,P50_N020_M030_R29_seed150203029.npz
P50_N020_M030_R30_seed150203030,50,20,30,30,150203030,paper_range_complete_draw_rejection,1,0,{},1,10c6a7d081c7a5826bc9ed41efbb1c8b9347bd694cf157c287b4ebf8d5f2db6a,P50_N020_M030_R30_seed150203030.npz
P50_N020_M050_R01_seed150205001,50,20,50,1,150205001,paper_range_complete_draw_rejection,11,10,"{""constant_preference_probe"": 10, ""no_nonzero_unit_feasible_point"": 10}",2,f1afdc14190e93398ccf19e7db4121e903a4d4685fdd1d826b350ef88740822d,P50_N020_M050_R01_seed150205001.npz
P50_N020_M050_R02_seed150205002,50,20,50,2,150205002,paper_range_complete_draw_rejection,2,1,"{""constant_preference_probe"": 1, ""no_nonzero_unit_feasible_point"": 1}",1,8f2c1c37e3641c69254fad872cd7ccbef5fb110560ac9b0dbad348a9519462db,P50_N020_M050_R02_seed150205002.npz
P50_N020_M050_R03_seed150205003,50,20,50,3,150205003,paper_range_complete_draw_rejection,1,0,{},1,6a9c92f54ac2772b701bbda19f89c1bb38e6b0e85645b2f060bef9694bacad63,P50_N020_M050_R03_seed150205003.npz
P50_N020_M050_R04_seed150205004,50,20,50,4,150205004,paper_range_complete_draw_rejection,4,3,"{""constant_preference_probe"": 3, ""no_nonzero_unit_feasible_point"": 3}",2,4e5530c7f99057c26ae8e98e1fbd72aaa2edb661fd8d77c1fb9af7fd2ed720f2,P50_N020_M050_R04_seed150205004.npz
P50_N020_M050_R05_seed150205005,50,20,50,5,150205005,paper_range_complete_draw_rejection,17,16,"{""constant_preference_probe"": 16, ""no_nonzero_unit_feasible_point"": 16}",1,db8c569325d675d3a3732f6481bcd52f0066275e955db2ab310de7db8cd0563c,P50_N020_M050_R05_seed150205005.npz
P50_N020_M050_R06_seed150205006,50,20,50,6,150205006,paper_range_complete_draw_rejection,1,0,{},1,43fbf141051d9667d9d0abfd0bb279fba96039193f198952ce57063df7b6d293,P50_N020_M050_R06_seed150205006.npz
P50_N020_M050_R07_seed150205007,50,20,50,7,150205007,paper_range_complete_draw_rejection,3,2,"{""constant_preference_probe"": 2, ""no_nonzero_unit_feasible_point"": 2}",1,590e3f41d0e9d41ad1ea21f5dbf41663d95426249300cf5da300903476060cf2,P50_N020_M050_R07_seed150205007.npz
P50_N020_M050_R08_seed150205008,50,20,50,8,150205008,paper_range_complete_draw_rejection,18,17,"{""constant_preference_probe"": 17, ""no_nonzero_unit_feasible_point"": 17}",1,7b5d29e7fb8d36bffba0b08ef0cfb0837d6107ae93c5f5d9a9d1a0edc3f8d281,P50_N020_M050_R08_seed150205008.npz
P50_N020_M050_R09_seed150205009,50,20,50,9,150205009,paper_range_complete_draw_rejection,11,10,"{""constant_preference_probe"": 10, ""no_nonzero_unit_feasible_point"": 10}",2,e75301e99c4482e25e6a4e16213aacc208c2ad661f7f552842bb278bf5fed0a8,P50_N020_M050_R09_seed150205009.npz
P50_N020_M050_R10_seed150205010,50,20,50,10,150205010,paper_range_complete_draw_rejection,3,2,"{""constant_preference_probe"": 2, ""no_nonzero_unit_feasible_point"": 2}",1,9708e031c2658d7c953874b3a0227debd72b7904520eac5cc8009cb1125e056c,P50_N020_M050_R10_seed150205010.npz
P50_N020_M050_R11_seed150205011,50,20,50,11,150205011,paper_range_complete_draw_rejection,8,7,"{""constant_preference_probe"": 7, ""no_nonzero_unit_feasible_point"": 7}",2,80489f575a3a474bd0c4a78a335914c5ca604b882d8be83e1edc209cede6fe4e,P50_N020_M050_R11_seed150205011.npz
P50_N020_M050_R12_seed150205012,50,20,50,12,150205012,paper_range_complete_draw_rejection,97,96,"{""constant_preference_probe"": 96, ""no_nonzero_unit_feasible_point"": 96}",2,d1fb3a0c5a8874995751c57c3a0ceec97a53084e55981750910f6f45502b184f,P50_N020_M050_R12_seed150205012.npz
P50_N020_M050_R13_seed150205013,50,20,50,13,150205013,paper_range_complete_draw_rejection,24,23,"{""constant_preference_probe"": 23, ""no_nonzero_unit_feasible_point"": 23}",1,234d3d3cba19fc5cc3dcf0809167d0f8cd1c15f8854affd88dc5aa41d9ae8c2b,P50_N020_M050_R13_seed150205013.npz
P50_N020_M050_R14_seed150205014,50,20,50,14,150205014,paper_range_complete_draw_rejection,6,5,"{""constant_preference_probe"": 5, ""no_nonzero_unit_feasible_point"": 5}",1,a89e2f01072374ef20d724914691b42a9f378bf11afa19beaf21bfbf7f3d1559,P50_N020_M050_R14_seed150205014.npz
P50_N020_M050_R15_seed150205015,50,20,50,15,150205015,paper_range_complete_draw_rejection,22,21,"{""constant_preference_probe"": 21, ""no_nonzero_unit_feasible_point"": 21}",1,8cef3b45e25172d2f2ab4fdb3506278715824c71b0063027b26ca644289946e4,P50_N020_M050_R15_seed150205015.npz
P50_N020_M050_R16_seed150205016,50,20,50,16,150205016,paper_range_complete_draw_rejection,1,0,{},1,ab2909c33c9dd0e1d958cc92a1204653a62d64a843ae1055e30fc5963f5a1a61,P50_N020_M050_R16_seed150205016.npz
P50_N020_M050_R17_seed150205017,50,20,50,17,150205017,paper_range_complete_draw_rejection,1,0,{},3,2fa03c9169df0ae50983287db17093c39648c6f9fd1498e39e48c241f9c0ebf2,P50_N020_M050_R17_seed150205017.npz
P50_N020_M050_R18_seed150205018,50,20,50,18,150205018,paper_range_complete_draw_rejection,22,21,"{""constant_preference_probe"": 21, ""no_nonzero_unit_feasible_point"": 21}",1,6b28d15503ba9c569ba40003d7a9d954e2a2efa6200c6b637d19690064dcd673,P50_N020_M050_R18_seed150205018.npz
P50_N020_M050_R19_seed150205019,50,20,50,19,150205019,paper_range_complete_draw_rejection,3,2,"{""constant_preference_probe"": 2, ""no_nonzero_unit_feasible_point"": 2}",1,d1647fb2eb2fbac61fdf35a12a3783ccf87e65f5771dc74a0a167f1f83581b08,P50_N020_M050_R19_seed150205019.npz
P50_N020_M050_R20_seed150205020,50,20,50,20,150205020,paper_range_complete_draw_rejection,9,8,"{""constant_preference_probe"": 8, ""no_nonzero_unit_feasible_point"": 8}",1,50758edf25b65b8630078f3cf2e9e0f6aef5ec906a80261d8c597b00d69b65aa,P50_N020_M050_R20_seed150205020.npz
P50_N020_M050_R21_seed150205021,50,20,50,21,150205021,paper_range_complete_draw_rejection,17,16,"{""constant_preference_probe"": 16, ""no_nonzero_unit_feasible_point"": 16}",3,457b197efb01609c3c1a3316383a22c29adf490e0c12ff731bc976d8301dbde6,P50_N020_M050_R21_seed150205021.npz
P50_N020_M050_R22_seed150205022,50,20,50,22,150205022,paper_range_complete_draw_rejection,23,22,"{""constant_preference_probe"": 22, ""no_nonzero_unit_feasible_point"": 22}",1,ced445852dae69a8b25a268f96b126c05d42cab9ff26143ddfd21ebf71a7a824,P50_N020_M050_R22_seed150205022.npz
P50_N020_M050_R23_seed150205023,50,20,50,23,150205023,paper_range_complete_draw_rejection,17,16,"{""constant_preference_probe"": 16, ""no_nonzero_unit_feasible_point"": 16}",1,7c7acfead47d7efb2e5cf5633b2ede81bfd236a5226ffc8ceb2adcfba0a47fef,P50_N020_M050_R23_seed150205023.npz
P50_N020_M050_R24_seed150205024,50,20,50,24,150205024,paper_range_complete_draw_rejection,40,39,"{""constant_preference_probe"": 39, ""no_nonzero_unit_feasible_point"": 39}",3,5b9f7e325968cc7a0817e3e60d6bafc06deab97fe186c4d4aec9120c782361f8,P50_N020_M050_R24_seed150205024.npz
P50_N020_M050_R25_seed150205025,50,20,50,25,150205025,paper_range_complete_draw_rejection,3,2,"{""constant_preference_probe"": 2, ""no_nonzero_unit_feasible_point"": 2}",1,a16bc30c33277954cf838102ca039e29c0232557897611f292a1f6212a9f464f,P50_N020_M050_R25_seed150205025.npz
P50_N020_M050_R26_seed150205026,50,20,50,26,150205026,paper_range_complete_draw_rejection,5,4,"{""constant_preference_probe"": 4, ""no_nonzero_unit_feasible_point"": 4}",1,95bf6a25e1634ba2d5998ddd04945d30c3044fbadf2b104896d1ebba2fc65aa9,P50_N020_M050_R26_seed150205026.npz
P50_N020_M050_R27_seed150205027,50,20,50,27,150205027,paper_range_complete_draw_rejection,100,99,"{""constant_preference_probe"": 99, ""no_nonzero_unit_feasible_point"": 99}",3,9176dc60e7bb1dc1226d1ae5bcc7b9b7e51113ee78cf9f856dcb0913a9478c7f,P50_N020_M050_R27_seed150205027.npz
P50_N020_M050_R28_seed150205028,50,20,50,28,150205028,paper_range_complete_draw_rejection,25,24,"{""constant_preference_probe"": 24, ""no_nonzero_unit_feasible_point"": 24}",2,6652e1b24b43c8b5931a26264d435f730112cda0a0ad69aed9bef179f56b823f,P50_N020_M050_R28_seed150205028.npz
P50_N020_M050_R29_seed150205029,50,20,50,29,150205029,paper_range_complete_draw_rejection,3,2,"{""constant_preference_probe"": 2, ""no_nonzero_unit_feasible_point"": 2}",1,26ead3e207012f93b1e77aeb72eea9b636754723cfe6a072e705ccc425f20488,P50_N020_M050_R29_seed150205029.npz
P50_N020_M050_R30_seed150205030,50,20,50,30,150205030,paper_range_complete_draw_rejection,16,15,"{""constant_preference_probe"": 15, ""no_nonzero_unit_feasible_point"": 15}",4,e5df75257e0ebefb0e2c9914632e56c2e50ba06253b21e556cdae7893a94459b,P50_N020_M050_R30_seed150205030.npz
P50_N050_M010_R01_seed150501001,50,50,10,1,150501001,paper_range_complete_draw_rejection,1,0,{},32,52396714da62685bce87a1a1bd6c6d1aa2d419f61edce3162bb8c1e0db9e1c01,P50_N050_M010_R01_seed150501001.npz
P50_N050_M010_R02_seed150501002,50,50,10,2,150501002,paper_range_complete_draw_rejection,1,0,{},19,6856e46da3b365527fdbc88ae08dbddffa669ff42ff1832d5f174ee721c4155b,P50_N050_M010_R02_seed150501002.npz
P50_N050_M010_R03_seed150501003,50,50,10,3,150501003,paper_range_complete_draw_rejection,1,0,{},1,6ff8f1ff0b17ac872caada272ce9ee22fd92f976449ef53335c9566cf405c0ff,P50_N050_M010_R03_seed150501003.npz
P50_N050_M010_R04_seed150501004,50,50,10,4,150501004,paper_range_complete_draw_rejection,1,0,{},1,4d31ef8b3f1ee3615ed6cb7669a43ed169b5e6153fba8d320a41b988117cb48d,P50_N050_M010_R04_seed150501004.npz
P50_N050_M010_R05_seed150501005,50,50,10,5,150501005,paper_range_complete_draw_rejection,1,0,{},43,ddc0921e0695c825ec19cf04a4eaa0685ae46aeb463417a75bd1e0866dd282da,P50_N050_M010_R05_seed150501005.npz
P50_N050_M010_R06_seed150501006,50,50,10,6,150501006,paper_range_complete_draw_rejection,1,0,{},4,ecf4eff4c0a6c64cf077ab7ce9536493e2ba05fd1dff5c70c91d12e35e228e81,P50_N050_M010_R06_seed150501006.npz
P50_N050_M010_R07_seed150501007,50,50,10,7,150501007,paper_range_complete_draw_rejection,1,0,{},27,6331dada91608153c908651e71cf866357cd24d01f82013893594a3be3160ab0,P50_N050_M010_R07_seed150501007.npz
P50_N050_M010_R08_seed150501008,50,50,10,8,150501008,paper_range_complete_draw_rejection,1,0,{},50,fcaaed5d867c90ce08018e562998ab03d41f3f0dade96c53b4db29a3592a9e26,P50_N050_M010_R08_seed150501008.npz
P50_N050_M010_R09_seed150501009,50,50,10,9,150501009,paper_range_complete_draw_rejection,1,0,{},4,8ca959b300a3ad5e07f3202b158ac8c2c685e55154a0dbc3098c1c7de6e6dfcc,P50_N050_M010_R09_seed150501009.npz
P50_N050_M010_R10_seed150501010,50,50,10,10,150501010,paper_range_complete_draw_rejection,1,0,{},2,a4a00b6c8cab6e7c6260bc45e7af88e97a8ab03e948ca7f30c5b80c8542a02c8,P50_N050_M010_R10_seed150501010.npz
P50_N050_M010_R11_seed150501011,50,50,10,11,150501011,paper_range_complete_draw_rejection,1,0,{},3,fe684ecf9598e525819db7721f65a3754e48f39d81112218f12d013deb3acffa,P50_N050_M010_R11_seed150501011.npz
P50_N050_M010_R12_seed150501012,50,50,10,12,150501012,paper_range_complete_draw_rejection,1,0,{},8,c22b029ea556d3fbd742dcc5db3c55e4c51161ac041cd6a23d1946e3d5b7f222,P50_N050_M010_R12_seed150501012.npz
P50_N050_M010_R13_seed150501013,50,50,10,13,150501013,paper_range_complete_draw_rejection,1,0,{},2,b1e056ebcf6f95910cc94528589e521f97d7e674979dcbb28cfe84caf4d4c270,P50_N050_M010_R13_seed150501013.npz
P50_N050_M010_R14_seed150501014,50,50,10,14,150501014,paper_range_complete_draw_rejection,1,0,{},47,d0107a07d5aa93474a5ccbd85ec5bf113b2f50fbb109c4c4911a20b5a759057f,P50_N050_M010_R14_seed150501014.npz
P50_N050_M010_R15_seed150501015,50,50,10,15,150501015,paper_range_complete_draw_rejection,2,1,"{""constant_preference_probe"": 1, ""no_nonzero_unit_feasible_point"": 1}",26,a7a9040386e499eb0d58428f9d2182df312721efb7cfe9d4797c301963cf11e4,P50_N050_M010_R15_seed150501015.npz
P50_N050_M010_R16_seed150501016,50,50,10,16,150501016,paper_range_complete_draw_rejection,1,0,{},41,fcf7f2648e532e2ce16b382074e4e132ccd0d8167652eb7751136f13c215e881,P50_N050_M010_R16_seed150501016.npz
P50_N050_M010_R17_seed150501017,50,50,10,17,150501017,paper_range_complete_draw_rejection,2,1,"{""constant_preference_probe"": 1, ""no_nonzero_unit_feasible_point"": 1}",10,5011e4c2db00c21abe631794a4c8a7d90b970bb92c77149d697858b9734c4922,P50_N050_M010_R17_seed150501017.npz
P50_N050_M010_R18_seed150501018,50,50,10,18,150501018,paper_range_complete_draw_rejection,1,0,{},2,4294f3d4e212ee552ba77ab342adeb93a82b7821a4cecdcd749641cf45eeef7d,P50_N050_M010_R18_seed150501018.npz
P50_N050_M010_R19_seed150501019,50,50,10,19,150501019,paper_range_complete_draw_rejection,1,0,{},1,61eabc7a9624ef2543bf038f0fdfc7f6a05e8f44f6d34d3d6c23d83fe80c2757,P50_N050_M010_R19_seed150501019.npz
P50_N050_M010_R20_seed150501020,50,50,10,20,150501020,paper_range_complete_draw_rejection,1,0,{},9,93903aa8850d95b030346cdc8d5c5e88202970807f300a37c8ddff14ce154094,P50_N050_M010_R20_seed150501020.npz
P50_N050_M010_R21_seed150501021,50,50,10,21,150501021,paper_range_complete_draw_rejection,1,0,{},11,defdd73c0669a93fae442dc1d70c34283c3de189fdd3cb5e1e471dbbb31517e1,P50_N050_M010_R21_seed150501021.npz
P50_N050_M010_R22_seed150501022,50,50,10,22,150501022,paper_range_complete_draw_rejection,1,0,{},50,bb15b4e56fcc65459df6abfad2994e6d5afa7c41b8d20370a8142df0c03d5cbb,P50_N050_M010_R22_seed150501022.npz
P50_N050_M010_R23_seed150501023,50,50,10,23,150501023,paper_range_complete_draw_rejection,1,0,{},46,20273c9a5335778c291c2cb8196a64e9ac1c5a45a887e22c3768d5a8ca22bc9a,P50_N050_M010_R23_seed150501023.npz
P50_N050_M010_R24_seed150501024,50,50,10,24,150501024,paper_range_complete_draw_rejection,1,0,{},30,bea162351e71a95e548ffdca8960a0cad4d8be36976c91c1cfed6a36cd3a12a3,P50_N050_M010_R24_seed150501024.npz
P50_N050_M010_R25_seed150501025,50,50,10,25,150501025,paper_range_complete_draw_rejection,1,0,{},14,59ebee601abfe14c3f22a1b81be45466ef07c4006f97a5ad796a003074065b58,P50_N050_M010_R25_seed150501025.npz
P50_N050_M010_R26_seed150501026,50,50,10,26,150501026,paper_range_complete_draw_rejection,1,0,{},36,07600a906bc1a3b6cf5f444fec627975291ca39f73bb936cc316fa9124601ade,P50_N050_M010_R26_seed150501026.npz
P50_N050_M010_R27_seed150501027,50,50,10,27,150501027,paper_range_complete_draw_rejection,1,0,{},44,a8a6459d99791de5f625130928a802aeed56125091e7cd5aeecc2608bc2cda9a,P50_N050_M010_R27_seed150501027.npz
P50_N050_M010_R28_seed150501028,50,50,10,28,150501028,paper_range_complete_draw_rejection,1,0,{},19,3beb77ad0edae3a47566b4a04367c33d083115ff98e57adfdd7e8874ac01f6a5,P50_N050_M010_R28_seed150501028.npz
P50_N050_M010_R29_seed150501029,50,50,10,29,150501029,paper_range_complete_draw_rejection,1,0,{},50,dd1e36e1cb005925ae0f93aeb33e78e9f7cbb323b381336cf843f480627c1ad0,P50_N050_M010_R29_seed150501029.npz
P50_N050_M010_R30_seed150501030,50,50,10,30,150501030,paper_range_complete_draw_rejection,1,0,{},9,9ca6f3e4b8e300b621c42d7ed62867a70e465588fb2509f58a21a5c57506d131,P50_N050_M010_R30_seed150501030.npz
P50_N050_M020_R01_seed150502001,50,50,20,1,150502001,paper_range_complete_draw_rejection,1,0,{},31,5bc77e96f64b5d933faf2ac8728f6baaba494c3602caaca99ab02189d723edea,P50_N050_M020_R01_seed150502001.npz
P50_N050_M020_R02_seed150502002,50,50,20,2,150502002,paper_range_complete_draw_rejection,2,1,"{""constant_preference_probe"": 1, ""no_nonzero_unit_feasible_point"": 1}",13,8b95f2ee0cde6954fc529e4829f2b1f529c1df956e347dfb09c4b46249dbcfe8,P50_N050_M020_R02_seed150502002.npz
P50_N050_M020_R03_seed150502003,50,50,20,3,150502003,paper_range_complete_draw_rejection,1,0,{},2,80bbf4db97afb3df467190c653067fc9cf2d05991010d563df0e1826c28cf3e8,P50_N050_M020_R03_seed150502003.npz
P50_N050_M020_R04_seed150502004,50,50,20,4,150502004,paper_range_complete_draw_rejection,1,0,{},20,ac9c49cb7774b25136358e64065a640f5f3e0742f88bf7f143d4e094b5bcceee,P50_N050_M020_R04_seed150502004.npz
P50_N050_M020_R05_seed150502005,50,50,20,5,150502005,paper_range_complete_draw_rejection,2,1,"{""constant_preference_probe"": 1, ""no_nonzero_unit_feasible_point"": 1}",14,0362e4c9b38667f423631b42a74b181606a2d1daef79269d9450344e196d73d5,P50_N050_M020_R05_seed150502005.npz
P50_N050_M020_R06_seed150502006,50,50,20,6,150502006,paper_range_complete_draw_rejection,2,1,"{""constant_preference_probe"": 1, ""no_nonzero_unit_feasible_point"": 1}",18,dee154bd7acfc52baacc7535defa966d60017b2dba1629fba3d8dfd293669f8e,P50_N050_M020_R06_seed150502006.npz
P50_N050_M020_R07_seed150502007,50,50,20,7,150502007,paper_range_complete_draw_rejection,1,0,{},15,d37522d5c063843ddaf2ee5578326728d4daf40ba7ad5e113ce076926f266abb,P50_N050_M020_R07_seed150502007.npz
P50_N050_M020_R08_seed150502008,50,50,20,8,150502008,paper_range_complete_draw_rejection,2,1,"{""constant_preference_probe"": 1, ""no_nonzero_unit_feasible_point"": 1}",2,9933cd1e61454f8f8c86add05bd6492dc9683afc4d9fe31a96cacd0ee70efa0c,P50_N050_M020_R08_seed150502008.npz
P50_N050_M020_R09_seed150502009,50,50,20,9,150502009,paper_range_complete_draw_rejection,1,0,{},41,a624c32f45900cad66de57296111fcef6eee10b1e67157b25e7b9fe3890211f1,P50_N050_M020_R09_seed150502009.npz
P50_N050_M020_R10_seed150502010,50,50,20,10,150502010,paper_range_complete_draw_rejection,1,0,{},4,c726737538101019a796705287f942af03a5e972696cd53199206586ec6d8b0f,P50_N050_M020_R10_seed150502010.npz
P50_N050_M020_R11_seed150502011,50,50,20,11,150502011,paper_range_complete_draw_rejection,1,0,{},22,bd112b192ae7bcf2b1655d6f4b1068d25bad0a1a517c8e3e99cbbf4b9a40d111,P50_N050_M020_R11_seed150502011.npz
P50_N050_M020_R12_seed150502012,50,50,20,12,150502012,paper_range_complete_draw_rejection,1,0,{},43,cffc48ae62bba388eb48cdef271f5cb096f6bd19b25359595840bbe28670da96,P50_N050_M020_R12_seed150502012.npz
P50_N050_M020_R13_seed150502013,50,50,20,13,150502013,paper_range_complete_draw_rejection,1,0,{},1,ca51a5075b2e9310a5a70adf81bed36ea2a7fc0664c7b1be9522c8caf5bb353e,P50_N050_M020_R13_seed150502013.npz
P50_N050_M020_R14_seed150502014,50,50,20,14,150502014,paper_range_complete_draw_rejection,1,0,{},2,f54a3127903e57303555589f9d196f0cffef36b832c362638cbe719ff3a5b10f,P50_N050_M020_R14_seed150502014.npz
P50_N050_M020_R15_seed150502015,50,50,20,15,150502015,paper_range_complete_draw_rejection,1,0,{},19,6ebbe7aa92e091da59ec32fd6b5ef3ed4467deb820c9a184ca01f0461256f0e2,P50_N050_M020_R15_seed150502015.npz
P50_N050_M020_R16_seed150502016,50,50,20,16,150502016,paper_range_complete_draw_rejection,1,0,{},22,fc0fdb31e8335e3d21e468579a55cc84631fee2c95bf049f3ab833a07c1ab73f,P50_N050_M020_R16_seed150502016.npz
P50_N050_M020_R17_seed150502017,50,50,20,17,150502017,paper_range_complete_draw_rejection,2,1,"{""constant_preference_probe"": 1, ""no_nonzero_unit_feasible_point"": 1}",3,004a9a96ab446b5b094c8d82cbc2264c55632cbfead3369f4455c46b061a3542,P50_N050_M020_R17_seed150502017.npz
P50_N050_M020_R18_seed150502018,50,50,20,18,150502018,paper_range_complete_draw_rejection,2,1,"{""constant_preference_probe"": 1, ""no_nonzero_unit_feasible_point"": 1}",18,a542cd5dc1933ce9c642e191aa88013c9790012e55e717d7c661c32553b4ab15,P50_N050_M020_R18_seed150502018.npz
P50_N050_M020_R19_seed150502019,50,50,20,19,150502019,paper_range_complete_draw_rejection,1,0,{},1,b1be37cc5a621390fe9cc6aba77401286afeddb90b59f076387a8fe05ebe7205,P50_N050_M020_R19_seed150502019.npz
P50_N050_M020_R20_seed150502020,50,50,20,20,150502020,paper_range_complete_draw_rejection,2,1,"{""constant_preference_probe"": 1, ""no_nonzero_unit_feasible_point"": 1}",3,05787869ed2e9dc554e6baa014cd68ba38b6e4b1afba6e54415743058e32e122,P50_N050_M020_R20_seed150502020.npz
P50_N050_M020_R21_seed150502021,50,50,20,21,150502021,paper_range_complete_draw_rejection,1,0,{},1,dfadea9ee8f17221f28c6fa66f434f3aff9ab5705ba33107cb1aca2017c5b9bf,P50_N050_M020_R21_seed150502021.npz
P50_N050_M020_R22_seed150502022,50,50,20,22,150502022,paper_range_complete_draw_rejection,1,0,{},2,527d79e437aa688c8fe9ee54206ed314ea478ab019af7a7bfecd28fb6ae00f1f,P50_N050_M020_R22_seed150502022.npz
P50_N050_M020_R23_seed150502023,50,50,20,23,150502023,paper_range_complete_draw_rejection,1,0,{},15,758b871837e5c586a22a437016dbcba9b044bc76ce5163743ccd30f6819970a5,P50_N050_M020_R23_seed150502023.npz
P50_N050_M020_R24_seed150502024,50,50,20,24,150502024,paper_range_complete_draw_rejection,1,0,{},2,4289d89cb6cde9b87be7a5988817e699958241b60c198da294d493c0d953d484,P50_N050_M020_R24_seed150502024.npz
P50_N050_M020_R25_seed150502025,50,50,20,25,150502025,paper_range_complete_draw_rejection,1,0,{},1,242f3e342123b4a4b8e7dcc29bf9eebcbec2dd23c5813a4916b8c14eff2aa5c3,P50_N050_M020_R25_seed150502025.npz
P50_N050_M020_R26_seed150502026,50,50,20,26,150502026,paper_range_complete_draw_rejection,1,0,{},1,b0c7fd5cab33bda7a992c4d6b74486bf078c22161d4b7d54ce048f04ab990eb1,P50_N050_M020_R26_seed150502026.npz
P50_N050_M020_R27_seed150502027,50,50,20,27,150502027,paper_range_complete_draw_rejection,3,2,"{""constant_preference_probe"": 2, ""no_nonzero_unit_feasible_point"": 2}",11,4736a05645675418f3b523a8481ad11842ca545b7109e77b395d08abd3619b6e,P50_N050_M020_R27_seed150502027.npz
P50_N050_M020_R28_seed150502028,50,50,20,28,150502028,paper_range_complete_draw_rejection,1,0,{},7,b7d5fd4ad83fc7f95da2d2d2f8b6eb0c136c472397bbc850ccbc6fc11537cfc6,P50_N050_M020_R28_seed150502028.npz
P50_N050_M020_R29_seed150502029,50,50,20,29,150502029,paper_range_complete_draw_rejection,2,1,"{""constant_preference_probe"": 1, ""no_nonzero_unit_feasible_point"": 1}",19,bb8ae890aee6e8e29fa7bdf1951db7e59eeb03d06a4cac5f3cad4da88c85c319,P50_N050_M020_R29_seed150502029.npz
P50_N050_M020_R30_seed150502030,50,50,20,30,150502030,paper_range_complete_draw_rejection,2,1,"{""constant_preference_probe"": 1, ""no_nonzero_unit_feasible_point"": 1}",2,4a9ebb7ec11a43d7756d6b58eb0fbc4d5439fa124e4b3267c87daa5b43969529,P50_N050_M020_R30_seed150502030.npz
P50_N050_M030_R01_seed150503001,50,50,30,1,150503001,paper_range_complete_draw_rejection,1,0,{},4,0337281be1ae7995ca621b89fceebd0b7d5ee4f6cef12ee55c35cc6480e4d1db,P50_N050_M030_R01_seed150503001.npz
P50_N050_M030_R02_seed150503002,50,50,30,2,150503002,paper_range_complete_draw_rejection,3,2,"{""constant_preference_probe"": 2, ""no_nonzero_unit_feasible_point"": 2}",3,361ed4726adf2b63d96106bdbadce1e3225608e2d0557c12831baa81a5aed7da,P50_N050_M030_R02_seed150503002.npz
P50_N050_M030_R03_seed150503003,50,50,30,3,150503003,paper_range_complete_draw_rejection,2,1,"{""constant_preference_probe"": 1, ""no_nonzero_unit_feasible_point"": 1}",39,5cb513410a240740c20a76c8f58a8f76c7881a7de7a1a41dbfe9bdba9daa792f,P50_N050_M030_R03_seed150503003.npz
P50_N050_M030_R04_seed150503004,50,50,30,4,150503004,paper_range_complete_draw_rejection,5,4,"{""constant_preference_probe"": 4, ""no_nonzero_unit_feasible_point"": 4}",1,0fa766578de2b33cb9ec698fd3bc7e1d9a975883ddc4478842fd85833c3dade3,P50_N050_M030_R04_seed150503004.npz
P50_N050_M030_R05_seed150503005,50,50,30,5,150503005,paper_range_complete_draw_rejection,6,5,"{""constant_preference_probe"": 5, ""no_nonzero_unit_feasible_point"": 5}",2,a407f0d77eedbf614d7b673a76c9496fa552a4d4f4c225aaa35519cc57c99fdb,P50_N050_M030_R05_seed150503005.npz
P50_N050_M030_R06_seed150503006,50,50,30,6,150503006,paper_range_complete_draw_rejection,1,0,{},1,c81c5d3c2cf6633f5e1956c773d027c5764650d94b09b2f8286068bcb794db87,P50_N050_M030_R06_seed150503006.npz
P50_N050_M030_R07_seed150503007,50,50,30,7,150503007,paper_range_complete_draw_rejection,2,1,"{""constant_preference_probe"": 1, ""no_nonzero_unit_feasible_point"": 1}",4,65db0b1a9e851068a53d1789b1432dc493fb666a8171403b89507fe47451950a,P50_N050_M030_R07_seed150503007.npz
P50_N050_M030_R08_seed150503008,50,50,30,8,150503008,paper_range_complete_draw_rejection,2,1,"{""constant_preference_probe"": 1, ""no_nonzero_unit_feasible_point"": 1}",1,54718165e79ceaff217849232a8ca17d537f5654fdb7b68834f0a1f7b80f60db,P50_N050_M030_R08_seed150503008.npz
P50_N050_M030_R09_seed150503009,50,50,30,9,150503009,paper_range_complete_draw_rejection,2,1,"{""constant_preference_probe"": 1, ""no_nonzero_unit_feasible_point"": 1}",12,73ddfd3783a3b20ba05de3cb5772e22ef4ff48db1d933e26d90d3ce4491e2c1e,P50_N050_M030_R09_seed150503009.npz
P50_N050_M030_R10_seed150503010,50,50,30,10,150503010,paper_range_complete_draw_rejection,4,3,"{""constant_preference_probe"": 3, ""no_nonzero_unit_feasible_point"": 3}",8,afab7b09a45bfd7eea287aa507655d26734ea7aede6032d60f28f905c0b361f0,P50_N050_M030_R10_seed150503010.npz
P50_N050_M030_R11_seed150503011,50,50,30,11,150503011,paper_range_complete_draw_rejection,1,0,{},2,c2b3c4b4edf26753e5806c131a689020a7ab94d0a77510607cc925dc3f97bc25,P50_N050_M030_R11_seed150503011.npz
P50_N050_M030_R12_seed150503012,50,50,30,12,150503012,paper_range_complete_draw_rejection,1,0,{},18,16c99b7d1359f623186a42b664595fd262328455bbe6e1524510f8e971add97f,P50_N050_M030_R12_seed150503012.npz
P50_N050_M030_R13_seed150503013,50,50,30,13,150503013,paper_range_complete_draw_rejection,1,0,{},6,74391806f99c70e5c2e0dd84906fa8f4529ec39f681fe18b38ab6fc8d736be7c,P50_N050_M030_R13_seed150503013.npz
P50_N050_M030_R14_seed150503014,50,50,30,14,150503014,paper_range_complete_draw_rejection,3,2,"{""constant_preference_probe"": 2, ""no_nonzero_unit_feasible_point"": 2}",19,fba8202aa0af4332aaf2c8d3839b9b7f40db27bbed194a515be3b65d464bfa46,P50_N050_M030_R14_seed150503014.npz
P50_N050_M030_R15_seed150503015,50,50,30,15,150503015,paper_range_complete_draw_rejection,3,2,"{""constant_preference_probe"": 2, ""no_nonzero_unit_feasible_point"": 2}",4,1558001a90a0beb070c1f9d250b0b16d63db8ea0edad8c30133160712953de73,P50_N050_M030_R15_seed150503015.npz
P50_N050_M030_R16_seed150503016,50,50,30,16,150503016,paper_range_complete_draw_rejection,1,0,{},22,bb18565cea5df144513fdf640250aa1378e82e166561098579120b3eca4aeb12,P50_N050_M030_R16_seed150503016.npz
P50_N050_M030_R17_seed150503017,50,50,30,17,150503017,paper_range_complete_draw_rejection,1,0,{},1,66153efc6463f1838dfde31e6fb4a3c1addf622d5b350d3f71e3127712556b2f,P50_N050_M030_R17_seed150503017.npz
P50_N050_M030_R18_seed150503018,50,50,30,18,150503018,paper_range_complete_draw_rejection,1,0,{},24,bdb788d6b4ab8bddb715eee5de4a5c6583a1e275a0642b57c4d6f72f1466e454,P50_N050_M030_R18_seed150503018.npz
P50_N050_M030_R19_seed150503019,50,50,30,19,150503019,paper_range_complete_draw_rejection,1,0,{},1,3b35409f66eaec24bae18d50a771852effb5f4adee428177077a1b78a20a3cc4,P50_N050_M030_R19_seed150503019.npz
P50_N050_M030_R20_seed150503020,50,50,30,20,150503020,paper_range_complete_draw_rejection,2,1,"{""constant_preference_probe"": 1, ""no_nonzero_unit_feasible_point"": 1}",9,f15b31cb4efe32d3a44d6abd6e4c1217dc5337fa418d86e3c44ea1007399d673,P50_N050_M030_R20_seed150503020.npz
P50_N050_M030_R21_seed150503021,50,50,30,21,150503021,paper_range_complete_draw_rejection,2,1,"{""constant_preference_probe"": 1, ""no_nonzero_unit_feasible_point"": 1}",10,11a3356f1600f7cc9882993dbf63fec9221b2b701a71e9d83ff81d09987a45d0,P50_N050_M030_R21_seed150503021.npz
P50_N050_M030_R22_seed150503022,50,50,30,22,150503022,paper_range_complete_draw_rejection,5,4,"{""constant_preference_probe"": 4, ""no_nonzero_unit_feasible_point"": 4}",3,44163447ff839a158625428290374e193d2fdb45035bcfc733a6fc561e835a3c,P50_N050_M030_R22_seed150503022.npz
P50_N050_M030_R23_seed150503023,50,50,30,23,150503023,paper_range_complete_draw_rejection,3,2,"{""constant_preference_probe"": 2, ""no_nonzero_unit_feasible_point"": 2}",1,d2a30dbd63ad68d8173e7814f1f2527d9bda38fe04dd78f02040c30626bda1b7,P50_N050_M030_R23_seed150503023.npz
P50_N050_M030_R24_seed150503024,50,50,30,24,150503024,paper_range_complete_draw_rejection,2,1,"{""constant_preference_probe"": 1, ""no_nonzero_unit_feasible_point"": 1}",5,474c2143d57a432ef6f8797aa6af6f3015c05faddd471baa9df586d4b0d9bf42,P50_N050_M030_R24_seed150503024.npz
P50_N050_M030_R25_seed150503025,50,50,30,25,150503025,paper_range_complete_draw_rejection,4,3,"{""constant_preference_probe"": 3, ""no_nonzero_unit_feasible_point"": 3}",16,fa0ea7cf98404b24d8ec05bfb216a1db9f40dedc011e59963c4e9946d18858f2,P50_N050_M030_R25_seed150503025.npz
P50_N050_M030_R26_seed150503026,50,50,30,26,150503026,paper_range_complete_draw_rejection,2,1,"{""constant_preference_probe"": 1, ""no_nonzero_unit_feasible_point"": 1}",1,ec0eab9015134665a5ea27867fddfc8a4662e41f90c44c8adc8760b4d092eeb3,P50_N050_M030_R26_seed150503026.npz
P50_N050_M030_R27_seed150503027,50,50,30,27,150503027,paper_range_complete_draw_rejection,1,0,{},1,68beac856e0559d4c31af5668adc7c630d9165d4d431f1acb56acfd46003c39d,P50_N050_M030_R27_seed150503027.npz
P50_N050_M030_R28_seed150503028,50,50,30,28,150503028,paper_range_complete_draw_rejection,3,2,"{""constant_preference_probe"": 2, ""no_nonzero_unit_feasible_point"": 2}",1,dc01f8f93c5268edc80d6c6ef0933e25f0a624471c2f087f294d5b1a51a19a92,P50_N050_M030_R28_seed150503028.npz
P50_N050_M030_R29_seed150503029,50,50,30,29,150503029,paper_range_complete_draw_rejection,2,1,"{""constant_preference_probe"": 1, ""no_nonzero_unit_feasible_point"": 1}",7,955f165a3946844ea67ff5b69b1076f02d55242c5cb9d82b0e72eecbc29ccdef,P50_N050_M030_R29_seed150503029.npz
P50_N050_M030_R30_seed150503030,50,50,30,30,150503030,paper_range_complete_draw_rejection,3,2,"{""constant_preference_probe"": 2, ""no_nonzero_unit_feasible_point"": 2}",3,6ee766dac8f41cd0bed5850d4026e6a25fbd522db82c8665062472ebb9a72676,P50_N050_M030_R30_seed150503030.npz
P50_N050_M050_R01_seed150505001,50,50,50,1,150505001,paper_range_complete_draw_rejection,5,4,"{""constant_preference_probe"": 4, ""no_nonzero_unit_feasible_point"": 4}",1,91653b3298d25b66c0cca03ca0a6a6a5efd314cc656083e4cd249688a23228c2,P50_N050_M050_R01_seed150505001.npz
P50_N050_M050_R02_seed150505002,50,50,50,2,150505002,paper_range_complete_draw_rejection,10,9,"{""constant_preference_probe"": 9, ""no_nonzero_unit_feasible_point"": 9}",6,280c5e4c698c0b64517517f974e9272de91fe89b6cef9eb7db08529561fdf5c1,P50_N050_M050_R02_seed150505002.npz
P50_N050_M050_R03_seed150505003,50,50,50,3,150505003,paper_range_complete_draw_rejection,5,4,"{""constant_preference_probe"": 4, ""no_nonzero_unit_feasible_point"": 4}",1,7fea1ce48c761503f20302d89a214a6bb7a18d787ffaf29b619cd9a1fdf96701,P50_N050_M050_R03_seed150505003.npz
P50_N050_M050_R04_seed150505004,50,50,50,4,150505004,paper_range_complete_draw_rejection,4,3,"{""constant_preference_probe"": 3, ""no_nonzero_unit_feasible_point"": 3}",2,6dd62eaecbc693cb271dfd5f76851d7ea3b5b36079d8c770abb1448514a0e792,P50_N050_M050_R04_seed150505004.npz
P50_N050_M050_R05_seed150505005,50,50,50,5,150505005,paper_range_complete_draw_rejection,2,1,"{""constant_preference_probe"": 1, ""no_nonzero_unit_feasible_point"": 1}",4,fded1b59475d0f167b0d4ea6e816d5af2b7416e1075b5198a727e58a435792ef,P50_N050_M050_R05_seed150505005.npz
P50_N050_M050_R06_seed150505006,50,50,50,6,150505006,paper_range_complete_draw_rejection,4,3,"{""constant_preference_probe"": 3, ""no_nonzero_unit_feasible_point"": 3}",2,197961626030b8bddc8aae7c8f0b3b834a007dfa4f7b82adac1fc074f7eaf087,P50_N050_M050_R06_seed150505006.npz
P50_N050_M050_R07_seed150505007,50,50,50,7,150505007,paper_range_complete_draw_rejection,13,12,"{""constant_preference_probe"": 12, ""no_nonzero_unit_feasible_point"": 12}",2,7ca3bfe8303696ad0eb90e9b82756eab6d04d325767b8f1095ba154f08d0a840,P50_N050_M050_R07_seed150505007.npz
P50_N050_M050_R08_seed150505008,50,50,50,8,150505008,paper_range_complete_draw_rejection,1,0,{},1,5d69603cace3f760fe864c4786f4b734580a0e748ef10fa770ce84b5dab8e7f6,P50_N050_M050_R08_seed150505008.npz
P50_N050_M050_R09_seed150505009,50,50,50,9,150505009,paper_range_complete_draw_rejection,4,3,"{""constant_preference_probe"": 3, ""no_nonzero_unit_feasible_point"": 3}",1,709fcaedc9a3604bf0015c81a832aa67b1fffbdaf43ab6660d05bac9bca681a0,P50_N050_M050_R09_seed150505009.npz
P50_N050_M050_R10_seed150505010,50,50,50,10,150505010,paper_range_complete_draw_rejection,1,0,{},1,a238cc9c1611e2f9b0034ec77e55036b716d220f435361fd7e1d2c604aad341c,P50_N050_M050_R10_seed150505010.npz
P50_N050_M050_R11_seed150505011,50,50,50,11,150505011,paper_range_complete_draw_rejection,3,2,"{""constant_preference_probe"": 2, ""no_nonzero_unit_feasible_point"": 2}",1,073308a613d9089b6e2ddce05082ac699b6973a516bc64c44e750b3ae9559de8,P50_N050_M050_R11_seed150505011.npz
P50_N050_M050_R12_seed150505012,50,50,50,12,150505012,paper_range_complete_draw_rejection,43,42,"{""constant_preference_probe"": 42, ""no_nonzero_unit_feasible_point"": 42}",4,cfc013d96a867330cacb8d2b87a7fb20d7849d5a8867daf19a97c05066ae18c0,P50_N050_M050_R12_seed150505012.npz
P50_N050_M050_R13_seed150505013,50,50,50,13,150505013,paper_range_complete_draw_rejection,1,0,{},3,a22cb8fb04fa4eab93a4779bbbf5b9deceba42826347312bf34981ba58db4e07,P50_N050_M050_R13_seed150505013.npz
P50_N050_M050_R14_seed150505014,50,50,50,14,150505014,paper_range_complete_draw_rejection,9,8,"{""constant_preference_probe"": 8, ""no_nonzero_unit_feasible_point"": 8}",1,4ddd064c2c4f4d800d5215b0876ca94c6689b92a5e3063c7e4ca344b1502b1a9,P50_N050_M050_R14_seed150505014.npz
P50_N050_M050_R15_seed150505015,50,50,50,15,150505015,paper_range_complete_draw_rejection,15,14,"{""constant_preference_probe"": 14, ""no_nonzero_unit_feasible_point"": 14}",3,de839d74e3a3ba9861a332b36318f4b9eca5bacbd6bd53a4ddaa973585b44c3c,P50_N050_M050_R15_seed150505015.npz
P50_N050_M050_R16_seed150505016,50,50,50,16,150505016,paper_range_complete_draw_rejection,1,0,{},1,eefdf2d381d750d6e054d49374a6ff2074a27ea7505b6f4262584f1f0e672712,P50_N050_M050_R16_seed150505016.npz
P50_N050_M050_R17_seed150505017,50,50,50,17,150505017,paper_range_complete_draw_rejection,2,1,"{""constant_preference_probe"": 1, ""no_nonzero_unit_feasible_point"": 1}",5,9ff911cfd1d97cd420ea0acce8ce911f5d301225c90088db9827c04745165c76,P50_N050_M050_R17_seed150505017.npz
P50_N050_M050_R18_seed150505018,50,50,50,18,150505018,paper_range_complete_draw_rejection,10,9,"{""constant_preference_probe"": 9, ""no_nonzero_unit_feasible_point"": 9}",6,e0e260f31d807654be7e3d2ad20a611c8b78653c4252d3d86ac673125a2c180d,P50_N050_M050_R18_seed150505018.npz
P50_N050_M050_R19_seed150505019,50,50,50,19,150505019,paper_range_complete_draw_rejection,2,1,"{""constant_preference_probe"": 1, ""no_nonzero_unit_feasible_point"": 1}",1,939654806ef1ba4755822a826f73fdf49d7595960c91ab616958c967cbacfccf,P50_N050_M050_R19_seed150505019.npz
P50_N050_M050_R20_seed150505020,50,50,50,20,150505020,paper_range_complete_draw_rejection,36,35,"{""constant_preference_probe"": 35, ""no_nonzero_unit_feasible_point"": 35}",1,fb503f6614d22bd7f4d637d6ff07c6bdb6027951028e6238183e0bcdd8ea27c6,P50_N050_M050_R20_seed150505020.npz
P50_N050_M050_R21_seed150505021,50,50,50,21,150505021,paper_range_complete_draw_rejection,1,0,{},3,3c4716fcf82e5ebc4800e39f483a8a647e3ea005a1508a5720d4b6da2b87f74c,P50_N050_M050_R21_seed150505021.npz
P50_N050_M050_R22_seed150505022,50,50,50,22,150505022,paper_range_complete_draw_rejection,16,15,"{""constant_preference_probe"": 15, ""no_nonzero_unit_feasible_point"": 15}",1,c8465877ea5258e374d1930372c7beecc01316c26746c2108a22d98e0a9da299,P50_N050_M050_R22_seed150505022.npz
P50_N050_M050_R23_seed150505023,50,50,50,23,150505023,paper_range_complete_draw_rejection,6,5,"{""constant_preference_probe"": 5, ""no_nonzero_unit_feasible_point"": 5}",3,685bdac3bd40b33114b6f72a38fba9352aa713b3da4e705d9d2b86b7bdb486bb,P50_N050_M050_R23_seed150505023.npz
P50_N050_M050_R24_seed150505024,50,50,50,24,150505024,paper_range_complete_draw_rejection,2,1,"{""constant_preference_probe"": 1, ""no_nonzero_unit_feasible_point"": 1}",13,7e5e878a6688971aa1942ead192236e5aefeca050ff484cf5b6d0b9e4bf29c9c,P50_N050_M050_R24_seed150505024.npz
P50_N050_M050_R25_seed150505025,50,50,50,25,150505025,paper_range_complete_draw_rejection,12,11,"{""constant_preference_probe"": 11, ""no_nonzero_unit_feasible_point"": 11}",8,7f73af0685fe1a949d35279b86d6ec03d0dfc84662b7808bb7be87e3156bbd23,P50_N050_M050_R25_seed150505025.npz
P50_N050_M050_R26_seed150505026,50,50,50,26,150505026,paper_range_complete_draw_rejection,2,1,"{""constant_preference_probe"": 1, ""no_nonzero_unit_feasible_point"": 1}",1,353eebdd47bcbe73668fd6714c2471a58c310fe45af785209459bd33e0231f18,P50_N050_M050_R26_seed150505026.npz
P50_N050_M050_R27_seed150505027,50,50,50,27,150505027,paper_range_complete_draw_rejection,10,9,"{""constant_preference_probe"": 9, ""no_nonzero_unit_feasible_point"": 9}",5,c95005716adb578b8118633311652a182bc58398c06227b54d9ff1b6a2eff312,P50_N050_M050_R27_seed150505027.npz
P50_N050_M050_R28_seed150505028,50,50,50,28,150505028,paper_range_complete_draw_rejection,6,5,"{""constant_preference_probe"": 5, ""no_nonzero_unit_feasible_point"": 5}",6,a029a25163575daf3f2193010b8cadf59e2d5ee098bcd441a14d0e634c79e938,P50_N050_M050_R28_seed150505028.npz
P50_N050_M050_R29_seed150505029,50,50,50,29,150505029,paper_range_complete_draw_rejection,2,1,"{""constant_preference_probe"": 1, ""no_nonzero_unit_feasible_point"": 1}",2,5b43c39a55287113f51aff1a1ecc546daff5a31b5851cb65e75fb81d0a8851b3,P50_N050_M050_R29_seed150505029.npz
P50_N050_M050_R30_seed150505030,50,50,50,30,150505030,paper_range_complete_draw_rejection,1,0,{},2,b310167b40d9ae85df1ec7a349be76ed7b084b57b8e43f0274fedff7cde158fc,P50_N050_M050_R30_seed150505030.npz
