instance_id,p,n,m,replicate,seed,generation_mode,accepted_attempt,rejected_total,rejection_reasons,unit_feasible_count,sha256,instance_file
P05_N010_M010_R01_seed105101001,5,10,10,1,105101001,paper_range_complete_draw_rejection,1,0,{},1,c51606750f1e6ce4f9ed717f30ad86c6af6ce5f77843dd29a8088dc587c6e544,P05_N010_M010_R01_seed105101001.npz
P05_N010_M010_R02_seed105101002,5,10,10,2,105101002,paper_range_complete_draw_rejection,1,0,{},5,3a3018d8a4163d08a8daabc401a838641700abd18da0ff288ed71315cd064c99,P05_N010_M010_R02_seed105101002.npz
P05_N010_M010_R03_seed105101003,5,10,10,3,105101003,paper_range_complete_draw_rejection,1,0,{},2,890af4562d509f26d05b598e9684ee228d07636c40b043048f701d269e3cabd0,P05_N010_M010_R03_seed105101003.npz
P05_N010_M010_R04_seed105101004,5,10,10,4,105101004,paper_range_complete_draw_rejection,2,1,"{""constant_preference_probe"": 1, ""no_nonzero_unit_feasible_point"": 1}",2,461f90d7fbedd996c429317e2a9b366eb6afb87653b27854acb786699196aa26,P05_N010_M010_R04_seed105101004.npz
P05_N010_M010_R05_seed105101005,5,10,10,5,105101005,paper_range_complete_draw_rejection,1,0,{},3,796de7c79729668f63dabf2042af3506a0c70c9f4b25ed33e4698233e6ad6ff3,P05_N010_M010_R05_seed105101005.npz
P05_N010_M010_R06_seed105101006,5,10,10,6,105101006,paper_range_complete_draw_rejection,1,0,{},9,aa4eddad833bf022c29fcbd3aef665b141b396a5e6ba88ca8c3c355f54ebec7e,P05_N010_M010_R06_seed105101006.npz
P05_N010_M010_R07_seed105101007,5,10,10,7,105101007,paper_range_complete_draw_rejection,2,1,"{""constant_preference_probe"": 1, ""no_nonzero_unit_feasible_point"": 1}",1,3194da6e3bcb0e598ae8136ea8adb37fec4d4949cf0e4d8c52bd1fadfce40f14,P05_N010_M010_R07_seed105101007.npz
P05_N010_M010_R08_seed105101008,5,10,10,8,105101008,paper_range_complete_draw_rejection,1,0,{},10,e2f5d7716aca442facac0958b88c76d6bd766ab950d536641545ed527ac19e44,P05_N010_M010_R08_seed105101008.npz
P05_N010_M010_R09_seed105101009,5,10,10,9,105101009,paper_range_complete_draw_rejection,1,0,{},3,3a2026c28defa716dc61a7aef0cfc277870226ab9eb4267952a792a1ab75b40f,P05_N010_M010_R09_seed105101009.npz
P05_N010_M010_R10_seed105101010,5,10,10,10,105101010,paper_range_complete_draw_rejection,1,0,{},5,d482322518c3735fb697b77ad18b547fdfec7132ad4d47af8bf9e95f1bb83959,P05_N010_M010_R10_seed105101010.npz
P05_N010_M020_R01_seed105102001,5,10,20,1,105102001,paper_range_complete_draw_rejection,4,3,"{""constant_preference_probe"": 3, ""no_nonzero_unit_feasible_point"": 3}",1,af0da56a4b005f51dfa74378f9fe40dcec2ce46e1d95be530b8b27a393a0a0b9,P05_N010_M020_R01_seed105102001.npz
P05_N010_M020_R02_seed105102002,5,10,20,2,105102002,paper_range_complete_draw_rejection,1,0,{},4,9d83cbe0b9e6c6d59a433dbaad419e8d2a1db9e42db23e682fabba0bc181d973,P05_N010_M020_R02_seed105102002.npz
P05_N010_M020_R03_seed105102003,5,10,20,3,105102003,paper_range_complete_draw_rejection,1,0,{},6,0079c65ed9654133dc2e340a79b07fb4762079445f6851f1602dd44874e587b6,P05_N010_M020_R03_seed105102003.npz
P05_N010_M020_R04_seed105102004,5,10,20,4,105102004,paper_range_complete_draw_rejection,5,4,"{""constant_preference_probe"": 4, ""no_nonzero_unit_feasible_point"": 4}",2,c0f91055d7bdd98b299e44f1b951110a933e415c8d35fc57a73764bdab61e4f6,P05_N010_M020_R04_seed105102004.npz
P05_N010_M020_R05_seed105102005,5,10,20,5,105102005,paper_range_complete_draw_rejection,2,1,"{""constant_preference_probe"": 1, ""no_nonzero_unit_feasible_point"": 1}",1,1db8ff9aab92c9ce79bbf44a8e9ee6160dd4a6ddc43f98cc93f190de76bc4523,P05_N010_M020_R05_seed105102005.npz
P05_N010_M020_R06_seed105102006,5,10,20,6,105102006,paper_range_complete_draw_rejection,1,0,{},1,899ba4a5d27760f2699efb945e54314066d7ff966295eb13c9eb3d1c56741185,P05_N010_M020_R06_seed105102006.npz
P05_N010_M020_R07_seed105102007,5,10,20,7,105102007,paper_range_complete_draw_rejection,1,0,{},1,dbb48ba01c694ab4b905174a0a5b453b1543f8a7952d236229a6456a8ff56d89,P05_N010_M020_R07_seed105102007.npz
P05_N010_M020_R08_seed105102008,5,10,20,8,105102008,paper_range_complete_draw_rejection,2,1,"{""constant_preference_probe"": 1, ""no_nonzero_unit_feasible_point"": 1}",1,a68857e896ffd4be783ba7bcd082d4355bceb2901faca0cac090b0887d6d49de,P05_N010_M020_R08_seed105102008.npz
P05_N010_M020_R09_seed105102009,5,10,20,9,105102009,paper_range_complete_draw_rejection,2,1,"{""constant_preference_probe"": 1, ""no_nonzero_unit_feasible_point"": 1}",1,15ecbcfe4aed919163343adcbcebd2a086acce0febae922502540a36690717fe,P05_N010_M020_R09_seed105102009.npz
P05_N010_M020_R10_seed105102010,5,10,20,10,105102010,paper_range_complete_draw_rejection,4,3,"{""constant_preference_probe"": 3, ""no_nonzero_unit_feasible_point"": 3}",1,260d5a192eb7f31d37ea1a0fb58448e6ed4d103056fda9fdb9737c88e5c2d96b,P05_N010_M020_R10_seed105102010.npz
P05_N010_M030_R01_seed105103001,5,10,30,1,105103001,paper_range_complete_draw_rejection,1,0,{},1,74257eccfde06b34aa4f61f99eb10cbce3b0a55ba703689a52060d1f7f27ede2,P05_N010_M030_R01_seed105103001.npz
P05_N010_M030_R02_seed105103002,5,10,30,2,105103002,paper_range_complete_draw_rejection,1,0,{},1,7914db5053f6653016f6584127e37054ce379544f787eec05fe6d3be0e1c62bf,P05_N010_M030_R02_seed105103002.npz
P05_N010_M030_R03_seed105103003,5,10,30,3,105103003,paper_range_complete_draw_rejection,5,4,"{""constant_preference_probe"": 4, ""no_nonzero_unit_feasible_point"": 4}",1,6f2004063bb12ef88f096a4f3b9b7112bc810cd3bdef8c02512f700748d950a9,P05_N010_M030_R03_seed105103003.npz
P05_N010_M030_R04_seed105103004,5,10,30,4,105103004,paper_range_complete_draw_rejection,2,1,"{""constant_preference_probe"": 1, ""no_nonzero_unit_feasible_point"": 1}",1,d0bff45891fd943ad37e248faa18bdf76b9177e93778e99635a4d8050249595c,P05_N010_M030_R04_seed105103004.npz
P05_N010_M030_R05_seed105103005,5,10,30,5,105103005,paper_range_complete_draw_rejection,2,1,"{""constant_preference_probe"": 1, ""no_nonzero_unit_feasible_point"": 1}",2,9cfaa7ba037f115ddc52390052ca179bc6325094a7cc9aa641842c43e304b501,P05_N010_M030_R05_seed105103005.npz
P05_N010_M030_R06_seed105103006,5,10,30,6,105103006,paper_range_complete_draw_rejection,1,0,{},2,8ff1e958e787db4ce57d465fd2146b8a2e0eca438a760a6d159a546c4b94e707,P05_N010_M030_R06_seed105103006.npz
P05_N010_M030_R07_seed105103007,5,10,30,7,105103007,paper_range_complete_draw_rejection,6,5,"{""constant_preference_probe"": 5, ""no_nonzero_unit_feasible_point"": 5}",2,77c65c05764b36ffaabeb25a8ac876fab1de257ae93785eb9d10dd0d7d98e5ad,P05_N010_M030_R07_seed105103007.npz
P05_N010_M030_R08_seed105103008,5,10,30,8,105103008,paper_range_complete_draw_rejection,3,2,"{""constant_preference_probe"": 2, ""no_nonzero_unit_feasible_point"": 2}",1,49937ebf92c7a914b5ae2b741ef3ffb5ebf968c6df0b2059c851c1f09bb358dc,P05_N010_M030_R08_seed105103008.npz
P05_N010_M030_R09_seed105103009,5,10,30,9,105103009,paper_range_complete_draw_rejection,3,2,"{""constant_preference_probe"": 2, ""no_nonzero_unit_feasible_point"": 2}",1,4a0963e727c95df9ba209e5411b6cb5ffa70ef62598aaa051f08d3f85918fb98,P05_N010_M030_R09_seed105103009.npz
P05_N010_M030_R10_seed105103010,5,10,30,10,105103010,paper_range_complete_draw_rejection,2,1,"{""constant_preference_probe"": 1, ""no_nonzero_unit_feasible_point"": 1}",1,01b6f24fd9318cd3777ff93e401e28aa1a728bfc3a96360d830f19ae61f7acd0,P05_N010_M030_R10_seed105103010.npz
P05_N010_M050_R01_seed105105001,5,10,50,1,105105001,paper_range_complete_draw_rejection,21,20,"{""constant_preference_probe"": 20, ""no_nonzero_unit_feasible_point"": 20}",1,c08d1f30cde196d4e07e9a2cd39116afe0f506d611f3cf63708a15879764dd4b,P05_N010_M050_R01_seed105105001.npz
P05_N010_M050_R02_seed105105002,5,10,50,2,105105002,paper_range_complete_draw_rejection,40,39,"{""constant_preference_probe"": 39, ""no_nonzero_unit_feasible_point"": 39}",2,4cd76949bf97c5bd46dc04cc729b18efccea6d9a3cde0425d8b0b9ea5ebea575,P05_N010_M050_R02_seed105105002.npz
P05_N010_M050_R03_seed105105003,5,10,50,3,105105003,paper_range_complete_draw_rejection,13,12,"{""constant_preference_probe"": 12, ""no_nonzero_unit_feasible_point"": 12}",2,123a25fbefa3f88c3129f7eb8e449fcf8cabf75b9f09b53cb6ed6cd1efa2f0d0,P05_N010_M050_R03_seed105105003.npz
P05_N010_M050_R04_seed105105004,5,10,50,4,105105004,paper_range_complete_draw_rejection,47,46,"{""constant_preference_probe"": 46, ""no_nonzero_unit_feasible_point"": 46}",1,def1b633fe7130ecd538fa76012f10e8e3e90cd094c54d6c57ab7e9d35cb09f0,P05_N010_M050_R04_seed105105004.npz
P05_N010_M050_R05_seed105105005,5,10,50,5,105105005,paper_range_complete_draw_rejection,3,2,"{""constant_preference_probe"": 2, ""no_nonzero_unit_feasible_point"": 2}",3,6c0fb0ee47aa38f042760977a04e72cdbcbce4e546afe64663899cfc85dfec39,P05_N010_M050_R05_seed105105005.npz
P05_N010_M050_R06_seed105105006,5,10,50,6,105105006,paper_range_complete_draw_rejection,43,42,"{""constant_preference_probe"": 42, ""no_nonzero_unit_feasible_point"": 42}",4,bce875c88e50befb6d00d2101ad89cf9c0b409a959c58b2278abc184a50073a4,P05_N010_M050_R06_seed105105006.npz
P05_N010_M050_R07_seed105105007,5,10,50,7,105105007,paper_range_complete_draw_rejection,38,37,"{""constant_preference_probe"": 37, ""no_nonzero_unit_feasible_point"": 37}",1,14a164283bfea787bf44af1d5e9d533c215d84c0156af1e56a60a6c06ad2b590,P05_N010_M050_R07_seed105105007.npz
P05_N010_M050_R08_seed105105008,5,10,50,8,105105008,paper_range_complete_draw_rejection,38,37,"{""constant_preference_probe"": 37, ""no_nonzero_unit_feasible_point"": 37}",1,4c9a9fcdc8e45674679a3ceb8c42d65467e7128c174e84ecdeef43cada5defd1,P05_N010_M050_R08_seed105105008.npz
P05_N010_M050_R09_seed105105009,5,10,50,9,105105009,paper_range_complete_draw_rejection,7,6,"{""constant_preference_probe"": 6, ""no_nonzero_unit_feasible_point"": 6}",1,dda4b2a9a779e719f729557e9ddc435d23116db3cd79c7cd6aa2fcb4ca5985bd,P05_N010_M050_R09_seed105105009.npz
P05_N010_M050_R10_seed105105010,5,10,50,10,105105010,paper_range_complete_draw_rejection,3,2,"{""constant_preference_probe"": 2, ""no_nonzero_unit_feasible_point"": 2}",1,7d7a958e6d098495e36de4c6732aa0314d9567cf7901a7716a09c56e1527ceb6,P05_N010_M050_R10_seed105105010.npz
P05_N020_M010_R01_seed105201001,5,20,10,1,105201001,paper_range_complete_draw_rejection,1,0,{},3,327a3db17f05361f83dac89a8db775cc0c450df7e3c5d458db34f5a4963a3b21,P05_N020_M010_R01_seed105201001.npz
P05_N020_M010_R02_seed105201002,5,20,10,2,105201002,paper_range_complete_draw_rejection,2,1,"{""constant_preference_probe"": 1, ""no_nonzero_unit_feasible_point"": 1}",20,22fcb259bd429efa87d4633886ebc808abd4ac7b46920c5efc9c8f15e1c76e8a,P05_N020_M010_R02_seed105201002.npz
P05_N020_M010_R03_seed105201003,5,20,10,3,105201003,paper_range_complete_draw_rejection,1,0,{},6,359a1171f6f0c65c712bab16a8105504046fec1def31619ea33b623b9e2824f1,P05_N020_M010_R03_seed105201003.npz
P05_N020_M010_R04_seed105201004,5,20,10,4,105201004,paper_range_complete_draw_rejection,1,0,{},7,cbe34e4e23ba93249bd37df2db72ac23028facc3b9f07b2afff1adbb736b4d2a,P05_N020_M010_R04_seed105201004.npz
P05_N020_M010_R05_seed105201005,5,20,10,5,105201005,paper_range_complete_draw_rejection,1,0,{},8,49a2725b06d4a22e9090157ffa206a80c95f7b0a4b703ecab825343891c67e4a,P05_N020_M010_R05_seed105201005.npz
P05_N020_M010_R06_seed105201006,5,20,10,6,105201006,paper_range_complete_draw_rejection,1,0,{},1,f378d11118ed0d6ffbbbdba0aacb7b5252e4256d73b655d91fb5cd7b3f211620,P05_N020_M010_R06_seed105201006.npz
P05_N020_M010_R07_seed105201007,5,20,10,7,105201007,paper_range_complete_draw_rejection,1,0,{},3,43c8a1567348dcba28e745f129e0e3c675eb62442114b45c5a4d86acadae622f,P05_N020_M010_R07_seed105201007.npz
P05_N020_M010_R08_seed105201008,5,20,10,8,105201008,paper_range_complete_draw_rejection,2,1,"{""constant_preference_probe"": 1, ""no_nonzero_unit_feasible_point"": 1}",8,5c493b6550e5946a2208d650efaad6e0bfb2d70ff1767e2a9dd67e907fa25c86,P05_N020_M010_R08_seed105201008.npz
P05_N020_M010_R09_seed105201009,5,20,10,9,105201009,paper_range_complete_draw_rejection,1,0,{},2,59a1045cec05141fbe44a2dfa6c0cbb890f82c4a37236a4e6322f9b640d531e9,P05_N020_M010_R09_seed105201009.npz
P05_N020_M010_R10_seed105201010,5,20,10,10,105201010,paper_range_complete_draw_rejection,1,0,{},8,e6d4b1e99d024b965724d8ed7a1d2f0786879e3bca7c6650047b5d5831edc5a8,P05_N020_M010_R10_seed105201010.npz
P05_N020_M020_R01_seed105202001,5,20,20,1,105202001,paper_range_complete_draw_rejection,1,0,{},6,844f24077c222786a0cab7b8a8129c548e8276f6249035bb7bad194696202eb4,P05_N020_M020_R01_seed105202001.npz
P05_N020_M020_R02_seed105202002,5,20,20,2,105202002,paper_range_complete_draw_rejection,1,0,{},20,7bebebb6a74fc9c175acf5c7e4c8aaf9abb2030babd2078932d7b930e8c94b93,P05_N020_M020_R02_seed105202002.npz
P05_N020_M020_R03_seed105202003,5,20,20,3,105202003,paper_range_complete_draw_rejection,1,0,{},4,1e0edbfa142be425abbd8ba1ff8d657700cce0716b0ce819010f9e90087fec3a,P05_N020_M020_R03_seed105202003.npz
P05_N020_M020_R04_seed105202004,5,20,20,4,105202004,paper_range_complete_draw_rejection,1,0,{},20,3359ae788c12e64ac431b2f1a990d755914892792fabadd4e478bda657790da7,P05_N020_M020_R04_seed105202004.npz
P05_N020_M020_R05_seed105202005,5,20,20,5,105202005,paper_range_complete_draw_rejection,1,0,{},7,ecb4f1eddedc36ec89dd1aa512265a5b5efdfda3925c7f15707706e956930fba,P05_N020_M020_R05_seed105202005.npz
P05_N020_M020_R06_seed105202006,5,20,20,6,105202006,paper_range_complete_draw_rejection,1,0,{},13,b53122091739c74639d3f9b91b2a3baee8314964d18b010d8a8899aa8a909ea4,P05_N020_M020_R06_seed105202006.npz
P05_N020_M020_R07_seed105202007,5,20,20,7,105202007,paper_range_complete_draw_rejection,1,0,{},9,ebfb8174b8427f5d83170edd4aacbe44b1f364270e9a510e9c34d55ad56464db,P05_N020_M020_R07_seed105202007.npz
P05_N020_M020_R08_seed105202008,5,20,20,8,105202008,paper_range_complete_draw_rejection,5,4,"{""constant_preference_probe"": 4, ""no_nonzero_unit_feasible_point"": 4}",1,7d39c30acabff40af74644a19d793a8561e8b1bcfce5d2dfc0a66af0d9875e55,P05_N020_M020_R08_seed105202008.npz
P05_N020_M020_R09_seed105202009,5,20,20,9,105202009,paper_range_complete_draw_rejection,4,3,"{""constant_preference_probe"": 3, ""no_nonzero_unit_feasible_point"": 3}",2,287c69eb8d4c30449654c3f222879fc5ec18b5635fc59ea9f7c66bffe5a89660,P05_N020_M020_R09_seed105202009.npz
P05_N020_M020_R10_seed105202010,5,20,20,10,105202010,paper_range_complete_draw_rejection,3,2,"{""constant_preference_probe"": 2, ""no_nonzero_unit_feasible_point"": 2}",3,339ae1ba6d9cf4f8f2a9dc7ce7bf805b1c75cd3595db49e654bf38ffb1659bf3,P05_N020_M020_R10_seed105202010.npz
P05_N020_M030_R01_seed105203001,5,20,30,1,105203001,paper_range_complete_draw_rejection,1,0,{},9,90b332c6125e8997d605625586807152de0dc6ba2efb511c34655490df6fe494,P05_N020_M030_R01_seed105203001.npz
P05_N020_M030_R02_seed105203002,5,20,30,2,105203002,paper_range_complete_draw_rejection,8,7,"{""constant_preference_probe"": 7, ""no_nonzero_unit_feasible_point"": 7}",2,dc6ab3a24f16c0145ef0276e99d6c5e7eeaf2e6a897997e47e73545d470e20af,P05_N020_M030_R02_seed105203002.npz
P05_N020_M030_R03_seed105203003,5,20,30,3,105203003,paper_range_complete_draw_rejection,3,2,"{""constant_preference_probe"": 2, ""no_nonzero_unit_feasible_point"": 2}",2,8a808e731ff6aa2fd084cff71aa01fcfc38cc6cce8a86f874a7cc37b8a7cd33d,P05_N020_M030_R03_seed105203003.npz
P05_N020_M030_R04_seed105203004,5,20,30,4,105203004,paper_range_complete_draw_rejection,1,0,{},3,c5000d16615c76669ee367f74a8a577fdaa1ef9dfa8cefe555c6c736b583c6bf,P05_N020_M030_R04_seed105203004.npz
P05_N020_M030_R05_seed105203005,5,20,30,5,105203005,paper_range_complete_draw_rejection,4,3,"{""constant_preference_probe"": 3, ""no_nonzero_unit_feasible_point"": 3}",1,8d39b2167459a19fa16ad8c9095193d5608bf41f036fd2c2b08871b813d7f91e,P05_N020_M030_R05_seed105203005.npz
P05_N020_M030_R06_seed105203006,5,20,30,6,105203006,paper_range_complete_draw_rejection,1,0,{},1,e1258be3147ca62d06bc292f40795d5c6467de51d0b248c080495ad425032e6d,P05_N020_M030_R06_seed105203006.npz
P05_N020_M030_R07_seed105203007,5,20,30,7,105203007,paper_range_complete_draw_rejection,2,1,"{""constant_preference_probe"": 1, ""no_nonzero_unit_feasible_point"": 1}",6,8bae37c7f5618d9b366da765d32e22623be56b340a77da6f7c4d7f0220ae0f6e,P05_N020_M030_R07_seed105203007.npz
P05_N020_M030_R08_seed105203008,5,20,30,8,105203008,paper_range_complete_draw_rejection,5,4,"{""constant_preference_probe"": 4, ""no_nonzero_unit_feasible_point"": 4}",10,ec46a2c412f9fcb1f13511221836f56abdef3ca19d8ea2071cdf1dfd32ef5279,P05_N020_M030_R08_seed105203008.npz
P05_N020_M030_R09_seed105203009,5,20,30,9,105203009,paper_range_complete_draw_rejection,1,0,{},2,d3f5aee4cdb06dacb1ae259a274d4297a6115c0e34ab09c6b8fc399cb49e4a1f,P05_N020_M030_R09_seed105203009.npz
P05_N020_M030_R10_seed105203010,5,20,30,10,105203010,paper_range_complete_draw_rejection,5,4,"{""constant_preference_probe"": 4, ""no_nonzero_unit_feasible_point"": 4}",4,6341a64ee568edeb1a92e1bfaf2a979017b52a21830210b0d4547d601314bbd7,P05_N020_M030_R10_seed105203010.npz
P05_N020_M050_R01_seed105205001,5,20,50,1,105205001,paper_range_complete_draw_rejection,54,53,"{""constant_preference_probe"": 53, ""no_nonzero_unit_feasible_point"": 53}",1,9dcd72417d7371fc554eed20bd8fd73332bda0f5299ec2cae81ea3ad9890b2c6,P05_N020_M050_R01_seed105205001.npz
P05_N020_M050_R02_seed105205002,5,20,50,2,105205002,paper_range_complete_draw_rejection,54,53,"{""constant_preference_probe"": 53, ""no_nonzero_unit_feasible_point"": 53}",2,46d628784b5b1a1dd8dfe24aeaec357492027e5b86c666bf01df46c097f0ade3,P05_N020_M050_R02_seed105205002.npz
P05_N020_M050_R03_seed105205003,5,20,50,3,105205003,paper_range_complete_draw_rejection,4,3,"{""constant_preference_probe"": 3, ""no_nonzero_unit_feasible_point"": 3}",1,c3ec75893f88f42dc44f4b9581ed340c3da751f6044547899ad6c5a650bdf18d,P05_N020_M050_R03_seed105205003.npz
P05_N020_M050_R04_seed105205004,5,20,50,4,105205004,paper_range_complete_draw_rejection,3,2,"{""constant_preference_probe"": 2, ""no_nonzero_unit_feasible_point"": 2}",1,8c4e90b4a967ff8d8eb480a9f266105aa941051019663ea83f5debed6bd27075,P05_N020_M050_R04_seed105205004.npz
P05_N020_M050_R05_seed105205005,5,20,50,5,105205005,paper_range_complete_draw_rejection,3,2,"{""constant_preference_probe"": 2, ""no_nonzero_unit_feasible_point"": 2}",1,52773e21a80aa91bcc8cdf53c713c55e8f91201ec7b2266ce4b63a3bd799a690,P05_N020_M050_R05_seed105205005.npz
P05_N020_M050_R06_seed105205006,5,20,50,6,105205006,paper_range_complete_draw_rejection,9,8,"{""constant_preference_probe"": 8, ""no_nonzero_unit_feasible_point"": 8}",1,5aa75aa313220f060db7101dbbbe6628b3ec0165c05caa1a83b2b62728bc67f5,P05_N020_M050_R06_seed105205006.npz
P05_N020_M050_R07_seed105205007,5,20,50,7,105205007,paper_range_complete_draw_rejection,31,30,"{""constant_preference_probe"": 30, ""no_nonzero_unit_feasible_point"": 30}",1,0ed08ae488235c1d5fc7800daf7982443fef9a581d1580db192278def47bb982,P05_N020_M050_R07_seed105205007.npz
P05_N020_M050_R08_seed105205008,5,20,50,8,105205008,paper_range_complete_draw_rejection,13,12,"{""constant_preference_probe"": 12, ""no_nonzero_unit_feasible_point"": 12}",4,b19ddaa1eb0ba154c50c8992fd22825836bd25d035d0ca88f433a22c3decaaaf,P05_N020_M050_R08_seed105205008.npz
P05_N020_M050_R09_seed105205009,5,20,50,9,105205009,paper_range_complete_draw_rejection,16,15,"{""constant_preference_probe"": 15, ""no_nonzero_unit_feasible_point"": 15}",1,941a4d7ce35ff65349d64fc4b8d6b2c174cc73b255f31393554f5e636d0b5d36,P05_N020_M050_R09_seed105205009.npz
P05_N020_M050_R10_seed105205010,5,20,50,10,105205010,paper_range_complete_draw_rejection,16,15,"{""constant_preference_probe"": 15, ""no_nonzero_unit_feasible_point"": 15}",1,752ab49ce445fa91d9782b2d70fe96888f0a66774c8955f24d01ce3a5a5837cc,P05_N020_M050_R10_seed105205010.npz
P05_N050_M010_R01_seed105501001,5,50,10,1,105501001,paper_range_complete_draw_rejection,1,0,{},47,eeef93b8f3e076d16bd25dffbc74d9ac64af92d8eddbf8749138a1221f84d034,P05_N050_M010_R01_seed105501001.npz
P05_N050_M010_R02_seed105501002,5,50,10,2,105501002,paper_range_complete_draw_rejection,1,0,{},50,440e3a7b8bd931ebba9447c5b2bd2dacb2d5cfda8d3b812b8e66a52bde2fce19,P05_N050_M010_R02_seed105501002.npz
P05_N050_M010_R03_seed105501003,5,50,10,3,105501003,paper_range_complete_draw_rejection,1,0,{},13,505fd35b19306366f219ede8436e85633f905a9bb250c690df14ed3760a4eda5,P05_N050_M010_R03_seed105501003.npz
P05_N050_M010_R04_seed105501004,5,50,10,4,105501004,paper_range_complete_draw_rejection,1,0,{},21,bc48333e4d32b174b0160f37d5dc5df79b3230df29f83ea291721874cf6485e4,P05_N050_M010_R04_seed105501004.npz
P05_N050_M010_R05_seed105501005,5,50,10,5,105501005,paper_range_complete_draw_rejection,1,0,{},12,93477d3b0e620c75e7507a444f52f0c99d7f3fb49c12372abeaa8ec7d6b52134,P05_N050_M010_R05_seed105501005.npz
P05_N050_M010_R06_seed105501006,5,50,10,6,105501006,paper_range_complete_draw_rejection,1,0,{},30,d721db3a286e4b19a67f6143c68f88ee43f84bb7fc5fb61706887dddb22eb736,P05_N050_M010_R06_seed105501006.npz
P05_N050_M010_R07_seed105501007,5,50,10,7,105501007,paper_range_complete_draw_rejection,1,0,{},15,28a74b9f9dfcd89df3432fa868c8678edc01c1d34b9e68b955f25d730f818dfc,P05_N050_M010_R07_seed105501007.npz
P05_N050_M010_R08_seed105501008,5,50,10,8,105501008,paper_range_complete_draw_rejection,1,0,{},50,b86ca4718bb906d581ad608932d9d10ec17456fe5edc5e9f3b5dff6685d3eb13,P05_N050_M010_R08_seed105501008.npz
P05_N050_M010_R09_seed105501009,5,50,10,9,105501009,paper_range_complete_draw_rejection,1,0,{},7,28eea54f2d6d0b368d1a077e01683807fdb61342024eed960a1ab8f92b99daf6,P05_N050_M010_R09_seed105501009.npz
P05_N050_M010_R10_seed105501010,5,50,10,10,105501010,paper_range_complete_draw_rejection,1,0,{},20,ff3372a714755bb068475d41401495a9a1534e567df7653a0a221f2ff02ff688,P05_N050_M010_R10_seed105501010.npz
P05_N050_M020_R01_seed105502001,5,50,20,1,105502001,paper_range_complete_draw_rejection,1,0,{},2,29d6c8ceff6e2d2810ebeeb3c0ed3e6eb56fe02cd9779966b57aa830456a3b99,P05_N050_M020_R01_seed105502001.npz
P05_N050_M020_R02_seed105502002,5,50,20,2,105502002,paper_range_complete_draw_rejection,2,1,"{""constant_preference_probe"": 1, ""no_nonzero_unit_feasible_point"": 1}",7,a59d32d3487bfb274f546421ebf053da79c700e0b610b9497c1f84b06be6ddee,P05_N050_M020_R02_seed105502002.npz
P05_N050_M020_R03_seed105502003,5,50,20,3,105502003,paper_range_complete_draw_rejection,2,1,"{""constant_preference_probe"": 1, ""no_nonzero_unit_feasible_point"": 1}",4,4b58a2617e5a6204a51acbb39dd93c1bfe0796484c54138e2fe80c55a1f1b9ae,P05_N050_M020_R03_seed105502003.npz
P05_N050_M020_R04_seed105502004,5,50,20,4,105502004,paper_range_complete_draw_rejection,1,0,{},4,1be1cbd0c6fd4012836ab034fa3c7ac06050d5acae0f554a6944989bf2a6162b,P05_N050_M020_R04_seed105502004.npz
P05_N050_M020_R05_seed105502005,5,50,20,5,105502005,paper_range_complete_draw_rejection,3,2,"{""constant_preference_probe"": 2, ""no_nonzero_unit_feasible_point"": 2}",2,37aec4f78168721c34214e6b19ad16d4b57fefe7ff0779f63d6f4669a806bd04,P05_N050_M020_R05_seed105502005.npz
P05_N050_M020_R06_seed105502006,5,50,20,6,105502006,paper_range_complete_draw_rejection,2,1,"{""constant_preference_probe"": 1, ""no_nonzero_unit_feasible_point"": 1}",50,d7727976b27a5acb6124b8ac34983dea4d3816439d14462218d4d45b9e5c9a7f,P05_N050_M020_R06_seed105502006.npz
P05_N050_M020_R07_seed105502007,5,50,20,7,105502007,paper_range_complete_draw_rejection,1,0,{},31,0d6c70b30fe5d7a5071df414a750d7f00925b1924c3eac72d596eadacf8e53ff,P05_N050_M020_R07_seed105502007.npz
P05_N050_M020_R08_seed105502008,5,50,20,8,105502008,paper_range_complete_draw_rejection,2,1,"{""constant_preference_probe"": 1, ""no_nonzero_unit_feasible_point"": 1}",4,ad15aba3e3ee072459fba60868164d42aedfcfadc4b8d3324467ddcc68aefda4,P05_N050_M020_R08_seed105502008.npz
P05_N050_M020_R09_seed105502009,5,50,20,9,105502009,paper_range_complete_draw_rejection,2,1,"{""constant_preference_probe"": 1, ""no_nonzero_unit_feasible_point"": 1}",12,cd4b4802f2c0afd752d0383987631cf7f0f789b4ab9d7db92067e1fc82f7dd8d,P05_N050_M020_R09_seed105502009.npz
P05_N050_M020_R10_seed105502010,5,50,20,10,105502010,paper_range_complete_draw_rejection,2,1,"{""constant_preference_probe"": 1, ""no_nonzero_unit_feasible_point"": 1}",11,8e9b09a9cba3d166fdb450d77c51b9c8369f03e14492e43b80bb6086ebead770,P05_N050_M020_R10_seed105502010.npz
P05_N050_M030_R01_seed105503001,5,50,30,1,105503001,paper_range_complete_draw_rejection,5,4,"{""constant_preference_probe"": 4, ""no_nonzero_unit_feasible_point"": 4}",9,efc62dade0bc5a10cc33d4156da66ac083acf0d116c935244bd7dc1069dd37f4,P05_N050_M030_R01_seed105503001.npz
P05_N050_M030_R02_seed105503002,5,50,30,2,105503002,paper_range_complete_draw_rejection,2,1,"{""constant_preference_probe"": 1, ""no_nonzero_unit_feasible_point"": 1}",4,e0a7789a38d47e35d2f82561bb3e097135d6a1fa6f972871926e168f7933a0c0,P05_N050_M030_R02_seed105503002.npz
P05_N050_M030_R03_seed105503003,5,50,30,3,105503003,paper_range_complete_draw_rejection,1,0,{},10,1cd5150f5c75fc84dade3f917c58ad71bbb9947754aac1ef0ed18bf07300aa91,P05_N050_M030_R03_seed105503003.npz
P05_N050_M030_R04_seed105503004,5,50,30,4,105503004,paper_range_complete_draw_rejection,1,0,{},9,00b79b758c2775e249b001ee3b92dad8d4992d68a800decdb6bd172d0590add2,P05_N050_M030_R04_seed105503004.npz
P05_N050_M030_R05_seed105503005,5,50,30,5,105503005,paper_range_complete_draw_rejection,3,2,"{""constant_preference_probe"": 2, ""no_nonzero_unit_feasible_point"": 2}",1,0aa98709540c3c2de81c7432a8cfdc23c82d4045af0801fdf005e82f25abb1da,P05_N050_M030_R05_seed105503005.npz
P05_N050_M030_R06_seed105503006,5,50,30,6,105503006,paper_range_complete_draw_rejection,1,0,{},16,6a1fbc9c96e6ced863447a09cb7ad01d4d5512ae87567145b6b223fed66459a4,P05_N050_M030_R06_seed105503006.npz
P05_N050_M030_R07_seed105503007,5,50,30,7,105503007,paper_range_complete_draw_rejection,1,0,{},1,50b5c9effd73b01533bad40e07abc3b859fe8b8205ed903471711804347b7464,P05_N050_M030_R07_seed105503007.npz
P05_N050_M030_R08_seed105503008,5,50,30,8,105503008,paper_range_complete_draw_rejection,3,2,"{""constant_preference_probe"": 2, ""no_nonzero_unit_feasible_point"": 2}",7,904e8326345e04a3edcb741adca99e1c55bc59db454a2dc68b4dc5ae82a9696b,P05_N050_M030_R08_seed105503008.npz
P05_N050_M030_R09_seed105503009,5,50,30,9,105503009,paper_range_complete_draw_rejection,5,4,"{""constant_preference_probe"": 4, ""no_nonzero_unit_feasible_point"": 4}",9,78f050ee1f64f35a4b4c1bbbdba6b3a5c11abd1f60b1fa1ace14e9206be55d0e,P05_N050_M030_R09_seed105503009.npz
P05_N050_M030_R10_seed105503010,5,50,30,10,105503010,paper_range_complete_draw_rejection,2,1,"{""constant_preference_probe"": 1, ""no_nonzero_unit_feasible_point"": 1}",13,ea58e79bb212f34049ff33639ee40ad34eb1f225421610249aab16ffb205f2f3,P05_N050_M030_R10_seed105503010.npz
P05_N050_M050_R01_seed105505001,5,50,50,1,105505001,paper_range_complete_draw_rejection,5,4,"{""constant_preference_probe"": 4, ""no_nonzero_unit_feasible_point"": 4}",1,fdd7647d02acafb62aeff61799b51df5b9a374fef0e3effcb73dcb52b6f7db5e,P05_N050_M050_R01_seed105505001.npz
P05_N050_M050_R02_seed105505002,5,50,50,2,105505002,paper_range_complete_draw_rejection,12,11,"{""constant_preference_probe"": 11, ""no_nonzero_unit_feasible_point"": 11}",1,45588cb28edd57c5151f04a478c71d736cec9aab2586a7f8d74c6b213fb4a10a,P05_N050_M050_R02_seed105505002.npz
P05_N050_M050_R03_seed105505003,5,50,50,3,105505003,paper_range_complete_draw_rejection,14,13,"{""constant_preference_probe"": 13, ""no_nonzero_unit_feasible_point"": 13}",2,af592996a53181a16af0cc2cab39f03a81044b24702340f7a50a0aabfa8c3030,P05_N050_M050_R03_seed105505003.npz
P05_N050_M050_R04_seed105505004,5,50,50,4,105505004,paper_range_complete_draw_rejection,4,3,"{""constant_preference_probe"": 3, ""no_nonzero_unit_feasible_point"": 3}",1,6b5c794296f4fbe13ea38b6319e1f6090d254d292c9a5afd5608e87cacbfaf56,P05_N050_M050_R04_seed105505004.npz
P05_N050_M050_R05_seed105505005,5,50,50,5,105505005,paper_range_complete_draw_rejection,19,18,"{""constant_preference_probe"": 18, ""no_nonzero_unit_feasible_point"": 18}",4,cfe67582b9705fbb968c317489f036d15d000dc8d1adb75a491b6fd415ec8c17,P05_N050_M050_R05_seed105505005.npz
P05_N050_M050_R06_seed105505006,5,50,50,6,105505006,paper_range_complete_draw_rejection,30,29,"{""constant_preference_probe"": 29, ""no_nonzero_unit_feasible_point"": 29}",1,953c2f3142bbd118a0f9c859164e45b4d7721aa47691ca38f041ebe5472b4179,P05_N050_M050_R06_seed105505006.npz
P05_N050_M050_R07_seed105505007,5,50,50,7,105505007,paper_range_complete_draw_rejection,14,13,"{""constant_preference_probe"": 13, ""no_nonzero_unit_feasible_point"": 13}",1,d82a8a7138047ade945569b5320537426fe184fe8dc6dd8fd06317fe056c2534,P05_N050_M050_R07_seed105505007.npz
P05_N050_M050_R08_seed105505008,5,50,50,8,105505008,paper_range_complete_draw_rejection,5,4,"{""constant_preference_probe"": 4, ""no_nonzero_unit_feasible_point"": 4}",2,3eb359699541ca210752aab551d634134c609931e5f1ff87a982fa2af1b8a9ba,P05_N050_M050_R08_seed105505008.npz
P05_N050_M050_R09_seed105505009,5,50,50,9,105505009,paper_range_complete_draw_rejection,1,0,{},7,afd924fe39a8e373e0483f06f0f00fc9a62f033c8fe3a02247222bbf926b7813,P05_N050_M050_R09_seed105505009.npz
P05_N050_M050_R10_seed105505010,5,50,50,10,105505010,paper_range_complete_draw_rejection,11,10,"{""constant_preference_probe"": 10, ""no_nonzero_unit_feasible_point"": 10}",1,02b46624ef7b39c5b0cc9d19025492e81557c6192c629cf13e898a3165544b32,P05_N050_M050_R10_seed105505010.npz
P10_N010_M010_R01_seed110101001,10,10,10,1,110101001,paper_range_complete_draw_rejection,1,0,{},7,19733c67d4fba6a39e9d00df268832804aaf816ff5b135d584b6c450c6c5e040,P10_N010_M010_R01_seed110101001.npz
P10_N010_M010_R02_seed110101002,10,10,10,2,110101002,paper_range_complete_draw_rejection,2,1,"{""constant_preference_probe"": 1, ""no_nonzero_unit_feasible_point"": 1}",1,1510c2ce094d79772123590b19d777906af7f8f66be6905d17bb827b3cb7a225,P10_N010_M010_R02_seed110101002.npz
P10_N010_M010_R03_seed110101003,10,10,10,3,110101003,paper_range_complete_draw_rejection,4,3,"{""constant_preference_probe"": 3, ""no_nonzero_unit_feasible_point"": 3}",5,deeb99432215f7761e8f13d49ec62a2930358978dab9da4f7607a0cf53326128,P10_N010_M010_R03_seed110101003.npz
P10_N010_M010_R04_seed110101004,10,10,10,4,110101004,paper_range_complete_draw_rejection,2,1,"{""constant_preference_probe"": 1, ""no_nonzero_unit_feasible_point"": 1}",1,e8236f7ca156517481ea437778832994197d932141323f5837484a208322d20a,P10_N010_M010_R04_seed110101004.npz
P10_N010_M010_R05_seed110101005,10,10,10,5,110101005,paper_range_complete_draw_rejection,1,0,{},3,069bb5d6b8f23549a83ca2fbff7b8d4b9290e9c01ed5b00741f9b1f5f54a3688,P10_N010_M010_R05_seed110101005.npz
P10_N010_M010_R06_seed110101006,10,10,10,6,110101006,paper_range_complete_draw_rejection,2,1,"{""constant_preference_probe"": 1, ""no_nonzero_unit_feasible_point"": 1}",6,a63068e501295111bf76be0ee17ffcdd18e06de4b3f6e96e1ad2dcbd84a03498,P10_N010_M010_R06_seed110101006.npz
P10_N010_M010_R07_seed110101007,10,10,10,7,110101007,paper_range_complete_draw_rejection,1,0,{},7,b440ba53e539a1d325197286c08095236e7c2a8d6f976f1dae0ba8006b749c26,P10_N010_M010_R07_seed110101007.npz
P10_N010_M010_R08_seed110101008,10,10,10,8,110101008,paper_range_complete_draw_rejection,1,0,{},9,2bb2f2a74def27981604d56796265c870e4d8b9651ab4f1b4b6539f596d38b31,P10_N010_M010_R08_seed110101008.npz
P10_N010_M010_R09_seed110101009,10,10,10,9,110101009,paper_range_complete_draw_rejection,2,1,"{""constant_preference_probe"": 1, ""no_nonzero_unit_feasible_point"": 1}",6,56b5b717836f6668d246382a2d4a79a0f399a841b2c59d603d941606672c4db6,P10_N010_M010_R09_seed110101009.npz
P10_N010_M010_R10_seed110101010,10,10,10,10,110101010,paper_range_complete_draw_rejection,1,0,{},2,7358294ce8499a0b05ec5a68ffeb4c3d9c501b1a7b77be3a1a64d6993ba80326,P10_N010_M010_R10_seed110101010.npz
P10_N010_M020_R01_seed110102001,10,10,20,1,110102001,paper_range_complete_draw_rejection,1,0,{},2,b0b5ecd41aa2561fbd8b67135667f44cc77e856537cf04f4c433cd783989d353,P10_N010_M020_R01_seed110102001.npz
P10_N010_M020_R02_seed110102002,10,10,20,2,110102002,paper_range_complete_draw_rejection,1,0,{},1,798efff7674357165182ed056a89c828da4f947a6b0c1d166655fe55816fe52a,P10_N010_M020_R02_seed110102002.npz
P10_N010_M020_R03_seed110102003,10,10,20,3,110102003,paper_range_complete_draw_rejection,4,3,"{""constant_preference_probe"": 3, ""no_nonzero_unit_feasible_point"": 3}",1,de08c668ea44c8ad527b807b19ab8fe4ab347902b361a01fa9009154bf487b03,P10_N010_M020_R03_seed110102003.npz
P10_N010_M020_R04_seed110102004,10,10,20,4,110102004,paper_range_complete_draw_rejection,3,2,"{""constant_preference_probe"": 2, ""no_nonzero_unit_feasible_point"": 2}",1,61601e110ef5a701ed6199c0f5230054a471e8e7cd8f0e28bf5a263f52a4b4c0,P10_N010_M020_R04_seed110102004.npz
P10_N010_M020_R05_seed110102005,10,10,20,5,110102005,paper_range_complete_draw_rejection,2,1,"{""constant_preference_probe"": 1, ""no_nonzero_unit_feasible_point"": 1}",1,d5c24bbcbf3055e745afd09dfea95ed7e1838881afcc5db1125a016c5d5c29fe,P10_N010_M020_R05_seed110102005.npz
P10_N010_M020_R06_seed110102006,10,10,20,6,110102006,paper_range_complete_draw_rejection,1,0,{},1,3c5796f4c1b5100d706decbfe58c6051c6029ac987edacf61d1759ec549184dd,P10_N010_M020_R06_seed110102006.npz
P10_N010_M020_R07_seed110102007,10,10,20,7,110102007,paper_range_complete_draw_rejection,1,0,{},3,65254f5eda433f06be4c41dbdc887f0d41a4ca95acbb4096a6336e16075ce02f,P10_N010_M020_R07_seed110102007.npz
P10_N010_M020_R08_seed110102008,10,10,20,8,110102008,paper_range_complete_draw_rejection,1,0,{},5,42a20be40ddaa79175d2710150ab9b05cb036f31ac4e2d2e90a98e05a33f718e,P10_N010_M020_R08_seed110102008.npz
P10_N010_M020_R09_seed110102009,10,10,20,9,110102009,paper_range_complete_draw_rejection,2,1,"{""constant_preference_probe"": 1, ""no_nonzero_unit_feasible_point"": 1}",2,dab02a9b1cc85eb515233aa4a6a320e55ca80a95d4f198c59936037753c24629,P10_N010_M020_R09_seed110102009.npz
P10_N010_M020_R10_seed110102010,10,10,20,10,110102010,paper_range_complete_draw_rejection,1,0,{},7,046eefebb0376653af9a584165cddd9f34d0df79893c1fd3d0b5e55736b75da6,P10_N010_M020_R10_seed110102010.npz
P10_N010_M030_R01_seed110103001,10,10,30,1,110103001,paper_range_complete_draw_rejection,7,6,"{""constant_preference_probe"": 6, ""no_nonzero_unit_feasible_point"": 6}",1,d7e51df689ea06bc2bc2e85d0d141d91662c45dd9c8dfca6ae1bc8a2cedcd90c,P10_N010_M030_R01_seed110103001.npz
P10_N010_M030_R02_seed110103002,10,10,30,2,110103002,paper_range_complete_draw_rejection,2,1,"{""constant_preference_probe"": 1, ""no_nonzero_unit_feasible_point"": 1}",1,b399d8d161ee6561f211b964d06528a9864fc120bf5b425df6c03fa195f2a9f1,P10_N010_M030_R02_seed110103002.npz
P10_N010_M030_R03_seed110103003,10,10,30,3,110103003,paper_range_complete_draw_rejection,3,2,"{""constant_preference_probe"": 2, ""no_nonzero_unit_feasible_point"": 2}",1,3ea0b129dbf820a92829f93c01227c6b914ad1953774088c7e147c3e68cc9c51,P10_N010_M030_R03_seed110103003.npz
P10_N010_M030_R04_seed110103004,10,10,30,4,110103004,paper_range_complete_draw_rejection,2,1,"{""constant_preference_probe"": 1, ""no_nonzero_unit_feasible_point"": 1}",6,0403404d5a48d40f66f2d06c9ce3c8d4e01656d8f7feb61895284cab0622b3d2,P10_N010_M030_R04_seed110103004.npz
P10_N010_M030_R05_seed110103005,10,10,30,5,110103005,paper_range_complete_draw_rejection,1,0,{},1,90f06c6f78d71f9a8fe6110f49ee850fc729985988f5ac7872e218d9b6c1cf23,P10_N010_M030_R05_seed110103005.npz
P10_N010_M030_R06_seed110103006,10,10,30,6,110103006,paper_range_complete_draw_rejection,3,2,"{""constant_preference_probe"": 2, ""no_nonzero_unit_feasible_point"": 2}",1,e6a551d6cef2814ad5ad8d3dcb3e508134216084a97c67c0b33666bd09f1970a,P10_N010_M030_R06_seed110103006.npz
P10_N010_M030_R07_seed110103007,10,10,30,7,110103007,paper_range_complete_draw_rejection,14,13,"{""constant_preference_probe"": 13, ""no_nonzero_unit_feasible_point"": 13}",1,f7ad35755d10fd68f09031559b97f22fa71c42999a1f7147eddfde60680b85b0,P10_N010_M030_R07_seed110103007.npz
P10_N010_M030_R08_seed110103008,10,10,30,8,110103008,paper_range_complete_draw_rejection,1,0,{},4,8a48c0b6554d343936eb901a83c8ee4b608e4d28f5b98de2af06474a09e74d3e,P10_N010_M030_R08_seed110103008.npz
P10_N010_M030_R09_seed110103009,10,10,30,9,110103009,paper_range_complete_draw_rejection,9,8,"{""constant_preference_probe"": 8, ""no_nonzero_unit_feasible_point"": 8}",1,e2366c3d3f717aca7dfd49ad9c9d4d3184e74ec49d2f3a93fcc35b93f961da96,P10_N010_M030_R09_seed110103009.npz
P10_N010_M030_R10_seed110103010,10,10,30,10,110103010,paper_range_complete_draw_rejection,1,0,{},5,69dbbcf80b0024cf6ead0880578246e13ab01b2da4b8a91f3eea02491a01a8b3,P10_N010_M030_R10_seed110103010.npz
P10_N010_M050_R01_seed110105001,10,10,50,1,110105001,paper_range_complete_draw_rejection,60,59,"{""constant_preference_probe"": 59, ""no_nonzero_unit_feasible_point"": 59}",1,da15264cf9dc6d58570bb8003034b403f7dd4d963a6c90be3ddec0658ee63e64,P10_N010_M050_R01_seed110105001.npz
P10_N010_M050_R02_seed110105002,10,10,50,2,110105002,paper_range_complete_draw_rejection,15,14,"{""constant_preference_probe"": 14, ""no_nonzero_unit_feasible_point"": 14}",1,568c7adea07e0453cbb861260d3c167adf407d089ef9a0bfc25b2e4625716755,P10_N010_M050_R02_seed110105002.npz
P10_N010_M050_R03_seed110105003,10,10,50,3,110105003,paper_range_complete_draw_rejection,8,7,"{""constant_preference_probe"": 7, ""no_nonzero_unit_feasible_point"": 7}",1,34e7a02defb63859e320a951d862de4dad11495e06a66afaba9475d944a1a7ec,P10_N010_M050_R03_seed110105003.npz
P10_N010_M050_R04_seed110105004,10,10,50,4,110105004,paper_range_complete_draw_rejection,23,22,"{""constant_preference_probe"": 22, ""no_nonzero_unit_feasible_point"": 22}",1,5b0faff937ee18ed723d09c0fba66531b31107442ac2e7cd30757cc73fce55f6,P10_N010_M050_R04_seed110105004.npz
P10_N010_M050_R05_seed110105005,10,10,50,5,110105005,paper_range_complete_draw_rejection,41,40,"{""constant_preference_probe"": 40, ""no_nonzero_unit_feasible_point"": 40}",1,681861bce4e63d41f14ab288e62577328b82923acbf22d522ec62a4690be6b91,P10_N010_M050_R05_seed110105005.npz
P10_N010_M050_R06_seed110105006,10,10,50,6,110105006,paper_range_complete_draw_rejection,15,14,"{""constant_preference_probe"": 14, ""no_nonzero_unit_feasible_point"": 14}",2,b581bae7e0c0ea1fe33be72342173807f8dbb8fee2e1dd4d88f81888e98f7e0e,P10_N010_M050_R06_seed110105006.npz
P10_N010_M050_R07_seed110105007,10,10,50,7,110105007,paper_range_complete_draw_rejection,16,15,"{""constant_preference_probe"": 15, ""no_nonzero_unit_feasible_point"": 15}",2,658a94c4c3212288b6d5755fb2e2e356b90baff0b3c8037f66681622d98587e0,P10_N010_M050_R07_seed110105007.npz
P10_N010_M050_R08_seed110105008,10,10,50,8,110105008,paper_range_complete_draw_rejection,11,10,"{""constant_preference_probe"": 10, ""no_nonzero_unit_feasible_point"": 10}",2,789196c831ba4f6cf8205dc26e055ac2d510cee66686bfbdcc637d9259cb0b6b,P10_N010_M050_R08_seed110105008.npz
P10_N010_M050_R09_seed110105009,10,10,50,9,110105009,paper_range_complete_draw_rejection,17,16,"{""constant_preference_probe"": 16, ""no_nonzero_unit_feasible_point"": 16}",1,10a54e2e38968138bc9b5ab52c6689e29b7b7cb1e81e7af69967659d41f085c1,P10_N010_M050_R09_seed110105009.npz
P10_N010_M050_R10_seed110105010,10,10,50,10,110105010,paper_range_complete_draw_rejection,10,9,"{""constant_preference_probe"": 9, ""no_nonzero_unit_feasible_point"": 9}",1,6a6c89de40d1091c7a36b989b48ccf681e62b5aeaa931167010f1f1be19bef76,P10_N010_M050_R10_seed110105010.npz
P10_N020_M010_R01_seed110201001,10,20,10,1,110201001,paper_range_complete_draw_rejection,1,0,{},10,763bcb353261a13f3dcb41eda377f9605a099bc0dab2ff1d892ac1e9d5a95c02,P10_N020_M010_R01_seed110201001.npz
P10_N020_M010_R02_seed110201002,10,20,10,2,110201002,paper_range_complete_draw_rejection,1,0,{},8,b156fa49033b6c32f24f54875e51f1b88a9b56fb3412a9329d5fef8c857aade2,P10_N020_M010_R02_seed110201002.npz
P10_N020_M010_R03_seed110201003,10,20,10,3,110201003,paper_range_complete_draw_rejection,2,1,"{""constant_preference_probe"": 1, ""no_nonzero_unit_feasible_point"": 1}",1,a2e6c58fd09498af3f30a737fd71853fd017996ac9967d17f39ca2b58d3f7a69,P10_N020_M010_R03_seed110201003.npz
P10_N020_M010_R04_seed110201004,10,20,10,4,110201004,paper_range_complete_draw_rejection,1,0,{},4,dda096759d817df18a504cec3c7a28aee3ea321207863ca5009c08e8fed4e5f6,P10_N020_M010_R04_seed110201004.npz
P10_N020_M010_R05_seed110201005,10,20,10,5,110201005,paper_range_complete_draw_rejection,1,0,{},14,6667d27eeb76a556535e010be4e3ae3747f9c354c6f633bb00ed76847422df20,P10_N020_M010_R05_seed110201005.npz
P10_N020_M010_R06_seed110201006,10,20,10,6,110201006,paper_range_complete_draw_rejection,1,0,{},1,982695f4239ad87c34070aa1dc5862663793787eba4f0ca89c29729f48fc17c6,P10_N020_M010_R06_seed110201006.npz
P10_N020_M010_R07_seed110201007,10,20,10,7,110201007,paper_range_complete_draw_rejection,1,0,{},13,a7e893fe03594d87cdd610ca9513d33c0e1c8794b80fc725a92fe212b3c03045,P10_N020_M010_R07_seed110201007.npz
P10_N020_M010_R08_seed110201008,10,20,10,8,110201008,paper_range_complete_draw_rejection,1,0,{},1,5323f1a1c70b058c33780db13a64423a84af114f7b0e0e905995f95e75d70e13,P10_N020_M010_R08_seed110201008.npz
P10_N020_M010_R09_seed110201009,10,20,10,9,110201009,paper_range_complete_draw_rejection,1,0,{},5,07f1c5ab0fd2290ab6a5f236dca78d7d6584b28cabe701afbb91cd100da53edc,P10_N020_M010_R09_seed110201009.npz
P10_N020_M010_R10_seed110201010,10,20,10,10,110201010,paper_range_complete_draw_rejection,1,0,{},17,13ca32d5e224fbb290ee2812368f00a9ac322094b57b1acb213676bc1864811b,P10_N020_M010_R10_seed110201010.npz
P10_N020_M020_R01_seed110202001,10,20,20,1,110202001,paper_range_complete_draw_rejection,1,0,{},3,159277f38cb9ec111d3dd5aa83ab185c3191ed48405071d29451ed6a3ca6834a,P10_N020_M020_R01_seed110202001.npz
P10_N020_M020_R02_seed110202002,10,20,20,2,110202002,paper_range_complete_draw_rejection,1,0,{},1,dd76e82a6bb51eec89739f7065a15727fd76e2ce4d55a2cd5f81edfca6d3683d,P10_N020_M020_R02_seed110202002.npz
P10_N020_M020_R03_seed110202003,10,20,20,3,110202003,paper_range_complete_draw_rejection,1,0,{},11,acf165dd5e0b2593fb451048a572f06d2e042a934e306730c221f04dc7033efc,P10_N020_M020_R03_seed110202003.npz
P10_N020_M020_R04_seed110202004,10,20,20,4,110202004,paper_range_complete_draw_rejection,1,0,{},2,f1206888618fa2a93e206e92e48d08a34df8ec89287c0d1acad704da914cf839,P10_N020_M020_R04_seed110202004.npz
P10_N020_M020_R05_seed110202005,10,20,20,5,110202005,paper_range_complete_draw_rejection,7,6,"{""constant_preference_probe"": 6, ""no_nonzero_unit_feasible_point"": 6}",1,b15d1f38459a2e2004eb5aa2debdc1550e736970b5ec879b92921daccb28e31e,P10_N020_M020_R05_seed110202005.npz
P10_N020_M020_R06_seed110202006,10,20,20,6,110202006,paper_range_complete_draw_rejection,1,0,{},1,51fb64a17f58f023070dad3fac246a15d485c2c9c12ab5435cb868e2963b79d1,P10_N020_M020_R06_seed110202006.npz
P10_N020_M020_R07_seed110202007,10,20,20,7,110202007,paper_range_complete_draw_rejection,2,1,"{""constant_preference_probe"": 1, ""no_nonzero_unit_feasible_point"": 1}",6,2f9f55df4632c0cd994c94252ca3f6d2b1b51ddb49c49936aa986ad9aca190bc,P10_N020_M020_R07_seed110202007.npz
P10_N020_M020_R08_seed110202008,10,20,20,8,110202008,paper_range_complete_draw_rejection,2,1,"{""constant_preference_probe"": 1, ""no_nonzero_unit_feasible_point"": 1}",1,547120b465213d7d6ad2cc6003b3d3492ba9728e2f895b301058c2f2514ad980,P10_N020_M020_R08_seed110202008.npz
P10_N020_M020_R09_seed110202009,10,20,20,9,110202009,paper_range_complete_draw_rejection,1,0,{},9,9e93d9e4bb8b16383c5b599676fe504cbc4a20b653c1b71882f79c03af4fcffa,P10_N020_M020_R09_seed110202009.npz
P10_N020_M020_R10_seed110202010,10,20,20,10,110202010,paper_range_complete_draw_rejection,1,0,{},1,12274102821f7e6340527597fb0d57a6a4ac5314d99b19d3f7d81a22877485c7,P10_N020_M020_R10_seed110202010.npz
P10_N020_M030_R01_seed110203001,10,20,30,1,110203001,paper_range_complete_draw_rejection,2,1,"{""constant_preference_probe"": 1, ""no_nonzero_unit_feasible_point"": 1}",1,52dad465e7af67e32946cf9fadd21fe106a0a262d10344444a8950102a659cc0,P10_N020_M030_R01_seed110203001.npz
P10_N020_M030_R02_seed110203002,10,20,30,2,110203002,paper_range_complete_draw_rejection,2,1,"{""constant_preference_probe"": 1, ""no_nonzero_unit_feasible_point"": 1}",5,73211ddb5f2ba02dfb2941f6eebfd984029ecb1040236c1ea96617b9b01262a0,P10_N020_M030_R02_seed110203002.npz
P10_N020_M030_R03_seed110203003,10,20,30,3,110203003,paper_range_complete_draw_rejection,1,0,{},1,92cf4f6bc718ee11dfa0983e6d27ab49d549d23aa9cd3d51f5a3bc980d6ecdb3,P10_N020_M030_R03_seed110203003.npz
P10_N020_M030_R04_seed110203004,10,20,30,4,110203004,paper_range_complete_draw_rejection,5,4,"{""constant_preference_probe"": 4, ""no_nonzero_unit_feasible_point"": 4}",1,e4a88cd931ef80a092c7bb9080b5b6282c62d9075bb836066666e776188c0dbd,P10_N020_M030_R04_seed110203004.npz
P10_N020_M030_R05_seed110203005,10,20,30,5,110203005,paper_range_complete_draw_rejection,2,1,"{""constant_preference_probe"": 1, ""no_nonzero_unit_feasible_point"": 1}",1,a9bbc4a16a4f97fbef51552a214874da1eff7fcdb565ef1916f189b928cb535d,P10_N020_M030_R05_seed110203005.npz
P10_N020_M030_R06_seed110203006,10,20,30,6,110203006,paper_range_complete_draw_rejection,2,1,"{""constant_preference_probe"": 1, ""no_nonzero_unit_feasible_point"": 1}",1,0c88aa14cb9bca36ea635afc5d6b602c47c980d6d24933ce4a4af2b7cb93eb01,P10_N020_M030_R06_seed110203006.npz
P10_N020_M030_R07_seed110203007,10,20,30,7,110203007,paper_range_complete_draw_rejection,3,2,"{""constant_preference_probe"": 2, ""no_nonzero_unit_feasible_point"": 2}",2,e4fa8255f70a0ea26f698cadce4019111c3dbf9cacb5a8f90b43c0bb814e6e41,P10_N020_M030_R07_seed110203007.npz
P10_N020_M030_R08_seed110203008,10,20,30,8,110203008,paper_range_complete_draw_rejection,2,1,"{""constant_preference_probe"": 1, ""no_nonzero_unit_feasible_point"": 1}",1,9227abf0d22285772506f32a01dadf8723e85ace96eeeb691023396051c055bb,P10_N020_M030_R08_seed110203008.npz
P10_N020_M030_R09_seed110203009,10,20,30,9,110203009,paper_range_complete_draw_rejection,3,2,"{""constant_preference_probe"": 2, ""no_nonzero_unit_feasible_point"": 2}",1,cecdde4fc1ee32d6b24cee7ccdd92caffd558e374fb27f22e6ccf35db04abd8f,P10_N020_M030_R09_seed110203009.npz
P10_N020_M030_R10_seed110203010,10,20,30,10,110203010,paper_range_complete_draw_rejection,1,0,{},2,3484b1369e77b09f671b17b5fff2f988f43325717415c4b697ccc638f292a2e1,P10_N020_M030_R10_seed110203010.npz
P10_N020_M050_R01_seed110205001,10,20,50,1,110205001,paper_range_complete_draw_rejection,31,30,"{""constant_preference_probe"": 30, ""no_nonzero_unit_feasible_point"": 30}",1,ffd0c4bcedf24e96f942388383b67dd438cfa27e41d32bd7a1c28de11694525b,P10_N020_M050_R01_seed110205001.npz
P10_N020_M050_R02_seed110205002,10,20,50,2,110205002,paper_range_complete_draw_rejection,7,6,"{""constant_preference_probe"": 6, ""no_nonzero_unit_feasible_point"": 6}",1,1e177ad07a657f643d27b277ce015228f5fd04d20f998eed942ec00702dc229f,P10_N020_M050_R02_seed110205002.npz
P10_N020_M050_R03_seed110205003,10,20,50,3,110205003,paper_range_complete_draw_rejection,10,9,"{""constant_preference_probe"": 9, ""no_nonzero_unit_feasible_point"": 9}",1,3e1eb965a42c5f0c81461f9b11e7e0b4b9f06df58e61b8d414a9a01454097d58,P10_N020_M050_R03_seed110205003.npz
P10_N020_M050_R04_seed110205004,10,20,50,4,110205004,paper_range_complete_draw_rejection,23,22,"{""constant_preference_probe"": 22, ""no_nonzero_unit_feasible_point"": 22}",1,29be8bf1820a88894f979c8e8de734ac8c93a5f647e16e2db65d40e180ff34e9,P10_N020_M050_R04_seed110205004.npz
P10_N020_M050_R05_seed110205005,10,20,50,5,110205005,paper_range_complete_draw_rejection,5,4,"{""constant_preference_probe"": 4, ""no_nonzero_unit_feasible_point"": 4}",2,7c59315bbec955f849fae5fab84fea5bb43baca3883c675e5f2a3c5f9988e8c4,P10_N020_M050_R05_seed110205005.npz
P10_N020_M050_R06_seed110205006,10,20,50,6,110205006,paper_range_complete_draw_rejection,24,23,"{""constant_preference_probe"": 23, ""no_nonzero_unit_feasible_point"": 23}",1,7f41e8d699e7cb335aa6903f9349d109092c082b95328e80bd1d0329bc485750,P10_N020_M050_R06_seed110205006.npz
P10_N020_M050_R07_seed110205007,10,20,50,7,110205007,paper_range_complete_draw_rejection,24,23,"{""constant_preference_probe"": 23, ""no_nonzero_unit_feasible_point"": 23}",1,0ed6b17fdd7d4566e4e154bc3a2ff2076dd50932c4bff41af90880ae157401bd,P10_N020_M050_R07_seed110205007.npz
P10_N020_M050_R08_seed110205008,10,20,50,8,110205008,paper_range_complete_draw_rejection,30,29,"{""constant_preference_probe"": 29, ""no_nonzero_unit_feasible_point"": 29}",2,0e49c857b7b641dd002416f87b38edf1f9374d1fae7ad5d5605eb2ffa3a316c6,P10_N020_M050_R08_seed110205008.npz
P10_N020_M050_R09_seed110205009,10,20,50,9,110205009,paper_range_complete_draw_rejection,14,13,"{""constant_preference_probe"": 13, ""no_nonzero_unit_feasible_point"": 13}",5,0b2df3e37a42effe7efdec6f23ddd770798783278b333f3e1c985d50f36dc498,P10_N020_M050_R09_seed110205009.npz
P10_N020_M050_R10_seed110205010,10,20,50,10,110205010,paper_range_complete_draw_rejection,18,17,"{""constant_preference_probe"": 17, ""no_nonzero_unit_feasible_point"": 17}",1,feede2956bb479f860e2d8befe67b9f5f60eb3fc8798004ce2ea20346d6497e3,P10_N020_M050_R10_seed110205010.npz
P10_N050_M010_R01_seed110501001,10,50,10,1,110501001,paper_range_complete_draw_rejection,1,0,{},7,c1abfe1a970ceeca7dfaeff6073b17061779da3d3a8710809f1890dcacbfd916,P10_N050_M010_R01_seed110501001.npz
P10_N050_M010_R02_seed110501002,10,50,10,2,110501002,paper_range_complete_draw_rejection,1,0,{},50,15eef1df195a0580671ef58915b0781f98aa96af97cbc8103e7616977ad209b2,P10_N050_M010_R02_seed110501002.npz
P10_N050_M010_R03_seed110501003,10,50,10,3,110501003,paper_range_complete_draw_rejection,2,1,"{""constant_preference_probe"": 1, ""no_nonzero_unit_feasible_point"": 1}",1,745307489be3fb88d75d00b173f256d093c31df8e58b92c38d6c6a756ae6f975,P10_N050_M010_R03_seed110501003.npz
P10_N050_M010_R04_seed110501004,10,50,10,4,110501004,paper_range_complete_draw_rejection,1,0,{},1,dbd4eee40ccf8c2ed37b5eed90c2d9c081c53c0efd175e48b86eb396c684b03f,P10_N050_M010_R04_seed110501004.npz
P10_N050_M010_R05_seed110501005,10,50,10,5,110501005,paper_range_complete_draw_rejection,1,0,{},7,3cf33220b7ccf4cb18f23f9aa5ea06880b090d478a9c4384912849db3198c8b8,P10_N050_M010_R05_seed110501005.npz
P10_N050_M010_R06_seed110501006,10,50,10,6,110501006,paper_range_complete_draw_rejection,1,0,{},50,2b55cbfcdaed7264109bb114a8f624323c2ad9a938017c3bace1cb3aa9c9f042,P10_N050_M010_R06_seed110501006.npz
P10_N050_M010_R07_seed110501007,10,50,10,7,110501007,paper_range_complete_draw_rejection,1,0,{},50,cec09df01431aa42e9bb61a122e2496111cf0f6d35618f96a41291cdb9c65e52,P10_N050_M010_R07_seed110501007.npz
P10_N050_M010_R08_seed110501008,10,50,10,8,110501008,paper_range_complete_draw_rejection,1,0,{},8,2980c8283e20b785776cd767cfa51bd9850b6ac9f20b275b049c06014d0b3fc3,P10_N050_M010_R08_seed110501008.npz
P10_N050_M010_R09_seed110501009,10,50,10,9,110501009,paper_range_complete_draw_rejection,1,0,{},9,dd302208a50f3accac8a07d3477e05ccf2ce645473638b4cb53e95a8a9744fc9,P10_N050_M010_R09_seed110501009.npz
P10_N050_M010_R10_seed110501010,10,50,10,10,110501010,paper_range_complete_draw_rejection,1,0,{},16,1908fcae360b932cddee8072a8cf494472a90705179541f8400ce0bae820e7fa,P10_N050_M010_R10_seed110501010.npz
P10_N050_M020_R01_seed110502001,10,50,20,1,110502001,paper_range_complete_draw_rejection,4,3,"{""constant_preference_probe"": 3, ""no_nonzero_unit_feasible_point"": 3}",2,e652198e2730a65cb281e5f5cd5d1f740c51cec2de7a611054d9800dcdffe204,P10_N050_M020_R01_seed110502001.npz
P10_N050_M020_R02_seed110502002,10,50,20,2,110502002,paper_range_complete_draw_rejection,1,0,{},4,99b78fd75bc615f01afd9952ae1e25e08440a3cc93d8f8c8d7331772e41ec892,P10_N050_M020_R02_seed110502002.npz
P10_N050_M020_R03_seed110502003,10,50,20,3,110502003,paper_range_complete_draw_rejection,2,1,"{""constant_preference_probe"": 1, ""no_nonzero_unit_feasible_point"": 1}",17,f6bfba5e5f674a2fa9fa000d2fe5678c710ee3a031e1b884fa6aaa9ff80a5d9f,P10_N050_M020_R03_seed110502003.npz
P10_N050_M020_R04_seed110502004,10,50,20,4,110502004,paper_range_complete_draw_rejection,2,1,"{""constant_preference_probe"": 1, ""no_nonzero_unit_feasible_point"": 1}",4,e13cff8a17f26ed7e6042013825d1c96c4c0b8fbc90a4fe78d318c8748743d34,P10_N050_M020_R04_seed110502004.npz
P10_N050_M020_R05_seed110502005,10,50,20,5,110502005,paper_range_complete_draw_rejection,2,1,"{""constant_preference_probe"": 1, ""no_nonzero_unit_feasible_point"": 1}",2,7a2c814625fe4c31733d2c33a7c66c4c6641223365e3847b7a993b0069a2c7a4,P10_N050_M020_R05_seed110502005.npz
P10_N050_M020_R06_seed110502006,10,50,20,6,110502006,paper_range_complete_draw_rejection,1,0,{},36,0de3e13d142671ceea5e46781bbbb5d48633848be544b128d0b76817aa3eb730,P10_N050_M020_R06_seed110502006.npz
P10_N050_M020_R07_seed110502007,10,50,20,7,110502007,paper_range_complete_draw_rejection,2,1,"{""constant_preference_probe"": 1, ""no_nonzero_unit_feasible_point"": 1}",39,98e4e71c0738be023c651a5eebd0ef93a2e1bc1334b454a1fdcdac84d8c899fc,P10_N050_M020_R07_seed110502007.npz
P10_N050_M020_R08_seed110502008,10,50,20,8,110502008,paper_range_complete_draw_rejection,1,0,{},2,7a796a1db434c2b5f17d4fc5c62e5c47e70a667b1784750959037d82b30e5ce2,P10_N050_M020_R08_seed110502008.npz
P10_N050_M020_R09_seed110502009,10,50,20,9,110502009,paper_range_complete_draw_rejection,1,0,{},2,1aba1ac4344deb9445c419de6fa14d28e3318a09b9380ed6263d17285101f6f3,P10_N050_M020_R09_seed110502009.npz
P10_N050_M020_R10_seed110502010,10,50,20,10,110502010,paper_range_complete_draw_rejection,4,3,"{""constant_preference_probe"": 3, ""no_nonzero_unit_feasible_point"": 3}",6,dc7bb123391e6708f253eacf5dbd8708e17b0194df2b68ea3583d4fb8cc320e3,P10_N050_M020_R10_seed110502010.npz
P10_N050_M030_R01_seed110503001,10,50,30,1,110503001,paper_range_complete_draw_rejection,2,1,"{""constant_preference_probe"": 1, ""no_nonzero_unit_feasible_point"": 1}",1,df384df3faa2a24fe93da9acb2dbb2502576ec285bccbd02fdb07fd91ffacb4f,P10_N050_M030_R01_seed110503001.npz
P10_N050_M030_R02_seed110503002,10,50,30,2,110503002,paper_range_complete_draw_rejection,5,4,"{""constant_preference_probe"": 4, ""no_nonzero_unit_feasible_point"": 4}",10,c5fd7c7b3be65801d5931d4cbe6aa9aa3cfb037a530cbaafcbe7c11d91cabf8d,P10_N050_M030_R02_seed110503002.npz
P10_N050_M030_R03_seed110503003,10,50,30,3,110503003,paper_range_complete_draw_rejection,2,1,"{""constant_preference_probe"": 1, ""no_nonzero_unit_feasible_point"": 1}",1,6b6f3634f872346211f2c9ed2278e356777654ff01f6aa456280b73b8d2f6bca,P10_N050_M030_R03_seed110503003.npz
P10_N050_M030_R04_seed110503004,10,50,30,4,110503004,paper_range_complete_draw_rejection,4,3,"{""constant_preference_probe"": 3, ""no_nonzero_unit_feasible_point"": 3}",16,f0d959404706fd4b145f0cf48008ecff7000bc390a79bfe0e9f7a6bdc3edfc29,P10_N050_M030_R04_seed110503004.npz
P10_N050_M030_R05_seed110503005,10,50,30,5,110503005,paper_range_complete_draw_rejection,2,1,"{""constant_preference_probe"": 1, ""no_nonzero_unit_feasible_point"": 1}",1,11f7101772543539ee8643168f43d5eaef99fb54c17e6e2ecbb0ec2c76f3b6ab,P10_N050_M030_R05_seed110503005.npz
P10_N050_M030_R06_seed110503006,10,50,30,6,110503006,paper_range_complete_draw_rejection,1,0,{},1,fdfa1cb1f5a5cddb1277e19db965911a3652e1925a3aeab0614525f24c99da30,P10_N050_M030_R06_seed110503006.npz
P10_N050_M030_R07_seed110503007,10,50,30,7,110503007,paper_range_complete_draw_rejection,1,0,{},1,3239d7fda2f5dbb82e6b94bece75aff1521255c9bde6611a36af2551dc2a501a,P10_N050_M030_R07_seed110503007.npz
P10_N050_M030_R08_seed110503008,10,50,30,8,110503008,paper_range_complete_draw_rejection,5,4,"{""constant_preference_probe"": 4, ""no_nonzero_unit_feasible_point"": 4}",15,3cdc3823130bd8a7dc35101ab319f22b74f9ad7d7c9a62dab9b23810e1afd3a4,P10_N050_M030_R08_seed110503008.npz
P10_N050_M030_R09_seed110503009,10,50,30,9,110503009,paper_range_complete_draw_rejection,2,1,"{""constant_preference_probe"": 1, ""no_nonzero_unit_feasible_point"": 1}",4,ff823df6379163043dc3c0c604c0c879bdbc7910cd6c32d01ca3b82afc100671,P10_N050_M030_R09_seed110503009.npz
P10_N050_M030_R10_seed110503010,10,50,30,10,110503010,paper_range_complete_draw_rejection,2,1,"{""constant_preference_probe"": 1, ""no_nonzero_unit_feasible_point"": 1}",12,d1ce9ca2d718bbed9336de9f273e7099633ce7c5833496af3ee331f748aecba4,P10_N050_M030_R10_seed110503010.npz
P10_N050_M050_R01_seed110505001,10,50,50,1,110505001,paper_range_complete_draw_rejection,36,35,"{""constant_preference_probe"": 35, ""no_nonzero_unit_feasible_point"": 35}",1,cb88bb76a0aab8d406f5e34c50d53170bc84d1de171d6b20309532dd82f3b039,P10_N050_M050_R01_seed110505001.npz
P10_N050_M050_R02_seed110505002,10,50,50,2,110505002,paper_range_complete_draw_rejection,4,3,"{""constant_preference_probe"": 3, ""no_nonzero_unit_feasible_point"": 3}",2,db98135e002fb8d9b2f18156f74619305d9337dc987f2ffa43126b8fef6aee06,P10_N050_M050_R02_seed110505002.npz
P10_N050_M050_R03_seed110505003,10,50,50,3,110505003,paper_range_complete_draw_rejection,3,2,"{""constant_preference_probe"": 2, ""no_nonzero_unit_feasible_point"": 2}",1,82dbe34c03892d77fec6d4a8a0b9f247436086bbf0c45a43bdd57914c171ed48,P10_N050_M050_R03_seed110505003.npz
P10_N050_M050_R04_seed110505004,10,50,50,4,110505004,paper_range_complete_draw_rejection,8,7,"{""constant_preference_probe"": 7, ""no_nonzero_unit_feasible_point"": 7}",1,7ff6debe91ecb7f93154e0426b78320eef691d73f0566eaf18f444656c661b05,P10_N050_M050_R04_seed110505004.npz
P10_N050_M050_R05_seed110505005,10,50,50,5,110505005,paper_range_complete_draw_rejection,22,21,"{""constant_preference_probe"": 21, ""no_nonzero_unit_feasible_point"": 21}",1,e08290fa5bcadb462cfd400444957f39b9c4bac655a424061dcb1534f1b79d4a,P10_N050_M050_R05_seed110505005.npz
P10_N050_M050_R06_seed110505006,10,50,50,6,110505006,paper_range_complete_draw_rejection,1,0,{},3,7ff4cc30f4e21e2788d98d521229b48ecb91fbbc5cb41482bceab8cd87723aa0,P10_N050_M050_R06_seed110505006.npz
P10_N050_M050_R07_seed110505007,10,50,50,7,110505007,paper_range_complete_draw_rejection,1,0,{},1,720e1455b47ba1c4124c104bdbe7c83bb9a8a892dcfd28f220fc9e420b94c852,P10_N050_M050_R07_seed110505007.npz
P10_N050_M050_R08_seed110505008,10,50,50,8,110505008,paper_range_complete_draw_rejection,5,4,"{""constant_preference_probe"": 4, ""no_nonzero_unit_feasible_point"": 4}",1,1b45f723a8d8baa2460a3fa076e3565b485febe14d0a3954eaae9bbfce102dec,P10_N050_M050_R08_seed110505008.npz
P10_N050_M050_R09_seed110505009,10,50,50,9,110505009,paper_range_complete_draw_rejection,10,9,"{""constant_preference_probe"": 9, ""no_nonzero_unit_feasible_point"": 9}",1,9c5bef887ecfa3732644fb8c2cfa03b2e4cef41fedabb3549b5c18363c67ec7e,P10_N050_M050_R09_seed110505009.npz
P10_N050_M050_R10_seed110505010,10,50,50,10,110505010,paper_range_complete_draw_rejection,7,6,"{""constant_preference_probe"": 6, ""no_nonzero_unit_feasible_point"": 6}",1,5039e587a1f1dfd185e749a4804ba063b1bf57767e31860857142953342ee7db,P10_N050_M050_R10_seed110505010.npz
P20_N010_M010_R01_seed120101001,20,10,10,1,120101001,paper_range_complete_draw_rejection,1,0,{},5,8c342600d430625546d594a63f85ec0ae4208ba1756beec7138e99f087188563,P20_N010_M010_R01_seed120101001.npz
P20_N010_M010_R02_seed120101002,20,10,10,2,120101002,paper_range_complete_draw_rejection,2,1,"{""constant_preference_probe"": 1, ""no_nonzero_unit_feasible_point"": 1}",10,dfbe2a74d2b95d51787983b092ed4a368ce1e1e2c87846a3494432f2355d0098,P20_N010_M010_R02_seed120101002.npz
P20_N010_M010_R03_seed120101003,20,10,10,3,120101003,paper_range_complete_draw_rejection,2,1,"{""constant_preference_probe"": 1, ""no_nonzero_unit_feasible_point"": 1}",2,aa7c7414aa37ca2693247fa31deaf10c0af7a34136f31e812a1b0ad5657dd895,P20_N010_M010_R03_seed120101003.npz
P20_N010_M010_R04_seed120101004,20,10,10,4,120101004,paper_range_complete_draw_rejection,2,1,"{""constant_preference_probe"": 1, ""no_nonzero_unit_feasible_point"": 1}",5,fddae9ea7b95da35996543017406d8e1fe6b014612b6012f6084a8a9cee351c3,P20_N010_M010_R04_seed120101004.npz
P20_N010_M010_R05_seed120101005,20,10,10,5,120101005,paper_range_complete_draw_rejection,1,0,{},7,3048c46f7c31259afee8d0f18277922e440e41817f6a5b593fc4703a85e3724e,P20_N010_M010_R05_seed120101005.npz
P20_N010_M010_R06_seed120101006,20,10,10,6,120101006,paper_range_complete_draw_rejection,1,0,{},6,eb4c92b04ed7023048b47c0ad2b1a4b4336babfd26eafce3aae38a1bffb35072,P20_N010_M010_R06_seed120101006.npz
P20_N010_M010_R07_seed120101007,20,10,10,7,120101007,paper_range_complete_draw_rejection,1,0,{},3,8370325ee102d229a7f18bfa4efb3adbe6f01eae1caa7e7ec179dd8c0ba09397,P20_N010_M010_R07_seed120101007.npz
P20_N010_M010_R08_seed120101008,20,10,10,8,120101008,paper_range_complete_draw_rejection,1,0,{},4,9714fee1ee7a665acf3e5dcf0350181173f4cca230c47cc64dbd611ee6bc1eee,P20_N010_M010_R08_seed120101008.npz
P20_N010_M010_R09_seed120101009,20,10,10,9,120101009,paper_range_complete_draw_rejection,1,0,{},8,12da4f434974f32446bcfbd3b02b8387bcc4ddfa03cbdd9ff5c98e75afd2f581,P20_N010_M010_R09_seed120101009.npz
P20_N010_M010_R10_seed120101010,20,10,10,10,120101010,paper_range_complete_draw_rejection,1,0,{},1,3307277e472214c616ab3a1809522ef397553eca73834556b6aa07990eeef948,P20_N010_M010_R10_seed120101010.npz
P20_N010_M020_R01_seed120102001,20,10,20,1,120102001,paper_range_complete_draw_rejection,1,0,{},2,e31bc482571944fce1218609ae7fcbe958247ba27fc103745bab80f7b4dedc66,P20_N010_M020_R01_seed120102001.npz
P20_N010_M020_R02_seed120102002,20,10,20,2,120102002,paper_range_complete_draw_rejection,2,1,"{""constant_preference_probe"": 1, ""no_nonzero_unit_feasible_point"": 1}",3,ac504ded86d6b4b109b856e80a4a833672d94b90f55c51fa6b05768e663d6030,P20_N010_M020_R02_seed120102002.npz
P20_N010_M020_R03_seed120102003,20,10,20,3,120102003,paper_range_complete_draw_rejection,3,2,"{""constant_preference_probe"": 2, ""no_nonzero_unit_feasible_point"": 2}",1,3c933a76b56f064b420c8b79e08d91df8613cd36a8853e6ec9914ff339bd8909,P20_N010_M020_R03_seed120102003.npz
P20_N010_M020_R04_seed120102004,20,10,20,4,120102004,paper_range_complete_draw_rejection,1,0,{},4,b5fbf09953a4101790235a10927a61a0723cea58cbd5df461e3f880f43844db5,P20_N010_M020_R04_seed120102004.npz
P20_N010_M020_R05_seed120102005,20,10,20,5,120102005,paper_range_complete_draw_rejection,1,0,{},2,7e8a493f310b19d80155809260c0f18d126268d806ce1bad09861e248aedb06a,P20_N010_M020_R05_seed120102005.npz
P20_N010_M020_R06_seed120102006,20,10,20,6,120102006,paper_range_complete_draw_rejection,2,1,"{""constant_preference_probe"": 1, ""no_nonzero_unit_feasible_point"": 1}",2,d9d044394e1a3d096c6f7ae950fa01a86683e64cf9c1807a49f4cba7f2074c4a,P20_N010_M020_R06_seed120102006.npz
P20_N010_M020_R07_seed120102007,20,10,20,7,120102007,paper_range_complete_draw_rejection,1,0,{},10,7dbb95400e92405536f06db818181476955e9ebbf8aeb0edee4f913f241f4995,P20_N010_M020_R07_seed120102007.npz
P20_N010_M020_R08_seed120102008,20,10,20,8,120102008,paper_range_complete_draw_rejection,4,3,"{""constant_preference_probe"": 3, ""no_nonzero_unit_feasible_point"": 3}",9,561da83f3f1d8007e024a2fb2c8f2894083b79f39cdc5909ba62cfd5e9e24a83,P20_N010_M020_R08_seed120102008.npz
P20_N010_M020_R09_seed120102009,20,10,20,9,120102009,paper_range_complete_draw_rejection,1,0,{},2,16478dde4e8f29feb8924cda7bc1a89ce6db14785a672d4cdba52b469ab5101a,P20_N010_M020_R09_seed120102009.npz
P20_N010_M020_R10_seed120102010,20,10,20,10,120102010,paper_range_complete_draw_rejection,6,5,"{""constant_preference_probe"": 5, ""no_nonzero_unit_feasible_point"": 5}",4,123ec899d31847a456e11b6b50b221038b1af9f0357847cf03a5ad4898788988,P20_N010_M020_R10_seed120102010.npz
P20_N010_M030_R01_seed120103001,20,10,30,1,120103001,paper_range_complete_draw_rejection,5,4,"{""constant_preference_probe"": 4, ""no_nonzero_unit_feasible_point"": 4}",4,a12699037ec87eb079cd45efd81b1cedff851cf32111d254ce545cc304420857,P20_N010_M030_R01_seed120103001.npz
P20_N010_M030_R02_seed120103002,20,10,30,2,120103002,paper_range_complete_draw_rejection,13,12,"{""constant_preference_probe"": 12, ""no_nonzero_unit_feasible_point"": 12}",1,1b78b469d62407e2cf877ecd12634ef0d28fe4d31591d3bc9b525bd2776f954d,P20_N010_M030_R02_seed120103002.npz
P20_N010_M030_R03_seed120103003,20,10,30,3,120103003,paper_range_complete_draw_rejection,1,0,{},3,3a9fe3f794f27a66cdb97dce037dbc0a3083d75eaa934c9d6d3d5ec8314d828f,P20_N010_M030_R03_seed120103003.npz
P20_N010_M030_R04_seed120103004,20,10,30,4,120103004,paper_range_complete_draw_rejection,3,2,"{""constant_preference_probe"": 2, ""no_nonzero_unit_feasible_point"": 2}",1,a624afb8a1323bbaa7c9d2fd1d322296bf7e19cdfbdaa60d86421d620f5e19f6,P20_N010_M030_R04_seed120103004.npz
P20_N010_M030_R05_seed120103005,20,10,30,5,120103005,paper_range_complete_draw_rejection,4,3,"{""constant_preference_probe"": 3, ""no_nonzero_unit_feasible_point"": 3}",1,cc8b1269970de2ff7a650243e230dc2aeb5237390464c7e49107cbf81fc75b1d,P20_N010_M030_R05_seed120103005.npz
P20_N010_M030_R06_seed120103006,20,10,30,6,120103006,paper_range_complete_draw_rejection,7,6,"{""constant_preference_probe"": 6, ""no_nonzero_unit_feasible_point"": 6}",1,96c6d3608f2c782ab37ae0c695441f577b0704657653b778f7609b6213b51318,P20_N010_M030_R06_seed120103006.npz
P20_N010_M030_R07_seed120103007,20,10,30,7,120103007,paper_range_complete_draw_rejection,6,5,"{""constant_preference_probe"": 5, ""no_nonzero_unit_feasible_point"": 5}",1,90ccad452f91ce04714ad96d41ad39ca7b6158a1320c3e1866363424591d6372,P20_N010_M030_R07_seed120103007.npz
P20_N010_M030_R08_seed120103008,20,10,30,8,120103008,paper_range_complete_draw_rejection,4,3,"{""constant_preference_probe"": 3, ""no_nonzero_unit_feasible_point"": 3}",1,9c256bd0cf5ef7487e49a43fb90c5a006542a49054459bba081bbda832fdc5e7,P20_N010_M030_R08_seed120103008.npz
P20_N010_M030_R09_seed120103009,20,10,30,9,120103009,paper_range_complete_draw_rejection,2,1,"{""constant_preference_probe"": 1, ""no_nonzero_unit_feasible_point"": 1}",1,d0efbb224d858ff41fc2ee8caf4ea61765f86c92165be1178db77704ba9a3e17,P20_N010_M030_R09_seed120103009.npz
P20_N010_M030_R10_seed120103010,20,10,30,10,120103010,paper_range_complete_draw_rejection,8,7,"{""constant_preference_probe"": 7, ""no_nonzero_unit_feasible_point"": 7}",1,86a24aae69811458927d0d792d62668ecb2465441bbdbe81408276fa096a53a3,P20_N010_M030_R10_seed120103010.npz
P20_N010_M050_R01_seed120105001,20,10,50,1,120105001,paper_range_complete_draw_rejection,1,0,{},1,a3b071e138830c5b9be482e272b2ee41c035a221980d729952f2f1fb86013a67,P20_N010_M050_R01_seed120105001.npz
P20_N010_M050_R02_seed120105002,20,10,50,2,120105002,paper_range_complete_draw_rejection,34,33,"{""constant_preference_probe"": 33, ""no_nonzero_unit_feasible_point"": 33}",1,87f86fcb57f9a40daa1265c3eb4215fcc039a17b7eef26f629515bd2d398002b,P20_N010_M050_R02_seed120105002.npz
P20_N010_M050_R03_seed120105003,20,10,50,3,120105003,paper_range_complete_draw_rejection,61,60,"{""constant_preference_probe"": 60, ""no_nonzero_unit_feasible_point"": 60}",1,70eef0b5ebc3207252e1710507ffa6058d45fd1d4491ea369c648e88ab5d233c,P20_N010_M050_R03_seed120105003.npz
P20_N010_M050_R04_seed120105004,20,10,50,4,120105004,paper_range_complete_draw_rejection,21,20,"{""constant_preference_probe"": 20, ""no_nonzero_unit_feasible_point"": 20}",1,986a9ffa5ed690ac75123a3805638cd370d079487bd3d7652d15b9a950f37b45,P20_N010_M050_R04_seed120105004.npz
P20_N010_M050_R05_seed120105005,20,10,50,5,120105005,paper_range_complete_draw_rejection,1,0,{},2,fae084c5e85767da7fa6ae11253e52d66948bd7f5b5b218fe6736345dff33515,P20_N010_M050_R05_seed120105005.npz
P20_N010_M050_R06_seed120105006,20,10,50,6,120105006,paper_range_complete_draw_rejection,22,21,"{""constant_preference_probe"": 21, ""no_nonzero_unit_feasible_point"": 21}",1,92c8ed0548375bb40759bd5a6cb9f21f09fee0d75323bb9018e16393c9dc01df,P20_N010_M050_R06_seed120105006.npz
P20_N010_M050_R07_seed120105007,20,10,50,7,120105007,paper_range_complete_draw_rejection,27,26,"{""constant_preference_probe"": 26, ""no_nonzero_unit_feasible_point"": 26}",4,3b0e498dd12d3b52b0186e08a6b3274dc5aea26ffef62109e0bf34ec195dd3f6,P20_N010_M050_R07_seed120105007.npz
P20_N010_M050_R08_seed120105008,20,10,50,8,120105008,paper_range_complete_draw_rejection,63,62,"{""constant_preference_probe"": 62, ""no_nonzero_unit_feasible_point"": 62}",8,9b91c265312a6731402b5f8c726314fc6fbabbc3f2f3a206006e5b2ff262e2b4,P20_N010_M050_R08_seed120105008.npz
P20_N010_M050_R09_seed120105009,20,10,50,9,120105009,paper_range_complete_draw_rejection,17,16,"{""constant_preference_probe"": 16, ""no_nonzero_unit_feasible_point"": 16}",3,62a1de7fd8362cc58dbc28607f4d9922386190890b668b7f86a22c3851742cdb,P20_N010_M050_R09_seed120105009.npz
P20_N010_M050_R10_seed120105010,20,10,50,10,120105010,paper_range_complete_draw_rejection,3,2,"{""constant_preference_probe"": 2, ""no_nonzero_unit_feasible_point"": 2}",1,709b58e8db2a840692b039df698f198f6f3ff0a739159bc920fa4cb32fc7b25c,P20_N010_M050_R10_seed120105010.npz
P20_N020_M010_R01_seed120201001,20,20,10,1,120201001,paper_range_complete_draw_rejection,1,0,{},1,d96dafbae388c0767671b360847f532ee7414a09f6d681db84ab0b090c2c227e,P20_N020_M010_R01_seed120201001.npz
P20_N020_M010_R02_seed120201002,20,20,10,2,120201002,paper_range_complete_draw_rejection,1,0,{},20,e41764d83b4b5d8a5c4887b2505d318c594e626641b75027c2850c81ec6bb3e5,P20_N020_M010_R02_seed120201002.npz
P20_N020_M010_R03_seed120201003,20,20,10,3,120201003,paper_range_complete_draw_rejection,1,0,{},14,a767d3ce827e7d1c7dbbac00dd34c0fd5a15a4aeca15bcab2f98f338f03f9cfc,P20_N020_M010_R03_seed120201003.npz
P20_N020_M010_R04_seed120201004,20,20,10,4,120201004,paper_range_complete_draw_rejection,1,0,{},14,3ed2f8e9dbcf26dac6b8b0e07d4a1fcd7a64e07f238af238c1871b48c6a868fc,P20_N020_M010_R04_seed120201004.npz
P20_N020_M010_R05_seed120201005,20,20,10,5,120201005,paper_range_complete_draw_rejection,2,1,"{""constant_preference_probe"": 1, ""no_nonzero_unit_feasible_point"": 1}",20,21ccdd90fc7bf52a66c0c82a405da56fe829febcb73db37a33a02a808804b02d,P20_N020_M010_R05_seed120201005.npz
P20_N020_M010_R06_seed120201006,20,20,10,6,120201006,paper_range_complete_draw_rejection,1,0,{},14,dd67f1807799110791333c8227bb00678192097207a55c48f085d633e760e482,P20_N020_M010_R06_seed120201006.npz
P20_N020_M010_R07_seed120201007,20,20,10,7,120201007,paper_range_complete_draw_rejection,1,0,{},1,f051150e103e10fc27c05f21c078d8e2b3aaa130f290b8ec0a371410a03d3ebb,P20_N020_M010_R07_seed120201007.npz
P20_N020_M010_R08_seed120201008,20,20,10,8,120201008,paper_range_complete_draw_rejection,1,0,{},10,10b8dc881552792821cb3923fc3934a5fe03d19e6fab92a6fd3dbe4f6b5e2e08,P20_N020_M010_R08_seed120201008.npz
P20_N020_M010_R09_seed120201009,20,20,10,9,120201009,paper_range_complete_draw_rejection,1,0,{},18,1d4ed67b47da3202c6f14330d66e9528bceb46717135bcb0f3beaf0ab545d427,P20_N020_M010_R09_seed120201009.npz
P20_N020_M010_R10_seed120201010,20,20,10,10,120201010,paper_range_complete_draw_rejection,1,0,{},15,b5c69fec75cc24c36b699ab4e1c35131acc85f867c21f02c9e101972ceff172e,P20_N020_M010_R10_seed120201010.npz
P20_N020_M020_R01_seed120202001,20,20,20,1,120202001,paper_range_complete_draw_rejection,1,0,{},4,4b0fa4bd9ee3c514e0125e4f304d215218682bf072ec41afcd7b64f88a6c0445,P20_N020_M020_R01_seed120202001.npz
P20_N020_M020_R02_seed120202002,20,20,20,2,120202002,paper_range_complete_draw_rejection,4,3,"{""constant_preference_probe"": 3, ""no_nonzero_unit_feasible_point"": 3}",14,31fcf95684e4049b6ad13659257154d5e4b193adc0a2886c2baa5fa1b1f97456,P20_N020_M020_R02_seed120202002.npz
P20_N020_M020_R03_seed120202003,20,20,20,3,120202003,paper_range_complete_draw_rejection,3,2,"{""constant_preference_probe"": 2, ""no_nonzero_unit_feasible_point"": 2}",8,1783ed4be3e2ac86b77ab011f74ac440e20c968741fdee28ea1215ba01c54abb,P20_N020_M020_R03_seed120202003.npz
P20_N020_M020_R04_seed120202004,20,20,20,4,120202004,paper_range_complete_draw_rejection,1,0,{},1,9a69c32417911cb1edd632df26f04072af4e627970ef436e8ffb74b9c720f241,P20_N020_M020_R04_seed120202004.npz
P20_N020_M020_R05_seed120202005,20,20,20,5,120202005,paper_range_complete_draw_rejection,2,1,"{""constant_preference_probe"": 1, ""no_nonzero_unit_feasible_point"": 1}",6,d211085db51bab2c942efe8ff8911ddca2c3004aab7c840922eb352e54e7baef,P20_N020_M020_R05_seed120202005.npz
P20_N020_M020_R06_seed120202006,20,20,20,6,120202006,paper_range_complete_draw_rejection,1,0,{},1,29141c49b8f43506f16d74c37684853edd4109aa5d5ba08265e83ee8ba78a2a5,P20_N020_M020_R06_seed120202006.npz
P20_N020_M020_R07_seed120202007,20,20,20,7,120202007,paper_range_complete_draw_rejection,2,1,"{""constant_preference_probe"": 1, ""no_nonzero_unit_feasible_point"": 1}",2,53edce6d22c48627424b6c72c544f7b46c2a6ea6714ad6043e85f898b93ce389,P20_N020_M020_R07_seed120202007.npz
P20_N020_M020_R08_seed120202008,20,20,20,8,120202008,paper_range_complete_draw_rejection,2,1,"{""constant_preference_probe"": 1, ""no_nonzero_unit_feasible_point"": 1}",1,d9b13a238de946c33944582c2db2ab031e65daa44795b0db9767db873f48f0aa,P20_N020_M020_R08_seed120202008.npz
P20_N020_M020_R09_seed120202009,20,20,20,9,120202009,paper_range_complete_draw_rejection,1,0,{},20,563396a8b0f08a86bbaf2e440cb497c83173bc7474cbf7f967fae7849bc3cfa7,P20_N020_M020_R09_seed120202009.npz
P20_N020_M020_R10_seed120202010,20,20,20,10,120202010,paper_range_complete_draw_rejection,6,5,"{""constant_preference_probe"": 5, ""no_nonzero_unit_feasible_point"": 5}",1,f38ae5fa1ea2d2897fd8c15cc20f347f9f53b9eb59534886116aea692af12a04,P20_N020_M020_R10_seed120202010.npz
P20_N020_M030_R01_seed120203001,20,20,30,1,120203001,paper_range_complete_draw_rejection,1,0,{},4,acc021e6591d9f336b91219d73034e1b83752bb45be7b702c9b93ffd1adc063e,P20_N020_M030_R01_seed120203001.npz
P20_N020_M030_R02_seed120203002,20,20,30,2,120203002,paper_range_complete_draw_rejection,1,0,{},5,e1be03f9118595d03ba72245cffeea06484b8f5099d716f242ea39e4f2f37006,P20_N020_M030_R02_seed120203002.npz
P20_N020_M030_R03_seed120203003,20,20,30,3,120203003,paper_range_complete_draw_rejection,5,4,"{""constant_preference_probe"": 4, ""no_nonzero_unit_feasible_point"": 4}",1,99967fe3d8515f63e620e2b82809ed8c97b0ef5538da8b24f408fb297d8d70f6,P20_N020_M030_R03_seed120203003.npz
P20_N020_M030_R04_seed120203004,20,20,30,4,120203004,paper_range_complete_draw_rejection,5,4,"{""constant_preference_probe"": 4, ""no_nonzero_unit_feasible_point"": 4}",7,6e19e4faef80f091d89261ed4b73f238572c425455deef8f99fd664a451496f3,P20_N020_M030_R04_seed120203004.npz
P20_N020_M030_R05_seed120203005,20,20,30,5,120203005,paper_range_complete_draw_rejection,1,0,{},1,c84bb594756b32acb42ba0a978430ca65f0a600dc078d098f00be5a246cb4f02,P20_N020_M030_R05_seed120203005.npz
P20_N020_M030_R06_seed120203006,20,20,30,6,120203006,paper_range_complete_draw_rejection,1,0,{},1,e85f2497c1c55c90ea3351648d8301988a27d6edfbcad54d6ce8b4268c1bdff5,P20_N020_M030_R06_seed120203006.npz
P20_N020_M030_R07_seed120203007,20,20,30,7,120203007,paper_range_complete_draw_rejection,3,2,"{""constant_preference_probe"": 2, ""no_nonzero_unit_feasible_point"": 2}",1,45b4e5299956ea42dfcb0fa11b652c1e227b4a5f6263390c0991701653d7a0ff,P20_N020_M030_R07_seed120203007.npz
P20_N020_M030_R08_seed120203008,20,20,30,8,120203008,paper_range_complete_draw_rejection,2,1,"{""constant_preference_probe"": 1, ""no_nonzero_unit_feasible_point"": 1}",1,6502dc5a65b588b4d90777812db951dba02e6247df9ecb3b626697be491622f6,P20_N020_M030_R08_seed120203008.npz
P20_N020_M030_R09_seed120203009,20,20,30,9,120203009,paper_range_complete_draw_rejection,2,1,"{""constant_preference_probe"": 1, ""no_nonzero_unit_feasible_point"": 1}",2,cbb3c7a0f65efe616fb6c8ac5432b1d1b87cbc13e466200e9533816f6715162f,P20_N020_M030_R09_seed120203009.npz
P20_N020_M030_R10_seed120203010,20,20,30,10,120203010,paper_range_complete_draw_rejection,9,8,"{""constant_preference_probe"": 8, ""no_nonzero_unit_feasible_point"": 8}",5,54639456f9ce9d712ed7443f409ebb08b669a3ac2ecf4a45e3965ef4aed1d8ef,P20_N020_M030_R10_seed120203010.npz
P20_N020_M050_R01_seed120205001,20,20,50,1,120205001,paper_range_complete_draw_rejection,2,1,"{""constant_preference_probe"": 1, ""no_nonzero_unit_feasible_point"": 1}",1,c9f5323f18b9aa66f03b283c405c59058b267993875fadfb4e40ed42b9404e15,P20_N020_M050_R01_seed120205001.npz
P20_N020_M050_R02_seed120205002,20,20,50,2,120205002,paper_range_complete_draw_rejection,10,9,"{""constant_preference_probe"": 9, ""no_nonzero_unit_feasible_point"": 9}",6,3aa027a915056716bfe842d762c752b6d83af5c91bcdcfef4dbcacbfd19e66f4,P20_N020_M050_R02_seed120205002.npz
P20_N020_M050_R03_seed120205003,20,20,50,3,120205003,paper_range_complete_draw_rejection,12,11,"{""constant_preference_probe"": 11, ""no_nonzero_unit_feasible_point"": 11}",1,50eb5ea692488f7e1e46f988087a21b6042221f283eb23e13df17da965b2e22e,P20_N020_M050_R03_seed120205003.npz
P20_N020_M050_R04_seed120205004,20,20,50,4,120205004,paper_range_complete_draw_rejection,12,11,"{""constant_preference_probe"": 11, ""no_nonzero_unit_feasible_point"": 11}",12,045119bfc738e0c049859b73a02df08d3e646ecc6ded41c0c57a099ffebdb991,P20_N020_M050_R04_seed120205004.npz
P20_N020_M050_R05_seed120205005,20,20,50,5,120205005,paper_range_complete_draw_rejection,42,41,"{""constant_preference_probe"": 41, ""no_nonzero_unit_feasible_point"": 41}",3,11903aeda9ed44622857f7265bfd79038624a6efffeaef2354ee2031b64bb2ab,P20_N020_M050_R05_seed120205005.npz
P20_N020_M050_R06_seed120205006,20,20,50,6,120205006,paper_range_complete_draw_rejection,29,28,"{""constant_preference_probe"": 28, ""no_nonzero_unit_feasible_point"": 28}",5,38876efb6640515192f497c2965679199b9c712fd576829c93ee6bbb616849d9,P20_N020_M050_R06_seed120205006.npz
P20_N020_M050_R07_seed120205007,20,20,50,7,120205007,paper_range_complete_draw_rejection,9,8,"{""constant_preference_probe"": 8, ""no_nonzero_unit_feasible_point"": 8}",1,c16a080e311abd1931f09100736b200734c8ebbf055e889415b0e023fa2ab553,P20_N020_M050_R07_seed120205007.npz
P20_N020_M050_R08_seed120205008,20,20,50,8,120205008,paper_range_complete_draw_rejection,48,47,"{""constant_preference_probe"": 47, ""no_nonzero_unit_feasible_point"": 47}",1,183c12e1cfbc4d27e18e651902f9983fdea39f6f03bf952b772d164b816bef07,P20_N020_M050_R08_seed120205008.npz
P20_N020_M050_R09_seed120205009,20,20,50,9,120205009,paper_range_complete_draw_rejection,13,12,"{""constant_preference_probe"": 12, ""no_nonzero_unit_feasible_point"": 12}",1,d88ec5aa37f84ceb1780193b2f98e1b5fcb832283dfbc2ca704699fae10c3350,P20_N020_M050_R09_seed120205009.npz
P20_N020_M050_R10_seed120205010,20,20,50,10,120205010,paper_range_complete_draw_rejection,56,55,"{""constant_preference_probe"": 55, ""no_nonzero_unit_feasible_point"": 55}",1,cbf39c78c29b03f01707e36b2b0e0aacd51350bfeb74fb0f8b746fed33fa626d,P20_N020_M050_R10_seed120205010.npz
P20_N050_M010_R01_seed120501001,20,50,10,1,120501001,paper_range_complete_draw_rejection,1,0,{},2,a62c59cb9ab479ca200e9f9b4688910e1138453b9db3840cdf9402758793aee2,P20_N050_M010_R01_seed120501001.npz
P20_N050_M010_R02_seed120501002,20,50,10,2,120501002,paper_range_complete_draw_rejection,3,2,"{""constant_preference_probe"": 2, ""no_nonzero_unit_feasible_point"": 2}",37,fc55de6db4033338b221804507e7e21a808c04885dbbeb214ddd8e949872c0e9,P20_N050_M010_R02_seed120501002.npz
P20_N050_M010_R03_seed120501003,20,50,10,3,120501003,paper_range_complete_draw_rejection,1,0,{},4,53a170c4941f6a506a74242d7b0778cdaf4241472300029df747e7bd4347cdcc,P20_N050_M010_R03_seed120501003.npz
P20_N050_M010_R04_seed120501004,20,50,10,4,120501004,paper_range_complete_draw_rejection,2,1,"{""constant_preference_probe"": 1, ""no_nonzero_unit_feasible_point"": 1}",5,980c953313e569da850cd5295e3f9a8e55636c5725896f00072d486ac4118d7a,P20_N050_M010_R04_seed120501004.npz
P20_N050_M010_R05_seed120501005,20,50,10,5,120501005,paper_range_complete_draw_rejection,1,0,{},1,4b6654efcc9d6a56aa122fda52db0ef12405b9548d71402e485543bf4ef1984b,P20_N050_M010_R05_seed120501005.npz
P20_N050_M010_R06_seed120501006,20,50,10,6,120501006,paper_range_complete_draw_rejection,1,0,{},7,82fc0f4ff7f1b87f46cb7b599388c695397747bee50d419a09343d6f59f30082,P20_N050_M010_R06_seed120501006.npz
P20_N050_M010_R07_seed120501007,20,50,10,7,120501007,paper_range_complete_draw_rejection,1,0,{},8,2645bed8ad402f43e53643e87eb45d544c83139eaf91106e65606635310453ef,P20_N050_M010_R07_seed120501007.npz
P20_N050_M010_R08_seed120501008,20,50,10,8,120501008,paper_range_complete_draw_rejection,1,0,{},2,4d4656eeea4882aa9fbb81d3320859a99837d61b3e26e672bc0213711af36a4c,P20_N050_M010_R08_seed120501008.npz
P20_N050_M010_R09_seed120501009,20,50,10,9,120501009,paper_range_complete_draw_rejection,1,0,{},12,cc4adc61a32cdadf1aa47322849543d8f2291edd582a150012e0077638603b4b,P20_N050_M010_R09_seed120501009.npz
P20_N050_M010_R10_seed120501010,20,50,10,10,120501010,paper_range_complete_draw_rejection,1,0,{},50,bb734e5a0f3a430327bc3e19211a7fe281ebbcb8046173476d9aba5a98a64c7a,P20_N050_M010_R10_seed120501010.npz
P20_N050_M020_R01_seed120502001,20,50,20,1,120502001,paper_range_complete_draw_rejection,1,0,{},9,32cf07dac6e4dff8b30863a39142a3ff6b398cdc098a4ea6a1f12dc6bb43051e,P20_N050_M020_R01_seed120502001.npz
P20_N050_M020_R02_seed120502002,20,50,20,2,120502002,paper_range_complete_draw_rejection,1,0,{},2,f2d0f53594f0b80e16c3f484121be24f9cb8ca8828046705115807480d1664f9,P20_N050_M020_R02_seed120502002.npz
P20_N050_M020_R03_seed120502003,20,50,20,3,120502003,paper_range_complete_draw_rejection,4,3,"{""constant_preference_probe"": 3, ""no_nonzero_unit_feasible_point"": 3}",6,1757afeab661f3b5c07bb478592fbb2c303c35114420b5cf48de3f739eb0e9fb,P20_N050_M020_R03_seed120502003.npz
P20_N050_M020_R04_seed120502004,20,50,20,4,120502004,paper_range_complete_draw_rejection,2,1,"{""constant_preference_probe"": 1, ""no_nonzero_unit_feasible_point"": 1}",31,1efcfb741df01f11fb516b6fefaae2125cddbf163e84d7f827a6eeaad8b57af3,P20_N050_M020_R04_seed120502004.npz
P20_N050_M020_R05_seed120502005,20,50,20,5,120502005,paper_range_complete_draw_rejection,2,1,"{""constant_preference_probe"": 1, ""no_nonzero_unit_feasible_point"": 1}",3,089e774a99b52240277737dcd4c5c31bd9fdbf01114d371309f99b87fcce82b0,P20_N050_M020_R05_seed120502005.npz
P20_N050_M020_R06_seed120502006,20,50,20,6,120502006,paper_range_complete_draw_rejection,2,1,"{""constant_preference_probe"": 1, ""no_nonzero_unit_feasible_point"": 1}",1,86299fc901a10e6a16e5535bb1bfec20317f309462f246f8f2042955692cfeef,P20_N050_M020_R06_seed120502006.npz
P20_N050_M020_R07_seed120502007,20,50,20,7,120502007,paper_range_complete_draw_rejection,1,0,{},13,607d1705d322e05bdd02f6e70bb2fa03f9b1b244bad3a90df3494b2692117ecd,P20_N050_M020_R07_seed120502007.npz
P20_N050_M020_R08_seed120502008,20,50,20,8,120502008,paper_range_complete_draw_rejection,2,1,"{""constant_preference_probe"": 1, ""no_nonzero_unit_feasible_point"": 1}",38,91a304166d4038e864c13a9ba9344770b1f0b35fc1ded25b9f6820e95b3a293f,P20_N050_M020_R08_seed120502008.npz
P20_N050_M020_R09_seed120502009,20,50,20,9,120502009,paper_range_complete_draw_rejection,1,0,{},20,a54be9b0d8bd210c0cbad55b0383f9cc80170e1ee1d8e8266642104892d5a84e,P20_N050_M020_R09_seed120502009.npz
P20_N050_M020_R10_seed120502010,20,50,20,10,120502010,paper_range_complete_draw_rejection,1,0,{},14,b45636ad4a00fd009bdccff76344f0e3a97f864f9be0bf3c64efcfebd4146a53,P20_N050_M020_R10_seed120502010.npz
P20_N050_M030_R01_seed120503001,20,50,30,1,120503001,paper_range_complete_draw_rejection,5,4,"{""constant_preference_probe"": 4, ""no_nonzero_unit_feasible_point"": 4}",14,262160d228d6d62e998b35013908ca581d34b263a7404777ac56113a70cf8609,P20_N050_M030_R01_seed120503001.npz
P20_N050_M030_R02_seed120503002,20,50,30,2,120503002,paper_range_complete_draw_rejection,1,0,{},1,9da8cf3067debbe43c6cc5a78b04fcaca65b828b944779efbedb8c55ea9c8dd4,P20_N050_M030_R02_seed120503002.npz
P20_N050_M030_R03_seed120503003,20,50,30,3,120503003,paper_range_complete_draw_rejection,1,0,{},1,9e09818d7921cb24be474fffec2842f9856ae1bd73dd229f9061736a1ea02f28,P20_N050_M030_R03_seed120503003.npz
P20_N050_M030_R04_seed120503004,20,50,30,4,120503004,paper_range_complete_draw_rejection,3,2,"{""constant_preference_probe"": 2, ""no_nonzero_unit_feasible_point"": 2}",2,dc8dfa7ddd5869652b823bba024a20e04558b512d0cb3e77874ea7a422795834,P20_N050_M030_R04_seed120503004.npz
P20_N050_M030_R05_seed120503005,20,50,30,5,120503005,paper_range_complete_draw_rejection,1,0,{},17,1fa337652c3958cb16feb63ff173963f3e0cfa988281ef815b6355d97abf88d3,P20_N050_M030_R05_seed120503005.npz
P20_N050_M030_R06_seed120503006,20,50,30,6,120503006,paper_range_complete_draw_rejection,2,1,"{""constant_preference_probe"": 1, ""no_nonzero_unit_feasible_point"": 1}",23,bc9e37e20fc9d6d2a6efafeb84e86c83e4294eb0127f2f4eb3a62c11b6396c4c,P20_N050_M030_R06_seed120503006.npz
P20_N050_M030_R07_seed120503007,20,50,30,7,120503007,paper_range_complete_draw_rejection,2,1,"{""constant_preference_probe"": 1, ""no_nonzero_unit_feasible_point"": 1}",13,1d439fb13c2665057e38c911f101fcff31f677a8beeb3f378eedc34be41f0f13,P20_N050_M030_R07_seed120503007.npz
P20_N050_M030_R08_seed120503008,20,50,30,8,120503008,paper_range_complete_draw_rejection,2,1,"{""constant_preference_probe"": 1, ""no_nonzero_unit_feasible_point"": 1}",4,5c3fc74250c3a9a88ca1823102a1aa215b5464bad893cd19c1b366ebc89ad1b1,P20_N050_M030_R08_seed120503008.npz
P20_N050_M030_R09_seed120503009,20,50,30,9,120503009,paper_range_complete_draw_rejection,6,5,"{""constant_preference_probe"": 5, ""no_nonzero_unit_feasible_point"": 5}",8,3b0d3dbf811cfb6b0985dbe023df1d5045460ec81481016f907e86fc4c2e762b,P20_N050_M030_R09_seed120503009.npz
P20_N050_M030_R10_seed120503010,20,50,30,10,120503010,paper_range_complete_draw_rejection,3,2,"{""constant_preference_probe"": 2, ""no_nonzero_unit_feasible_point"": 2}",6,02d6cb43867b8e3d59a2809c7be437ed691aa24511a8a2fcc26ecf55453d9521,P20_N050_M030_R10_seed120503010.npz
P20_N050_M050_R01_seed120505001,20,50,50,1,120505001,paper_range_complete_draw_rejection,12,11,"{""constant_preference_probe"": 11, ""no_nonzero_unit_feasible_point"": 11}",1,30f5dbb4678bbbc491e459ec273c433712c76c06207747c04a97d24d0a46b52a,P20_N050_M050_R01_seed120505001.npz
P20_N050_M050_R02_seed120505002,20,50,50,2,120505002,paper_range_complete_draw_rejection,2,1,"{""constant_preference_probe"": 1, ""no_nonzero_unit_feasible_point"": 1}",1,2c64641896fb0b8bc263f23323dbfb7b36984708b2d7371b56c4c7e5dbc60508,P20_N050_M050_R02_seed120505002.npz
P20_N050_M050_R03_seed120505003,20,50,50,3,120505003,paper_range_complete_draw_rejection,12,11,"{""constant_preference_probe"": 11, ""no_nonzero_unit_feasible_point"": 11}",3,970c72a521d5d43545488a6caba23cf015c8bfda49a606ed88e096fa407e95e8,P20_N050_M050_R03_seed120505003.npz
P20_N050_M050_R04_seed120505004,20,50,50,4,120505004,paper_range_complete_draw_rejection,6,5,"{""constant_preference_probe"": 5, ""no_nonzero_unit_feasible_point"": 5}",2,0e413cbcd14c86aab9a43282024d9f629aadadc6afb63b03a442cbf9757b9987,P20_N050_M050_R04_seed120505004.npz
P20_N050_M050_R05_seed120505005,20,50,50,5,120505005,paper_range_complete_draw_rejection,2,1,"{""constant_preference_probe"": 1, ""no_nonzero_unit_feasible_point"": 1}",2,cd6c5b34eafab87b66298f2bbabc82c33fc503b31fece4dae7110f1e75db4dea,P20_N050_M050_R05_seed120505005.npz
P20_N050_M050_R06_seed120505006,20,50,50,6,120505006,paper_range_complete_draw_rejection,5,4,"{""constant_preference_probe"": 4, ""no_nonzero_unit_feasible_point"": 4}",9,288b3f688234b5e12967344622636aab54ecbbe142239c5e0733e26e514aa6f2,P20_N050_M050_R06_seed120505006.npz
P20_N050_M050_R07_seed120505007,20,50,50,7,120505007,paper_range_complete_draw_rejection,9,8,"{""constant_preference_probe"": 8, ""no_nonzero_unit_feasible_point"": 8}",1,031223e76442f2b014b1858c5056174f2e65f1b238bee191b18547b7cbb02c2f,P20_N050_M050_R07_seed120505007.npz
P20_N050_M050_R08_seed120505008,20,50,50,8,120505008,paper_range_complete_draw_rejection,19,18,"{""constant_preference_probe"": 18, ""no_nonzero_unit_feasible_point"": 18}",1,1e8055dba250a60427b2e6c906d915c2b8873174b2ff51d7d6e2421143419599,P20_N050_M050_R08_seed120505008.npz
P20_N050_M050_R09_seed120505009,20,50,50,9,120505009,paper_range_complete_draw_rejection,17,16,"{""constant_preference_probe"": 16, ""no_nonzero_unit_feasible_point"": 16}",2,82916360ef8106a0d4cdab7ca483223d6f99e7cc40e30bb9be812c05e89b7850,P20_N050_M050_R09_seed120505009.npz
P20_N050_M050_R10_seed120505010,20,50,50,10,120505010,paper_range_complete_draw_rejection,21,20,"{""constant_preference_probe"": 20, ""no_nonzero_unit_feasible_point"": 20}",1,3e6fc14f6a0f7002a0ee0e8873cffd9a01cbd1cfbbb24d4af4a4ec3181f18ba6,P20_N050_M050_R10_seed120505010.npz
P50_N010_M010_R01_seed150101001,50,10,10,1,150101001,paper_range_complete_draw_rejection,1,0,{},2,3c2bfd4cfcf6e6d3e3a24b56cfc17b90adeb71bb67e97d1f190de9d3a3db3db0,P50_N010_M010_R01_seed150101001.npz
P50_N010_M010_R02_seed150101002,50,10,10,2,150101002,paper_range_complete_draw_rejection,1,0,{},2,10ae80ff6dfe38426ec391f355a8cd5531d6613a1d1a3bf515553ed8f3954931,P50_N010_M010_R02_seed150101002.npz
P50_N010_M010_R03_seed150101003,50,10,10,3,150101003,paper_range_complete_draw_rejection,2,1,"{""constant_preference_probe"": 1, ""no_nonzero_unit_feasible_point"": 1}",1,2011d98590e345d18b7e850b7ca6d29ecda5e2b667f21db656d32a72a132cc84,P50_N010_M010_R03_seed150101003.npz
P50_N010_M010_R04_seed150101004,50,10,10,4,150101004,paper_range_complete_draw_rejection,1,0,{},2,a36d2e20140a174d4a8e0c25bc2516b53fb0a7e9894dd13364edecadb7d0a872,P50_N010_M010_R04_seed150101004.npz
P50_N010_M010_R05_seed150101005,50,10,10,5,150101005,paper_range_complete_draw_rejection,1,0,{},10,e0be1ff3936164d52ee8938fdf601e36fae47fd110a85cfa5d8c9d162b0bfff0,P50_N010_M010_R05_seed150101005.npz
P50_N010_M010_R06_seed150101006,50,10,10,6,150101006,paper_range_complete_draw_rejection,1,0,{},10,b9b67d3e308ba1c7acc8fa4cad649ab7295c45a53a84285954eecf73139f5745,P50_N010_M010_R06_seed150101006.npz
P50_N010_M010_R07_seed150101007,50,10,10,7,150101007,paper_range_complete_draw_rejection,2,1,"{""constant_preference_probe"": 1, ""no_nonzero_unit_feasible_point"": 1}",4,41c80191c502383b2b3ab6c857c4480c389be9c01fc2a3273c37fc72ba4c30f9,P50_N010_M010_R07_seed150101007.npz
P50_N010_M010_R08_seed150101008,50,10,10,8,150101008,paper_range_complete_draw_rejection,1,0,{},1,74ca8f9754c9c5aa55a738a492972fd0b25e2c02a7ee702a6ed7c4a3c0e222d3,P50_N010_M010_R08_seed150101008.npz
P50_N010_M010_R09_seed150101009,50,10,10,9,150101009,paper_range_complete_draw_rejection,1,0,{},9,fa8a0408ddf86066345fdc321fe6d6674fc9639befeb34cff1ab7dc64537e85b,P50_N010_M010_R09_seed150101009.npz
P50_N010_M010_R10_seed150101010,50,10,10,10,150101010,paper_range_complete_draw_rejection,2,1,"{""constant_preference_probe"": 1, ""no_nonzero_unit_feasible_point"": 1}",3,0fd3c088714c15b647d1436f7da97263d94518f2b643f93f7e229d1ff1ae494f,P50_N010_M010_R10_seed150101010.npz
P50_N010_M020_R01_seed150102001,50,10,20,1,150102001,paper_range_complete_draw_rejection,2,1,"{""constant_preference_probe"": 1, ""no_nonzero_unit_feasible_point"": 1}",1,35f6c762452c8f189a1674a7b24820a92a9c057c9d0d33ea86555d9ad74c0a80,P50_N010_M020_R01_seed150102001.npz
P50_N010_M020_R02_seed150102002,50,10,20,2,150102002,paper_range_complete_draw_rejection,1,0,{},2,08ff200f546009d53046ca99160b2d0bdb38d2a20093c1fdac079506f20d2341,P50_N010_M020_R02_seed150102002.npz
P50_N010_M020_R03_seed150102003,50,10,20,3,150102003,paper_range_complete_draw_rejection,6,5,"{""constant_preference_probe"": 5, ""no_nonzero_unit_feasible_point"": 5}",2,924678f31625c9b6f88603198d3eb1e107bf1865b92385c149e506de21f8de76,P50_N010_M020_R03_seed150102003.npz
P50_N010_M020_R04_seed150102004,50,10,20,4,150102004,paper_range_complete_draw_rejection,2,1,"{""constant_preference_probe"": 1, ""no_nonzero_unit_feasible_point"": 1}",7,211c38b9dcae682e497bd7444ffa059375f54969227230420352c8e7d67fb629,P50_N010_M020_R04_seed150102004.npz
P50_N010_M020_R05_seed150102005,50,10,20,5,150102005,paper_range_complete_draw_rejection,1,0,{},3,27227b6ca7470e459997b9ba7c30d8345a6b7e89bb314eb10b59f2b3362fb937,P50_N010_M020_R05_seed150102005.npz
P50_N010_M020_R06_seed150102006,50,10,20,6,150102006,paper_range_complete_draw_rejection,5,4,"{""constant_preference_probe"": 4, ""no_nonzero_unit_feasible_point"": 4}",1,b6df777bd80dbc189a42eb6d73aec8de3e7b5e4a659ae1b016f309a36f56d2df,P50_N010_M020_R06_seed150102006.npz
P50_N010_M020_R07_seed150102007,50,10,20,7,150102007,paper_range_complete_draw_rejection,6,5,"{""constant_preference_probe"": 5, ""no_nonzero_unit_feasible_point"": 5}",10,3b425d826e050f6c4dd7fab2bf90ac878993dfac9349ca1773382db7ac3b0bd0,P50_N010_M020_R07_seed150102007.npz
P50_N010_M020_R08_seed150102008,50,10,20,8,150102008,paper_range_complete_draw_rejection,3,2,"{""constant_preference_probe"": 2, ""no_nonzero_unit_feasible_point"": 2}",2,58b632e654683d842fbb84827b16b41d6f1ba3022ecaa64b1583f99ef3b920a8,P50_N010_M020_R08_seed150102008.npz
P50_N010_M020_R09_seed150102009,50,10,20,9,150102009,paper_range_complete_draw_rejection,2,1,"{""constant_preference_probe"": 1, ""no_nonzero_unit_feasible_point"": 1}",2,b82b210a81afd7b828701cbcdcc3645863e5a2f89a743703afea3be84a5ce3ec,P50_N010_M020_R09_seed150102009.npz
P50_N010_M020_R10_seed150102010,50,10,20,10,150102010,paper_range_complete_draw_rejection,5,4,"{""constant_preference_probe"": 4, ""no_nonzero_unit_feasible_point"": 4}",2,8bc3fdc042a56dcacc10033c24e3d3e2e9b8316de4cc6104aab9674397082cb8,P50_N010_M020_R10_seed150102010.npz
P50_N010_M030_R01_seed150103001,50,10,30,1,150103001,paper_range_complete_draw_rejection,6,5,"{""constant_preference_probe"": 5, ""no_nonzero_unit_feasible_point"": 5}",2,324fe38bb86ff6778c10a2e79ec04c2b764006c41b56db284b083b9ad638dde3,P50_N010_M030_R01_seed150103001.npz
P50_N010_M030_R02_seed150103002,50,10,30,2,150103002,paper_range_complete_draw_rejection,14,13,"{""constant_preference_probe"": 13, ""no_nonzero_unit_feasible_point"": 13}",1,ac8cadbe67b887e956ffb6ce12a2dc4bfb5262c3d0e4743a65444764b02611bd,P50_N010_M030_R02_seed150103002.npz
P50_N010_M030_R03_seed150103003,50,10,30,3,150103003,paper_range_complete_draw_rejection,2,1,"{""constant_preference_probe"": 1, ""no_nonzero_unit_feasible_point"": 1}",1,eb0de65c4dc3cc369373b49618fe0b60d31b15e2c8482984a4817e692e6ec8d8,P50_N010_M030_R03_seed150103003.npz
P50_N010_M030_R04_seed150103004,50,10,30,4,150103004,paper_range_complete_draw_rejection,16,15,"{""constant_preference_probe"": 15, ""no_nonzero_unit_feasible_point"": 15}",4,9ecb64043e818613fcda4b370a214b17f701dad4a6f4133afaf871fa15ed7651,P50_N010_M030_R04_seed150103004.npz
P50_N010_M030_R05_seed150103005,50,10,30,5,150103005,paper_range_complete_draw_rejection,2,1,"{""constant_preference_probe"": 1, ""no_nonzero_unit_feasible_point"": 1}",3,59b569b4c513ed9fd0b37fc2f91f81708dc0e2aab66386c9ea81ed9190f80b47,P50_N010_M030_R05_seed150103005.npz
P50_N010_M030_R06_seed150103006,50,10,30,6,150103006,paper_range_complete_draw_rejection,2,1,"{""constant_preference_probe"": 1, ""no_nonzero_unit_feasible_point"": 1}",1,9c34c634249856014f3dba7c006de9c5a75864608cbb7e9d5cfea31881a1d661,P50_N010_M030_R06_seed150103006.npz
P50_N010_M030_R07_seed150103007,50,10,30,7,150103007,paper_range_complete_draw_rejection,9,8,"{""constant_preference_probe"": 8, ""no_nonzero_unit_feasible_point"": 8}",6,8cac240e426927c6c54b80627bacc426ab13bd1c865699232a6eee4c08eb2d40,P50_N010_M030_R07_seed150103007.npz
P50_N010_M030_R08_seed150103008,50,10,30,8,150103008,paper_range_complete_draw_rejection,8,7,"{""constant_preference_probe"": 7, ""no_nonzero_unit_feasible_point"": 7}",1,b2c24fb4caf91adcb48ae135371c560eb6aac35a437e7659f009f046f7230fcb,P50_N010_M030_R08_seed150103008.npz
P50_N010_M030_R09_seed150103009,50,10,30,9,150103009,paper_range_complete_draw_rejection,1,0,{},1,b218551fdc636a94f156fcb5876d524f4052532550f17e433ceb04e1f7be8430,P50_N010_M030_R09_seed150103009.npz
P50_N010_M030_R10_seed150103010,50,10,30,10,150103010,paper_range_complete_draw_rejection,8,7,"{""constant_preference_probe"": 7, ""no_nonzero_unit_feasible_point"": 7}",1,cc4f352b06aacdfdc335ce95d680912c78ded043a862dfdcba3ef470bbc94588,P50_N010_M030_R10_seed150103010.npz
P50_N010_M050_R01_seed150105001,50,10,50,1,150105001,paper_range_complete_draw_rejection,2,1,"{""constant_preference_probe"": 1, ""no_nonzero_unit_feasible_point"": 1}",1,c7396f33e7a09a6975fcc069b947f5ec17258d0f40d6924fd4f292482ddf8bd1,P50_N010_M050_R01_seed150105001.npz
P50_N010_M050_R02_seed150105002,50,10,50,2,150105002,paper_range_complete_draw_rejection,2,1,"{""constant_preference_probe"": 1, ""no_nonzero_unit_feasible_point"": 1}",2,4de7e7e374d8743a5d97d28d1fed4ee99c8de100c6cc950e75e6429028289977,P50_N010_M050_R02_seed150105002.npz
P50_N010_M050_R03_seed150105003,50,10,50,3,150105003,paper_range_complete_draw_rejection,1,0,{},1,e53667854194fd836880b458a119069b78f0f43367fbb716fafcb04e31684548,P50_N010_M050_R03_seed150105003.npz
P50_N010_M050_R04_seed150105004,50,10,50,4,150105004,paper_range_complete_draw_rejection,19,18,"{""constant_preference_probe"": 18, ""no_nonzero_unit_feasible_point"": 18}",1,5370de4318e9fe9ddd8a4a31734a22307107924ad24b550763564d2ffad50467,P50_N010_M050_R04_seed150105004.npz
P50_N010_M050_R05_seed150105005,50,10,50,5,150105005,paper_range_complete_draw_rejection,39,38,"{""constant_preference_probe"": 38, ""no_nonzero_unit_feasible_point"": 38}",2,62882c4aa2844adc97b58fb66eeadc2380839b49e68dbaacbad17ec9a42d6147,P50_N010_M050_R05_seed150105005.npz
P50_N010_M050_R06_seed150105006,50,10,50,6,150105006,paper_range_complete_draw_rejection,15,14,"{""constant_preference_probe"": 14, ""no_nonzero_unit_feasible_point"": 14}",1,4d5d30fd9e3442147aebf59c94496371a4b5491b8fdb634a090588474b3df910,P50_N010_M050_R06_seed150105006.npz
P50_N010_M050_R07_seed150105007,50,10,50,7,150105007,paper_range_complete_draw_rejection,6,5,"{""constant_preference_probe"": 5, ""no_nonzero_unit_feasible_point"": 5}",2,817287e0d60eb1fe076e110d6f63480d8f7b2aa62f523140b29cb2e0e7a7653e,P50_N010_M050_R07_seed150105007.npz
P50_N010_M050_R08_seed150105008,50,10,50,8,150105008,paper_range_complete_draw_rejection,45,44,"{""constant_preference_probe"": 44, ""no_nonzero_unit_feasible_point"": 44}",2,f654e437fbec91bd4acd75880ea9995da06fb1f3e2bd87bcdb2a4f02679f2c2e,P50_N010_M050_R08_seed150105008.npz
P50_N010_M050_R09_seed150105009,50,10,50,9,150105009,paper_range_complete_draw_rejection,38,37,"{""constant_preference_probe"": 37, ""no_nonzero_unit_feasible_point"": 37}",2,8a8724a885b2d394f1cb737e2d7c68e908f9d83da4df637d004f46e6e693c187,P50_N010_M050_R09_seed150105009.npz
P50_N010_M050_R10_seed150105010,50,10,50,10,150105010,paper_range_complete_draw_rejection,5,4,"{""constant_preference_probe"": 4, ""no_nonzero_unit_feasible_point"": 4}",1,b673834f1dd5d507f71580aab57c7cb1fd57d3dc5540c844106ba53fea410e35,P50_N010_M050_R10_seed150105010.npz
P50_N020_M010_R01_seed150201001,50,20,10,1,150201001,paper_range_complete_draw_rejection,1,0,{},1,9258e0f5b3ea3a90c758598288b1cd5752a7dc76672bdd93a8ecd4366570e15d,P50_N020_M010_R01_seed150201001.npz
P50_N020_M010_R02_seed150201002,50,20,10,2,150201002,paper_range_complete_draw_rejection,1,0,{},18,8362a10455fdf04b6e408d1ae4cf8d9169a56b665d5828fa24836aaa0cc77420,P50_N020_M010_R02_seed150201002.npz
P50_N020_M010_R03_seed150201003,50,20,10,3,150201003,paper_range_complete_draw_rejection,1,0,{},8,d9ed16d3a4c069a3ce3dbe83b0705eb4ab7c568d3daab54f8d94b30abfe209c4,P50_N020_M010_R03_seed150201003.npz
P50_N020_M010_R04_seed150201004,50,20,10,4,150201004,paper_range_complete_draw_rejection,2,1,"{""constant_preference_probe"": 1, ""no_nonzero_unit_feasible_point"": 1}",20,fe748256a6b8ff51c88226aa368682e87ad2ca45b22d6ea5b948d523a7a9dd57,P50_N020_M010_R04_seed150201004.npz
P50_N020_M010_R05_seed150201005,50,20,10,5,150201005,paper_range_complete_draw_rejection,1,0,{},1,410b40ce283ad2c08d2efeb426330226b083302385d9fdcf5efc4eea876a2178,P50_N020_M010_R05_seed150201005.npz
P50_N020_M010_R06_seed150201006,50,20,10,6,150201006,paper_range_complete_draw_rejection,1,0,{},1,c6b560a2691e1c64a2985a2f67dfe564a3de3fe71a7e01dec3b324ff084deab3,P50_N020_M010_R06_seed150201006.npz
P50_N020_M010_R07_seed150201007,50,20,10,7,150201007,paper_range_complete_draw_rejection,1,0,{},12,1490fe08de35c25739c09daf9f1f8c9363ba012c31404c015ef36a452c24b30b,P50_N020_M010_R07_seed150201007.npz
P50_N020_M010_R08_seed150201008,50,20,10,8,150201008,paper_range_complete_draw_rejection,1,0,{},20,b9b623e69efb5600d4bf68aa26f99d9c9dd510ddf051af2bab414beb1ca1cdc9,P50_N020_M010_R08_seed150201008.npz
P50_N020_M010_R09_seed150201009,50,20,10,9,150201009,paper_range_complete_draw_rejection,1,0,{},16,cdd3890b510c4cfacccc587b07495edbe61a77dd0b441f3bb64a82d17a9b24b5,P50_N020_M010_R09_seed150201009.npz
P50_N020_M010_R10_seed150201010,50,20,10,10,150201010,paper_range_complete_draw_rejection,2,1,"{""constant_preference_probe"": 1, ""no_nonzero_unit_feasible_point"": 1}",14,14a20e6a085362b07c0dfae9ed6d1cdd11333e5600fd541bd704216036e54d44,P50_N020_M010_R10_seed150201010.npz
P50_N020_M020_R01_seed150202001,50,20,20,1,150202001,paper_range_complete_draw_rejection,1,0,{},4,9dc47335ceb39d6e8fdea17d44e5188e5e9ff957d7f74a47b34f1b0d60720d7f,P50_N020_M020_R01_seed150202001.npz
P50_N020_M020_R02_seed150202002,50,20,20,2,150202002,paper_range_complete_draw_rejection,3,2,"{""constant_preference_probe"": 2, ""no_nonzero_unit_feasible_point"": 2}",2,d21a905d9f2613f1e34696371aa9f35c253a8d3f40e681902b6dca14e79def92,P50_N020_M020_R02_seed150202002.npz
P50_N020_M020_R03_seed150202003,50,20,20,3,150202003,paper_range_complete_draw_rejection,1,0,{},9,382c5561dc1ac287ccbd80359b1121b3fa82b55751247bf91c9481625059cb78,P50_N020_M020_R03_seed150202003.npz
P50_N020_M020_R04_seed150202004,50,20,20,4,150202004,paper_range_complete_draw_rejection,1,0,{},2,45cb2f9737af415f66b2d9fe1d078db53a7c0a36b20d59b42c428adc014af391,P50_N020_M020_R04_seed150202004.npz
P50_N020_M020_R05_seed150202005,50,20,20,5,150202005,paper_range_complete_draw_rejection,1,0,{},1,b7dcf23eda6cbc7d618c6f1a3b514d880b5618102e1fa16c6b60894c8ee111a2,P50_N020_M020_R05_seed150202005.npz
P50_N020_M020_R06_seed150202006,50,20,20,6,150202006,paper_range_complete_draw_rejection,1,0,{},2,537ea23feb9192eb97ac47625b77c20ecc8d3e1a9b26ea2148be057031a40cee,P50_N020_M020_R06_seed150202006.npz
P50_N020_M020_R07_seed150202007,50,20,20,7,150202007,paper_range_complete_draw_rejection,1,0,{},7,2a102f10a3ae655aceaa63783913f83d1fc536b0a85ae27fe34f3a07dfa6774a,P50_N020_M020_R07_seed150202007.npz
P50_N020_M020_R08_seed150202008,50,20,20,8,150202008,paper_range_complete_draw_rejection,1,0,{},7,1889e2cd5a1e2a5c52ff406a5dabf85806c636474aff3151216c2f7e098e125d,P50_N020_M020_R08_seed150202008.npz
P50_N020_M020_R09_seed150202009,50,20,20,9,150202009,paper_range_complete_draw_rejection,1,0,{},7,76e963b25f2e38a50a17b7f84e7a83564424fe4f8f410d988133b65e61d246af,P50_N020_M020_R09_seed150202009.npz
P50_N020_M020_R10_seed150202010,50,20,20,10,150202010,paper_range_complete_draw_rejection,3,2,"{""constant_preference_probe"": 2, ""no_nonzero_unit_feasible_point"": 2}",8,6c202852a8d63cb6667227810ca44d695936fab311d3dc6c0b8f4571a2dc644b,P50_N020_M020_R10_seed150202010.npz
P50_N020_M030_R01_seed150203001,50,20,30,1,150203001,paper_range_complete_draw_rejection,7,6,"{""constant_preference_probe"": 6, ""no_nonzero_unit_feasible_point"": 6}",3,8bc04ed6ece4b4b0c4904cdf36ad12e9899022c38d9512ad7ed6bd1635e09ae7,P50_N020_M030_R01_seed150203001.npz
P50_N020_M030_R02_seed150203002,50,20,30,2,150203002,paper_range_complete_draw_rejection,1,0,{},5,19c8562b6a5f51ae1968384eb28b1bf5ec32ac9471476c8b056299ab09383616,P50_N020_M030_R02_seed150203002.npz
P50_N020_M030_R03_seed150203003,50,20,30,3,150203003,paper_range_complete_draw_rejection,3,2,"{""constant_preference_probe"": 2, ""no_nonzero_unit_feasible_point"": 2}",14,55bdd0f6ed1faac04bf69e80b69a4348a7b8cdd57fb3dcc17005435c09b633a5,P50_N020_M030_R03_seed150203003.npz
P50_N020_M030_R04_seed150203004,50,20,30,4,150203004,paper_range_complete_draw_rejection,2,1,"{""constant_preference_probe"": 1, ""no_nonzero_unit_feasible_point"": 1}",4,99063500e5bea2bbb37f4a88bbcbb456ae395c0ec46f1917e2b74cb89cf69602,P50_N020_M030_R04_seed150203004.npz
P50_N020_M030_R05_seed150203005,50,20,30,5,150203005,paper_range_complete_draw_rejection,10,9,"{""constant_preference_probe"": 9, ""no_nonzero_unit_feasible_point"": 9}",9,cbdd3abbd67593d6af9363e81d6fc13ce77fc04c2159f8311d7dc47719433b1b,P50_N020_M030_R05_seed150203005.npz
P50_N020_M030_R06_seed150203006,50,20,30,6,150203006,paper_range_complete_draw_rejection,5,4,"{""constant_preference_probe"": 4, ""no_nonzero_unit_feasible_point"": 4}",1,581b518c04a676e38aea92b24e3382ad7863faf803ad3bee42fadbe70d559845,P50_N020_M030_R06_seed150203006.npz
P50_N020_M030_R07_seed150203007,50,20,30,7,150203007,paper_range_complete_draw_rejection,1,0,{},10,d522d6f71aa6cac0ab8401fe5199db4bb5a141a8ee01d32a1e1f3cbd747dbe87,P50_N020_M030_R07_seed150203007.npz
P50_N020_M030_R08_seed150203008,50,20,30,8,150203008,paper_range_complete_draw_rejection,7,6,"{""constant_preference_probe"": 6, ""no_nonzero_unit_feasible_point"": 6}",7,259efba33ae1a9dde8f209fa908971120b7c14ab224b2326ab65d50602e70628,P50_N020_M030_R08_seed150203008.npz
P50_N020_M030_R09_seed150203009,50,20,30,9,150203009,paper_range_complete_draw_rejection,1,0,{},8,c164d617eb271ab61a187303d0c6d8e825b8d2c7e1e192dcc92f79e3a71a6689,P50_N020_M030_R09_seed150203009.npz
P50_N020_M030_R10_seed150203010,50,20,30,10,150203010,paper_range_complete_draw_rejection,4,3,"{""constant_preference_probe"": 3, ""no_nonzero_unit_feasible_point"": 3}",14,993062ed0ef07a45cd6cc2d188eada973d3d118be6b0e047d5aa51b52bbc206f,P50_N020_M030_R10_seed150203010.npz
P50_N020_M050_R01_seed150205001,50,20,50,1,150205001,paper_range_complete_draw_rejection,11,10,"{""constant_preference_probe"": 10, ""no_nonzero_unit_feasible_point"": 10}",2,f1afdc14190e93398ccf19e7db4121e903a4d4685fdd1d826b350ef88740822d,P50_N020_M050_R01_seed150205001.npz
P50_N020_M050_R02_seed150205002,50,20,50,2,150205002,paper_range_complete_draw_rejection,2,1,"{""constant_preference_probe"": 1, ""no_nonzero_unit_feasible_point"": 1}",1,8f2c1c37e3641c69254fad872cd7ccbef5fb110560ac9b0dbad348a9519462db,P50_N020_M050_R02_seed150205002.npz
P50_N020_M050_R03_seed150205003,50,20,50,3,150205003,paper_range_complete_draw_rejection,1,0,{},1,6a9c92f54ac2772b701bbda19f89c1bb38e6b0e85645b2f060bef9694bacad63,P50_N020_M050_R03_seed150205003.npz
P50_N020_M050_R04_seed150205004,50,20,50,4,150205004,paper_range_complete_draw_rejection,4,3,"{""constant_preference_probe"": 3, ""no_nonzero_unit_feasible_point"": 3}",2,4e5530c7f99057c26ae8e98e1fbd72aaa2edb661fd8d77c1fb9af7fd2ed720f2,P50_N020_M050_R04_seed150205004.npz
P50_N020_M050_R05_seed150205005,50,20,50,5,150205005,paper_range_complete_draw_rejection,17,16,"{""constant_preference_probe"": 16, ""no_nonzero_unit_feasible_point"": 16}",1,db8c569325d675d3a3732f6481bcd52f0066275e955db2ab310de7db8cd0563c,P50_N020_M050_R05_seed150205005.npz
P50_N020_M050_R06_seed150205006,50,20,50,6,150205006,paper_range_complete_draw_rejection,1,0,{},1,43fbf141051d9667d9d0abfd0bb279fba96039193f198952ce57063df7b6d293,P50_N020_M050_R06_seed150205006.npz
P50_N020_M050_R07_seed150205007,50,20,50,7,150205007,paper_range_complete_draw_rejection,3,2,"{""constant_preference_probe"": 2, ""no_nonzero_unit_feasible_point"": 2}",1,590e3f41d0e9d41ad1ea21f5dbf41663d95426249300cf5da300903476060cf2,P50_N020_M050_R07_seed150205007.npz
P50_N020_M050_R08_seed150205008,50,20,50,8,150205008,paper_range_complete_draw_rejection,18,17,"{""constant_preference_probe"": 17, ""no_nonzero_unit_feasible_point"": 17}",1,7b5d29e7fb8d36bffba0b08ef0cfb0837d6107ae93c5f5d9a9d1a0edc3f8d281,P50_N020_M050_R08_seed150205008.npz
P50_N020_M050_R09_seed150205009,50,20,50,9,150205009,paper_range_complete_draw_rejection,11,10,"{""constant_preference_probe"": 10, ""no_nonzero_unit_feasible_point"": 10}",2,e75301e99c4482e25e6a4e16213aacc208c2ad661f7f552842bb278bf5fed0a8,P50_N020_M050_R09_seed150205009.npz
P50_N020_M050_R10_seed150205010,50,20,50,10,150205010,paper_range_complete_draw_rejection,3,2,"{""constant_preference_probe"": 2, ""no_nonzero_unit_feasible_point"": 2}",1,9708e031c2658d7c953874b3a0227debd72b7904520eac5cc8009cb1125e056c,P50_N020_M050_R10_seed150205010.npz
P50_N050_M010_R01_seed150501001,50,50,10,1,150501001,paper_range_complete_draw_rejection,1,0,{},32,52396714da62685bce87a1a1bd6c6d1aa2d419f61edce3162bb8c1e0db9e1c01,P50_N050_M010_R01_seed150501001.npz
P50_N050_M010_R02_seed150501002,50,50,10,2,150501002,paper_range_complete_draw_rejection,1,0,{},19,6856e46da3b365527fdbc88ae08dbddffa669ff42ff1832d5f174ee721c4155b,P50_N050_M010_R02_seed150501002.npz
P50_N050_M010_R03_seed150501003,50,50,10,3,150501003,paper_range_complete_draw_rejection,1,0,{},1,6ff8f1ff0b17ac872caada272ce9ee22fd92f976449ef53335c9566cf405c0ff,P50_N050_M010_R03_seed150501003.npz
P50_N050_M010_R04_seed150501004,50,50,10,4,150501004,paper_range_complete_draw_rejection,1,0,{},1,4d31ef8b3f1ee3615ed6cb7669a43ed169b5e6153fba8d320a41b988117cb48d,P50_N050_M010_R04_seed150501004.npz
P50_N050_M010_R05_seed150501005,50,50,10,5,150501005,paper_range_complete_draw_rejection,1,0,{},43,ddc0921e0695c825ec19cf04a4eaa0685ae46aeb463417a75bd1e0866dd282da,P50_N050_M010_R05_seed150501005.npz
P50_N050_M010_R06_seed150501006,50,50,10,6,150501006,paper_range_complete_draw_rejection,1,0,{},4,ecf4eff4c0a6c64cf077ab7ce9536493e2ba05fd1dff5c70c91d12e35e228e81,P50_N050_M010_R06_seed150501006.npz
P50_N050_M010_R07_seed150501007,50,50,10,7,150501007,paper_range_complete_draw_rejection,1,0,{},27,6331dada91608153c908651e71cf866357cd24d01f82013893594a3be3160ab0,P50_N050_M010_R07_seed150501007.npz
P50_N050_M010_R08_seed150501008,50,50,10,8,150501008,paper_range_complete_draw_rejection,1,0,{},50,fcaaed5d867c90ce08018e562998ab03d41f3f0dade96c53b4db29a3592a9e26,P50_N050_M010_R08_seed150501008.npz
P50_N050_M010_R09_seed150501009,50,50,10,9,150501009,paper_range_complete_draw_rejection,1,0,{},4,8ca959b300a3ad5e07f3202b158ac8c2c685e55154a0dbc3098c1c7de6e6dfcc,P50_N050_M010_R09_seed150501009.npz
P50_N050_M010_R10_seed150501010,50,50,10,10,150501010,paper_range_complete_draw_rejection,1,0,{},2,a4a00b6c8cab6e7c6260bc45e7af88e97a8ab03e948ca7f30c5b80c8542a02c8,P50_N050_M010_R10_seed150501010.npz
P50_N050_M020_R01_seed150502001,50,50,20,1,150502001,paper_range_complete_draw_rejection,1,0,{},31,5bc77e96f64b5d933faf2ac8728f6baaba494c3602caaca99ab02189d723edea,P50_N050_M020_R01_seed150502001.npz
P50_N050_M020_R02_seed150502002,50,50,20,2,150502002,paper_range_complete_draw_rejection,2,1,"{""constant_preference_probe"": 1, ""no_nonzero_unit_feasible_point"": 1}",13,8b95f2ee0cde6954fc529e4829f2b1f529c1df956e347dfb09c4b46249dbcfe8,P50_N050_M020_R02_seed150502002.npz
P50_N050_M020_R03_seed150502003,50,50,20,3,150502003,paper_range_complete_draw_rejection,1,0,{},2,80bbf4db97afb3df467190c653067fc9cf2d05991010d563df0e1826c28cf3e8,P50_N050_M020_R03_seed150502003.npz
P50_N050_M020_R04_seed150502004,50,50,20,4,150502004,paper_range_complete_draw_rejection,1,0,{},20,ac9c49cb7774b25136358e64065a640f5f3e0742f88bf7f143d4e094b5bcceee,P50_N050_M020_R04_seed150502004.npz
P50_N050_M020_R05_seed150502005,50,50,20,5,150502005,paper_range_complete_draw_rejection,2,1,"{""constant_preference_probe"": 1, ""no_nonzero_unit_feasible_point"": 1}",14,0362e4c9b38667f423631b42a74b181606a2d1daef79269d9450344e196d73d5,P50_N050_M020_R05_seed150502005.npz
P50_N050_M020_R06_seed150502006,50,50,20,6,150502006,paper_range_complete_draw_rejection,2,1,"{""constant_preference_probe"": 1, ""no_nonzero_unit_feasible_point"": 1}",18,dee154bd7acfc52baacc7535defa966d60017b2dba1629fba3d8dfd293669f8e,P50_N050_M020_R06_seed150502006.npz
P50_N050_M020_R07_seed150502007,50,50,20,7,150502007,paper_range_complete_draw_rejection,1,0,{},15,d37522d5c063843ddaf2ee5578326728d4daf40ba7ad5e113ce076926f266abb,P50_N050_M020_R07_seed150502007.npz
P50_N050_M020_R08_seed150502008,50,50,20,8,150502008,paper_range_complete_draw_rejection,2,1,"{""constant_preference_probe"": 1, ""no_nonzero_unit_feasible_point"": 1}",2,9933cd1e61454f8f8c86add05bd6492dc9683afc4d9fe31a96cacd0ee70efa0c,P50_N050_M020_R08_seed150502008.npz
P50_N050_M020_R09_seed150502009,50,50,20,9,150502009,paper_range_complete_draw_rejection,1,0,{},41,a624c32f45900cad66de57296111fcef6eee10b1e67157b25e7b9fe3890211f1,P50_N050_M020_R09_seed150502009.npz
P50_N050_M020_R10_seed150502010,50,50,20,10,150502010,paper_range_complete_draw_rejection,1,0,{},4,c726737538101019a796705287f942af03a5e972696cd53199206586ec6d8b0f,P50_N050_M020_R10_seed150502010.npz
P50_N050_M030_R01_seed150503001,50,50,30,1,150503001,paper_range_complete_draw_rejection,1,0,{},4,0337281be1ae7995ca621b89fceebd0b7d5ee4f6cef12ee55c35cc6480e4d1db,P50_N050_M030_R01_seed150503001.npz
P50_N050_M030_R02_seed150503002,50,50,30,2,150503002,paper_range_complete_draw_rejection,3,2,"{""constant_preference_probe"": 2, ""no_nonzero_unit_feasible_point"": 2}",3,361ed4726adf2b63d96106bdbadce1e3225608e2d0557c12831baa81a5aed7da,P50_N050_M030_R02_seed150503002.npz
P50_N050_M030_R03_seed150503003,50,50,30,3,150503003,paper_range_complete_draw_rejection,2,1,"{""constant_preference_probe"": 1, ""no_nonzero_unit_feasible_point"": 1}",39,5cb513410a240740c20a76c8f58a8f76c7881a7de7a1a41dbfe9bdba9daa792f,P50_N050_M030_R03_seed150503003.npz
P50_N050_M030_R04_seed150503004,50,50,30,4,150503004,paper_range_complete_draw_rejection,5,4,"{""constant_preference_probe"": 4, ""no_nonzero_unit_feasible_point"": 4}",1,0fa766578de2b33cb9ec698fd3bc7e1d9a975883ddc4478842fd85833c3dade3,P50_N050_M030_R04_seed150503004.npz
P50_N050_M030_R05_seed150503005,50,50,30,5,150503005,paper_range_complete_draw_rejection,6,5,"{""constant_preference_probe"": 5, ""no_nonzero_unit_feasible_point"": 5}",2,a407f0d77eedbf614d7b673a76c9496fa552a4d4f4c225aaa35519cc57c99fdb,P50_N050_M030_R05_seed150503005.npz
P50_N050_M030_R06_seed150503006,50,50,30,6,150503006,paper_range_complete_draw_rejection,1,0,{},1,c81c5d3c2cf6633f5e1956c773d027c5764650d94b09b2f8286068bcb794db87,P50_N050_M030_R06_seed150503006.npz
P50_N050_M030_R07_seed150503007,50,50,30,7,150503007,paper_range_complete_draw_rejection,2,1,"{""constant_preference_probe"": 1, ""no_nonzero_unit_feasible_point"": 1}",4,65db0b1a9e851068a53d1789b1432dc493fb666a8171403b89507fe47451950a,P50_N050_M030_R07_seed150503007.npz
P50_N050_M030_R08_seed150503008,50,50,30,8,150503008,paper_range_complete_draw_rejection,2,1,"{""constant_preference_probe"": 1, ""no_nonzero_unit_feasible_point"": 1}",1,54718165e79ceaff217849232a8ca17d537f5654fdb7b68834f0a1f7b80f60db,P50_N050_M030_R08_seed150503008.npz
P50_N050_M030_R09_seed150503009,50,50,30,9,150503009,paper_range_complete_draw_rejection,2,1,"{""constant_preference_probe"": 1, ""no_nonzero_unit_feasible_point"": 1}",12,73ddfd3783a3b20ba05de3cb5772e22ef4ff48db1d933e26d90d3ce4491e2c1e,P50_N050_M030_R09_seed150503009.npz
P50_N050_M030_R10_seed150503010,50,50,30,10,150503010,paper_range_complete_draw_rejection,4,3,"{""constant_preference_probe"": 3, ""no_nonzero_unit_feasible_point"": 3}",8,afab7b09a45bfd7eea287aa507655d26734ea7aede6032d60f28f905c0b361f0,P50_N050_M030_R10_seed150503010.npz
P50_N050_M050_R01_seed150505001,50,50,50,1,150505001,paper_range_complete_draw_rejection,5,4,"{""constant_preference_probe"": 4, ""no_nonzero_unit_feasible_point"": 4}",1,91653b3298d25b66c0cca03ca0a6a6a5efd314cc656083e4cd249688a23228c2,P50_N050_M050_R01_seed150505001.npz
P50_N050_M050_R02_seed150505002,50,50,50,2,150505002,paper_range_complete_draw_rejection,10,9,"{""constant_preference_probe"": 9, ""no_nonzero_unit_feasible_point"": 9}",6,280c5e4c698c0b64517517f974e9272de91fe89b6cef9eb7db08529561fdf5c1,P50_N050_M050_R02_seed150505002.npz
P50_N050_M050_R03_seed150505003,50,50,50,3,150505003,paper_range_complete_draw_rejection,5,4,"{""constant_preference_probe"": 4, ""no_nonzero_unit_feasible_point"": 4}",1,7fea1ce48c761503f20302d89a214a6bb7a18d787ffaf29b619cd9a1fdf96701,P50_N050_M050_R03_seed150505003.npz
P50_N050_M050_R04_seed150505004,50,50,50,4,150505004,paper_range_complete_draw_rejection,4,3,"{""constant_preference_probe"": 3, ""no_nonzero_unit_feasible_point"": 3}",2,6dd62eaecbc693cb271dfd5f76851d7ea3b5b36079d8c770abb1448514a0e792,P50_N050_M050_R04_seed150505004.npz
P50_N050_M050_R05_seed150505005,50,50,50,5,150505005,paper_range_complete_draw_rejection,2,1,"{""constant_preference_probe"": 1, ""no_nonzero_unit_feasible_point"": 1}",4,fded1b59475d0f167b0d4ea6e816d5af2b7416e1075b5198a727e58a435792ef,P50_N050_M050_R05_seed150505005.npz
P50_N050_M050_R06_seed150505006,50,50,50,6,150505006,paper_range_complete_draw_rejection,4,3,"{""constant_preference_probe"": 3, ""no_nonzero_unit_feasible_point"": 3}",2,197961626030b8bddc8aae7c8f0b3b834a007dfa4f7b82adac1fc074f7eaf087,P50_N050_M050_R06_seed150505006.npz
P50_N050_M050_R07_seed150505007,50,50,50,7,150505007,paper_range_complete_draw_rejection,13,12,"{""constant_preference_probe"": 12, ""no_nonzero_unit_feasible_point"": 12}",2,7ca3bfe8303696ad0eb90e9b82756eab6d04d325767b8f1095ba154f08d0a840,P50_N050_M050_R07_seed150505007.npz
P50_N050_M050_R08_seed150505008,50,50,50,8,150505008,paper_range_complete_draw_rejection,1,0,{},1,5d69603cace3f760fe864c4786f4b734580a0e748ef10fa770ce84b5dab8e7f6,P50_N050_M050_R08_seed150505008.npz
P50_N050_M050_R09_seed150505009,50,50,50,9,150505009,paper_range_complete_draw_rejection,4,3,"{""constant_preference_probe"": 3, ""no_nonzero_unit_feasible_point"": 3}",1,709fcaedc9a3604bf0015c81a832aa67b1fffbdaf43ab6660d05bac9bca681a0,P50_N050_M050_R09_seed150505009.npz
P50_N050_M050_R10_seed150505010,50,50,50,10,150505010,paper_range_complete_draw_rejection,1,0,{},1,a238cc9c1611e2f9b0034ec77e55036b716d220f435361fd7e1d2c604aad341c,P50_N050_M050_R10_seed150505010.npz
