instance_id,both_present,both_optimal,objective_agreement,decision_agreement,outcome,alic_status,prerna_status,alic_objective,prerna_objective,alic_time,prerna_time,alic_sp,prerna_sp,sha_match
P05_N010_M010_R01_seed105101001,true,true,true,true,AGREEMENT,OPTIMAL,OPTIMAL,0.0,0.0,0.08819430001312867,0.03647400002228096,2,15,true
P05_N010_M010_R02_seed105101002,true,true,true,true,AGREEMENT,OPTIMAL,OPTIMAL,315.0,315.0,0.12766599998576567,0.217683200025931,2,15,true
P05_N010_M010_R03_seed105101003,true,true,true,true,AGREEMENT,OPTIMAL,OPTIMAL,0.0,0.0,0.1708580999984406,0.054491299961227924,2,15,true
P05_N010_M010_R04_seed105101004,true,true,true,true,AGREEMENT,OPTIMAL,OPTIMAL,34.0,34.0,0.11762420000741258,0.06712449999758974,2,21,true
P05_N010_M010_R05_seed105101005,true,true,true,true,AGREEMENT,OPTIMAL,OPTIMAL,104.0,104.0,0.10857509996276349,0.12079329998232424,2,19,true
P05_N010_M010_R06_seed105101006,true,true,true,true,AGREEMENT,OPTIMAL,OPTIMAL,135.0,135.0,0.16521850001299754,0.17679519997909665,2,13,true
P05_N010_M010_R07_seed105101007,true,true,true,true,AGREEMENT,OPTIMAL,OPTIMAL,1.0,1.0,0.1426855999743566,0.05639690003590658,2,13,true
P05_N010_M010_R08_seed105101008,true,true,true,true,AGREEMENT,OPTIMAL,OPTIMAL,189.0,189.0,0.12184600002365187,0.2853818999719806,2,33,true
P05_N010_M010_R09_seed105101009,true,true,true,true,AGREEMENT,OPTIMAL,OPTIMAL,0.0,0.0,0.2568856999860145,0.08553589996881783,4,15,true
P05_N010_M010_R10_seed105101010,true,true,true,true,AGREEMENT,OPTIMAL,OPTIMAL,534.0,534.0,0.13167329999851063,0.16205210000043735,2,13,true
P05_N010_M010_R11_seed105101011,true,true,true,true,AGREEMENT,OPTIMAL,OPTIMAL,4.0,4.0,0.10479409998515621,0.05497289996128529,2,19,true
P05_N010_M010_R12_seed105101012,true,true,true,true,AGREEMENT,OPTIMAL,OPTIMAL,100.0,100.0,0.22747580002760515,0.3381637000129558,2,35,true
P05_N010_M010_R13_seed105101013,true,true,true,true,AGREEMENT,OPTIMAL,OPTIMAL,-13.0,-13.0,0.2697321000159718,0.09599320002598688,4,24,true
P05_N010_M010_R14_seed105101014,true,true,true,true,AGREEMENT,OPTIMAL,OPTIMAL,53.0,53.0,0.1617553000105545,0.0866074999794364,2,15,true
P05_N010_M010_R15_seed105101015,true,true,true,true,AGREEMENT,OPTIMAL,OPTIMAL,325.0,325.0,0.5653921000193805,0.6257465000380762,5,48,true
P05_N010_M010_R16_seed105101016,true,true,true,true,AGREEMENT,OPTIMAL,OPTIMAL,509.0,509.0,0.42385510000167415,2.9339048999827355,2,43,true
P05_N010_M010_R17_seed105101017,true,true,true,true,AGREEMENT,OPTIMAL,OPTIMAL,785.0,785.0,0.9527761000208557,9.919634199992288,2,104,true
P05_N010_M010_R18_seed105101018,true,true,true,true,AGREEMENT,OPTIMAL,OPTIMAL,242.0,242.0,0.6692527999985032,12.70175810001092,8,259,true
P05_N010_M010_R19_seed105101019,true,true,true,true,AGREEMENT,OPTIMAL,OPTIMAL,1113.0,1113.0,0.24186270002974197,0.5901192000019364,2,31,true
P05_N010_M010_R20_seed105101020,true,true,true,true,AGREEMENT,OPTIMAL,OPTIMAL,-40.0,-40.0,0.15557569998782128,0.02708209998672828,4,16,true
P05_N010_M010_R21_seed105101021,true,true,true,true,AGREEMENT,OPTIMAL,OPTIMAL,18.0,18.0,0.07712929998524487,0.055230300000403076,2,15,true
P05_N010_M010_R22_seed105101022,true,true,true,true,AGREEMENT,OPTIMAL,OPTIMAL,0.0,0.0,0.07527239999035373,0.02454569999827072,2,13,true
P05_N010_M010_R23_seed105101023,true,true,true,true,AGREEMENT,OPTIMAL,OPTIMAL,101.0,101.0,0.07814400002826005,0.03330629999982193,2,13,true
P05_N010_M010_R24_seed105101024,true,true,true,true,AGREEMENT,OPTIMAL,OPTIMAL,19.0,19.0,0.08744730002945289,0.02886469999793917,2,15,true
P05_N010_M010_R25_seed105101025,true,true,true,true,AGREEMENT,OPTIMAL,OPTIMAL,253.0,253.0,0.19452919997274876,1.3324880000436679,2,77,true
P05_N010_M010_R26_seed105101026,true,true,true,true,AGREEMENT,OPTIMAL,OPTIMAL,110.0,110.0,0.0766795999952592,0.029650299984496087,2,13,true
P05_N010_M010_R27_seed105101027,true,true,true,true,AGREEMENT,OPTIMAL,OPTIMAL,166.0,166.0,0.08238000003620982,0.051904499996453524,2,13,true
P05_N010_M010_R28_seed105101028,true,true,true,true,AGREEMENT,OPTIMAL,OPTIMAL,483.0,483.0,0.09695490001467988,0.1483070999966003,2,13,true
P05_N010_M010_R29_seed105101029,true,true,true,true,AGREEMENT,OPTIMAL,OPTIMAL,1014.0,1014.0,0.09056059998692945,0.23867340001743287,2,13,true
P05_N010_M010_R30_seed105101030,true,true,true,true,AGREEMENT,OPTIMAL,OPTIMAL,23.0,23.0,0.1007854999625124,0.035667199990712106,2,13,true
P05_N010_M020_R01_seed105102001,true,true,true,true,AGREEMENT,OPTIMAL,OPTIMAL,0.0,0.0,0.2250171999912709,0.037867800041567534,2,13,true
P05_N010_M020_R02_seed105102002,true,true,true,true,AGREEMENT,OPTIMAL,OPTIMAL,132.0,132.0,0.12554020003881305,0.11374139995314181,2,15,true
P05_N010_M020_R03_seed105102003,true,true,true,true,AGREEMENT,OPTIMAL,OPTIMAL,68.0,68.0,0.34743710001930594,0.2050248000305146,5,22,true
P05_N010_M020_R04_seed105102004,true,true,true,true,AGREEMENT,OPTIMAL,OPTIMAL,66.0,66.0,0.17140990000916645,0.07162320002680644,2,15,true
P05_N010_M020_R05_seed105102005,true,true,true,true,AGREEMENT,OPTIMAL,OPTIMAL,0.0,0.0,0.11615560000063851,0.03609740000683814,2,15,true
P05_N010_M020_R06_seed105102006,true,true,true,true,AGREEMENT,OPTIMAL,OPTIMAL,0.0,0.0,0.11440279998350888,0.023815499967895448,2,13,true
P05_N010_M020_R07_seed105102007,true,true,true,true,AGREEMENT,OPTIMAL,OPTIMAL,0.0,0.0,0.11347859998932108,0.029845200013369322,2,13,true
P05_N010_M020_R08_seed105102008,true,true,true,true,AGREEMENT,OPTIMAL,OPTIMAL,64.0,64.0,0.1120620999718085,0.02968219999456778,2,15,true
P05_N010_M020_R09_seed105102009,true,true,true,true,AGREEMENT,OPTIMAL,OPTIMAL,6.0,6.0,0.1252921000123024,0.03281280002556741,2,15,true
P05_N010_M020_R10_seed105102010,true,true,true,true,AGREEMENT,OPTIMAL,OPTIMAL,0.0,0.0,0.1103057999862358,0.03333780000684783,2,13,true
P05_N010_M020_R11_seed105102011,true,true,true,true,AGREEMENT,OPTIMAL,OPTIMAL,109.0,109.0,0.12628560001030564,0.030417900008615106,2,13,true
P05_N010_M020_R12_seed105102012,true,true,true,true,AGREEMENT,OPTIMAL,OPTIMAL,56.0,56.0,0.11898470000596717,0.05416559998411685,2,15,true
P05_N010_M020_R13_seed105102013,true,true,true,true,AGREEMENT,OPTIMAL,OPTIMAL,0.0,0.0,0.24038329999893904,0.0330365999834612,4,15,true
P05_N010_M020_R14_seed105102014,true,true,true,true,AGREEMENT,OPTIMAL,OPTIMAL,0.0,0.0,0.12472469999920577,0.027253299951553345,2,13,true
P05_N010_M020_R15_seed105102015,true,true,true,true,AGREEMENT,OPTIMAL,OPTIMAL,0.0,0.0,0.12137560005066916,0.032901300000958145,2,13,true
P05_N010_M020_R16_seed105102016,true,true,true,true,AGREEMENT,OPTIMAL,OPTIMAL,0.0,0.0,0.11839529999997467,0.028033799957484007,2,15,true
P05_N010_M020_R17_seed105102017,true,true,true,true,AGREEMENT,OPTIMAL,OPTIMAL,113.0,113.0,0.1048752999631688,0.0364625999936834,2,13,true
P05_N010_M020_R18_seed105102018,true,true,true,true,AGREEMENT,OPTIMAL,OPTIMAL,116.0,116.0,0.12978259997908026,0.03454690001672134,2,15,true
P05_N010_M020_R19_seed105102019,true,true,true,true,AGREEMENT,OPTIMAL,OPTIMAL,68.0,68.0,0.11438250000355765,0.033670500037260354,2,15,true
P05_N010_M020_R20_seed105102020,true,true,true,true,AGREEMENT,OPTIMAL,OPTIMAL,123.0,123.0,0.14545780001208186,0.025523899996187538,2,13,true
P05_N010_M020_R21_seed105102021,true,true,true,true,AGREEMENT,OPTIMAL,OPTIMAL,89.0,89.0,0.10463050001999363,0.028668800019659102,2,13,true
P05_N010_M020_R22_seed105102022,true,true,true,true,AGREEMENT,OPTIMAL,OPTIMAL,0.0,0.0,0.10581649997038767,0.03482930001337081,2,13,true
P05_N010_M020_R23_seed105102023,true,true,true,true,AGREEMENT,OPTIMAL,OPTIMAL,129.0,129.0,0.12623709999024868,0.1691871000220999,2,19,true
P05_N010_M020_R24_seed105102024,true,true,true,true,AGREEMENT,OPTIMAL,OPTIMAL,127.0,127.0,0.12682689999928698,0.23708829999668524,2,37,true
P05_N010_M020_R25_seed105102025,true,true,true,true,AGREEMENT,OPTIMAL,OPTIMAL,89.0,89.0,0.11791859997902066,0.027768600033596158,2,13,true
P05_N010_M020_R26_seed105102026,true,true,true,true,AGREEMENT,OPTIMAL,OPTIMAL,6.0,6.0,0.1412395000224933,0.031012599996756762,2,17,true
P05_N010_M020_R27_seed105102027,true,true,true,true,AGREEMENT,OPTIMAL,OPTIMAL,291.0,291.0,0.167587400006596,0.15063059999374673,2,23,true
P05_N010_M020_R28_seed105102028,true,true,true,true,AGREEMENT,OPTIMAL,OPTIMAL,0.0,0.0,0.11655109998537228,0.0344512999872677,2,13,true
P05_N010_M020_R29_seed105102029,true,true,true,true,AGREEMENT,OPTIMAL,OPTIMAL,0.0,0.0,0.1164924000040628,0.027654799981974065,2,13,true
P05_N010_M020_R30_seed105102030,true,true,true,true,AGREEMENT,OPTIMAL,OPTIMAL,446.0,446.0,0.12435380002716556,0.08406740002101287,2,13,true
P05_N010_M030_R01_seed105103001,true,true,true,true,AGREEMENT,OPTIMAL,OPTIMAL,17.0,17.0,0.15648839995265007,0.030436300032306463,2,13,true
P05_N010_M030_R02_seed105103002,true,true,true,true,AGREEMENT,OPTIMAL,OPTIMAL,0.0,0.0,0.17034090001834556,0.033200700010638684,2,15,true
P05_N010_M030_R03_seed105103003,true,true,true,true,AGREEMENT,OPTIMAL,OPTIMAL,53.0,53.0,0.16334710002411157,0.033215400006156415,2,15,true
P05_N010_M030_R04_seed105103004,true,true,true,true,AGREEMENT,OPTIMAL,OPTIMAL,132.0,132.0,0.16712849994655699,0.026754400052595884,2,13,true
P05_N010_M030_R05_seed105103005,true,true,true,true,AGREEMENT,OPTIMAL,OPTIMAL,276.0,276.0,0.17239880003035069,0.03544850001344457,2,13,true
P05_N010_M030_R06_seed105103006,true,true,true,true,AGREEMENT,OPTIMAL,OPTIMAL,9.0,9.0,0.16524450003635138,0.03776470001321286,2,17,true
P05_N010_M030_R07_seed105103007,true,true,true,true,AGREEMENT,OPTIMAL,OPTIMAL,86.0,86.0,0.180861399974674,0.02945709996856749,2,13,true
P05_N010_M030_R08_seed105103008,true,true,true,true,AGREEMENT,OPTIMAL,OPTIMAL,0.0,0.0,0.17179659998510033,0.02623770001810044,2,13,true
P05_N010_M030_R09_seed105103009,true,true,true,true,AGREEMENT,OPTIMAL,OPTIMAL,0.0,0.0,0.16351720003876835,0.03295809996780008,2,15,true
P05_N010_M030_R10_seed105103010,true,true,true,true,AGREEMENT,OPTIMAL,OPTIMAL,193.0,193.0,0.16382130002602935,0.03471729997545481,2,13,true
P05_N010_M030_R11_seed105103011,true,true,true,true,AGREEMENT,OPTIMAL,OPTIMAL,54.0,54.0,0.16964680003002286,0.034895299992058426,2,15,true
P05_N010_M030_R12_seed105103012,true,true,true,true,AGREEMENT,OPTIMAL,OPTIMAL,0.0,0.0,0.17251290002604946,0.03412450000178069,2,13,true
P05_N010_M030_R13_seed105103013,true,true,true,true,AGREEMENT,OPTIMAL,OPTIMAL,101.0,101.0,0.16825050004990771,0.029289600031916052,2,13,true
P05_N010_M030_R14_seed105103014,true,true,true,true,AGREEMENT,OPTIMAL,OPTIMAL,83.0,83.0,0.17387599998619407,0.031335400009993464,2,13,true
P05_N010_M030_R15_seed105103015,true,true,true,true,AGREEMENT,OPTIMAL,OPTIMAL,137.0,137.0,0.16488009999739006,0.059124400024302304,2,13,true
P05_N010_M030_R16_seed105103016,true,true,true,true,AGREEMENT,OPTIMAL,OPTIMAL,123.0,123.0,0.15976650000084192,0.029527999984566122,2,13,true
P05_N010_M030_R17_seed105103017,true,true,true,true,AGREEMENT,OPTIMAL,OPTIMAL,0.0,0.0,0.1601880999514833,0.030782200046814978,2,13,true
P05_N010_M030_R18_seed105103018,true,true,true,true,AGREEMENT,OPTIMAL,OPTIMAL,0.0,0.0,0.17433229996822774,0.03239940002094954,2,15,true
P05_N010_M030_R19_seed105103019,true,true,true,true,AGREEMENT,OPTIMAL,OPTIMAL,0.0,0.0,0.16112980002071708,0.03315869998186827,2,13,true
P05_N010_M030_R20_seed105103020,true,true,true,true,AGREEMENT,OPTIMAL,OPTIMAL,31.0,31.0,0.17165640002349392,0.09428769996156916,2,19,true
P05_N010_M030_R21_seed105103021,true,true,true,true,AGREEMENT,OPTIMAL,OPTIMAL,70.0,70.0,0.18292960000690073,0.06925410003168508,2,13,true
P05_N010_M030_R22_seed105103022,true,true,true,true,AGREEMENT,OPTIMAL,OPTIMAL,48.0,48.0,0.17072920000646263,0.03383839997695759,2,15,true
P05_N010_M030_R23_seed105103023,true,true,true,true,AGREEMENT,OPTIMAL,OPTIMAL,0.0,0.0,0.17309280001791194,0.03450360003625974,2,13,true
P05_N010_M030_R24_seed105103024,true,true,true,true,AGREEMENT,OPTIMAL,OPTIMAL,72.0,72.0,0.17604269995354116,0.031296700006350875,2,15,true
P05_N010_M030_R25_seed105103025,true,true,true,true,AGREEMENT,OPTIMAL,OPTIMAL,59.0,59.0,0.16765369998756796,0.13104319997364655,2,19,true
P05_N010_M030_R26_seed105103026,true,true,true,true,AGREEMENT,OPTIMAL,OPTIMAL,155.0,155.0,0.1921030999510549,0.04023009998491034,2,13,true
P05_N010_M030_R27_seed105103027,true,true,true,true,AGREEMENT,OPTIMAL,OPTIMAL,33.0,33.0,0.18639109999639913,0.07850350002991036,2,19,true
P05_N010_M030_R28_seed105103028,true,true,true,true,AGREEMENT,OPTIMAL,OPTIMAL,111.0,111.0,0.19853900000452995,0.03649020002922043,2,13,true
P05_N010_M030_R29_seed105103029,true,true,true,true,AGREEMENT,OPTIMAL,OPTIMAL,27.0,27.0,0.188226800004486,0.03619280003476888,2,13,true
P05_N010_M030_R30_seed105103030,true,true,true,true,AGREEMENT,OPTIMAL,OPTIMAL,0.0,0.0,0.17361550003988668,0.030973399989306927,2,13,true
P05_N010_M050_R01_seed105105001,true,true,true,true,AGREEMENT,OPTIMAL,OPTIMAL,0.0,0.0,0.3626918999943882,0.04149960004724562,2,13,true
P05_N010_M050_R02_seed105105002,true,true,true,true,AGREEMENT,OPTIMAL,OPTIMAL,5.0,5.0,0.41261880000820383,0.045902300043962896,2,15,true
P05_N010_M050_R03_seed105105003,true,true,true,true,AGREEMENT,OPTIMAL,OPTIMAL,127.0,127.0,0.3613057999755256,0.03433170000789687,2,13,true
P05_N010_M050_R04_seed105105004,true,true,true,true,AGREEMENT,OPTIMAL,OPTIMAL,95.0,95.0,0.34787160000996664,0.031373399950098246,2,13,true
P05_N010_M050_R05_seed105105005,true,true,true,true,AGREEMENT,OPTIMAL,OPTIMAL,147.0,147.0,0.3414250999921933,0.05050900002242997,2,15,true
P05_N010_M050_R06_seed105105006,true,true,true,true,AGREEMENT,OPTIMAL,OPTIMAL,0.0,0.0,0.34943409997504205,0.04725259996484965,2,19,true
P05_N010_M050_R07_seed105105007,true,true,true,true,AGREEMENT,OPTIMAL,OPTIMAL,67.0,67.0,0.33629030000884086,0.037558000010903925,2,15,true
P05_N010_M050_R08_seed105105008,true,true,true,true,AGREEMENT,OPTIMAL,OPTIMAL,55.0,55.0,0.3361690000165254,0.029935200000181794,2,13,true
P05_N010_M050_R09_seed105105009,true,true,true,true,AGREEMENT,OPTIMAL,OPTIMAL,12.0,12.0,0.33556350000435486,0.04517960001248866,2,13,true
P05_N010_M050_R10_seed105105010,true,true,true,true,AGREEMENT,OPTIMAL,OPTIMAL,49.0,49.0,0.33737169997766614,0.03322390001267195,2,13,true
P05_N010_M050_R11_seed105105011,true,true,true,true,AGREEMENT,OPTIMAL,OPTIMAL,0.0,0.0,0.7074820000561886,0.037193500029388815,4,15,true
P05_N010_M050_R12_seed105105012,true,true,true,true,AGREEMENT,OPTIMAL,OPTIMAL,0.0,0.0,0.3413654000032693,0.04407219996210188,2,14,true
P05_N010_M050_R13_seed105105013,true,true,true,true,AGREEMENT,OPTIMAL,OPTIMAL,39.0,39.0,0.3493725000298582,0.03513809997821227,2,13,true
P05_N010_M050_R14_seed105105014,true,true,true,true,AGREEMENT,OPTIMAL,OPTIMAL,58.0,58.0,0.3380872000125237,0.03673960000742227,2,13,true
P05_N010_M050_R15_seed105105015,true,true,true,true,AGREEMENT,OPTIMAL,OPTIMAL,0.0,0.0,0.3370722999679856,0.034882000007200986,2,13,true
P05_N010_M050_R16_seed105105016,true,true,true,true,AGREEMENT,OPTIMAL,OPTIMAL,106.0,106.0,0.3436292000114918,0.03466909995768219,2,13,true
P05_N010_M050_R17_seed105105017,true,true,true,true,AGREEMENT,OPTIMAL,OPTIMAL,129.0,129.0,0.3699383999919519,0.03915430000051856,2,13,true
P05_N010_M050_R18_seed105105018,true,true,true,true,AGREEMENT,OPTIMAL,OPTIMAL,0.0,0.0,0.35105530003784224,0.031324699986726046,2,13,true
P05_N010_M050_R19_seed105105019,true,true,true,true,AGREEMENT,OPTIMAL,OPTIMAL,159.0,159.0,0.36885110003640875,0.039814499963540584,2,13,true
P05_N010_M050_R20_seed105105020,true,true,true,true,AGREEMENT,OPTIMAL,OPTIMAL,0.0,0.0,0.3342250999994576,0.045109599945135415,2,17,true
P05_N010_M050_R21_seed105105021,true,true,true,true,AGREEMENT,OPTIMAL,OPTIMAL,9.0,9.0,0.4335445999749936,0.07715269998880103,2,13,true
P05_N010_M050_R22_seed105105022,true,true,true,true,AGREEMENT,OPTIMAL,OPTIMAL,0.0,0.0,0.39875029999529943,0.08085680002113804,2,15,true
P05_N010_M050_R23_seed105105023,true,true,true,true,AGREEMENT,OPTIMAL,OPTIMAL,10.0,10.0,0.5665565999806859,0.3801342000369914,2,21,true
P05_N010_M050_R24_seed105105024,true,true,true,true,AGREEMENT,OPTIMAL,OPTIMAL,0.0,0.0,0.7586106000235304,0.08031829999526963,2,14,true
P05_N010_M050_R25_seed105105025,true,true,true,true,AGREEMENT,OPTIMAL,OPTIMAL,41.0,41.0,0.9298287000274286,0.059075500001199543,2,15,true
P05_N010_M050_R26_seed105105026,true,true,true,true,AGREEMENT,OPTIMAL,OPTIMAL,1.0,1.0,0.9208990000188351,0.08874390000710264,2,15,true
P05_N010_M050_R27_seed105105027,true,true,true,true,AGREEMENT,OPTIMAL,OPTIMAL,0.0,0.0,0.8200849000131711,0.10761649999767542,2,13,true
P05_N010_M050_R28_seed105105028,true,true,true,true,AGREEMENT,OPTIMAL,OPTIMAL,56.0,56.0,0.6459558999631554,0.07462369999848306,2,13,true
P05_N010_M050_R29_seed105105029,true,true,true,true,AGREEMENT,OPTIMAL,OPTIMAL,0.0,0.0,0.7282346999854781,0.08356059994548559,2,15,true
P05_N010_M050_R30_seed105105030,true,true,true,true,AGREEMENT,OPTIMAL,OPTIMAL,83.0,83.0,0.5921901999972761,0.0647150999866426,2,13,true
P05_N020_M010_R01_seed105201001,true,true,true,true,AGREEMENT,OPTIMAL,OPTIMAL,166.0,166.0,0.35909059998812154,0.2465117999818176,2,23,true
P05_N020_M010_R02_seed105201002,true,true,true,true,AGREEMENT,OPTIMAL,OPTIMAL,652.0,652.0,1.9300360000343062,35.88139639998553,2,210,true
P05_N020_M010_R03_seed105201003,true,true,true,true,AGREEMENT,OPTIMAL,OPTIMAL,282.0,282.0,0.47904749994631857,1.1862884999718517,2,55,true
P05_N020_M010_R04_seed105201004,true,true,true,true,AGREEMENT,OPTIMAL,OPTIMAL,167.0,167.0,0.42186470003798604,0.4331252999836579,2,23,true
P05_N020_M010_R05_seed105201005,true,true,true,true,AGREEMENT,OPTIMAL,OPTIMAL,499.0,499.0,0.45923759997822344,0.5945462000090629,2,31,true
P05_N020_M010_R06_seed105201006,true,true,true,true,AGREEMENT,OPTIMAL,OPTIMAL,61.0,61.0,0.43864329997450113,0.09209069999633357,2,23,true
P05_N020_M010_R07_seed105201007,true,true,true,true,AGREEMENT,OPTIMAL,OPTIMAL,99.0,99.0,0.515943500038702,0.13869619998149574,2,23,true
P05_N020_M010_R08_seed105201008,true,true,true,true,AGREEMENT,OPTIMAL,OPTIMAL,175.0,175.0,0.5153791999910027,0.9324945000116713,2,41,true
P05_N020_M010_R09_seed105201009,true,true,true,true,AGREEMENT,OPTIMAL,OPTIMAL,58.0,58.0,0.5758058999781497,0.13496649998705834,2,25,true
P05_N020_M010_R10_seed105201010,true,true,true,true,AGREEMENT,OPTIMAL,OPTIMAL,480.0,480.0,0.441145199991297,0.7326801000162959,2,36,true
P05_N020_M010_R11_seed105201011,true,true,true,true,AGREEMENT,OPTIMAL,OPTIMAL,622.0,622.0,3.0847622000146657,60.70767129998421,2,263,true
P05_N020_M010_R12_seed105201012,true,true,true,true,AGREEMENT,OPTIMAL,OPTIMAL,0.0,0.0,0.431624099961482,0.1030330000212416,2,23,true
P05_N020_M010_R13_seed105201013,true,true,true,true,AGREEMENT,OPTIMAL,OPTIMAL,0.0,0.0,0.4234887000056915,0.09104259999003261,2,23,true
P05_N020_M010_R14_seed105201014,true,true,true,true,AGREEMENT,OPTIMAL,OPTIMAL,1118.0,1118.0,1.5685018000076525,49.04010919999564,2,204,true
P05_N020_M010_R15_seed105201015,true,true,true,true,AGREEMENT,OPTIMAL,OPTIMAL,90.0,90.0,0.215374699968379,0.24320650001754984,2,35,true
P05_N020_M010_R16_seed105201016,true,true,true,true,AGREEMENT,OPTIMAL,OPTIMAL,232.0,232.0,0.23548999999184161,0.10447000002022833,2,27,true
P05_N020_M010_R17_seed105201017,true,true,true,true,AGREEMENT,OPTIMAL,OPTIMAL,21.0,21.0,0.21563679998507723,0.11191630002576858,2,25,true
P05_N020_M010_R18_seed105201018,true,true,true,true,AGREEMENT,OPTIMAL,OPTIMAL,406.0,406.0,0.23506659996928647,0.2823359000030905,2,23,true
P05_N020_M010_R19_seed105201019,true,true,true,true,AGREEMENT,OPTIMAL,OPTIMAL,128.0,128.0,0.2190299000358209,0.09234550001565367,2,23,true
P05_N020_M010_R20_seed105201020,true,true,true,true,AGREEMENT,OPTIMAL,OPTIMAL,128.0,128.0,0.22705149999819696,0.057365700020454824,2,27,true
P05_N020_M010_R21_seed105201021,true,true,true,true,AGREEMENT,OPTIMAL,OPTIMAL,1116.0,1116.0,1.4892001999542117,10.088251399982255,2,93,true
P05_N020_M010_R22_seed105201022,true,true,true,true,AGREEMENT,OPTIMAL,OPTIMAL,816.0,816.0,6.184368800022639,19.160847000021022,5,187,true
P05_N020_M010_R23_seed105201023,true,true,true,true,AGREEMENT,OPTIMAL,OPTIMAL,190.0,190.0,0.5552579000359401,0.9744686000049114,2,67,true
P05_N020_M010_R24_seed105201024,true,true,true,true,AGREEMENT,OPTIMAL,OPTIMAL,497.0,497.0,2.1250346999731846,18.788542499998584,14,217,true
P05_N020_M010_R25_seed105201025,true,true,true,true,AGREEMENT,OPTIMAL,OPTIMAL,0.0,0.0,0.22137659997679293,0.05026069999439642,2,23,true
P05_N020_M010_R26_seed105201026,true,true,true,true,AGREEMENT,OPTIMAL,OPTIMAL,376.0,376.0,1.0725611000088975,2.0317622000002302,5,87,true
P05_N020_M010_R27_seed105201027,true,true,true,true,AGREEMENT,OPTIMAL,OPTIMAL,62.0,62.0,0.35038370004622266,0.17051649995846674,2,25,true
P05_N020_M010_R28_seed105201028,true,false,false,false,ALIC_ONLY_OPTIMAL,OPTIMAL,TIME_LIMIT,1015.0,,9.956651900021825,300.01006950001465,5,942,true
P05_N020_M010_R29_seed105201029,true,true,true,true,AGREEMENT,OPTIMAL,OPTIMAL,2666.0,2666.0,2.255984499992337,4.445485699980054,2,35,true
P05_N020_M010_R30_seed105201030,true,true,true,true,AGREEMENT,OPTIMAL,OPTIMAL,569.0,569.0,2.4493193999514915,18.053104599996004,5,156,true
P05_N020_M020_R01_seed105202001,true,true,true,true,AGREEMENT,OPTIMAL,OPTIMAL,31.0,31.0,0.6463433000026271,0.4716392000555061,2,37,true
P05_N020_M020_R02_seed105202002,true,true,true,true,AGREEMENT,OPTIMAL,OPTIMAL,584.0,584.0,14.14907869999297,140.12691680004355,14,504,true
P05_N020_M020_R03_seed105202003,true,true,true,true,AGREEMENT,OPTIMAL,OPTIMAL,55.0,55.0,0.5494667000020854,0.2393226000131108,2,23,true
P05_N020_M020_R04_seed105202004,true,true,true,true,AGREEMENT,OPTIMAL,OPTIMAL,273.0,273.0,4.254153700021561,16.30911140004173,11,180,true
P05_N020_M020_R05_seed105202005,true,true,true,true,AGREEMENT,OPTIMAL,OPTIMAL,66.0,66.0,0.5653400999726728,0.4159497999935411,2,31,true
P05_N020_M020_R06_seed105202006,true,true,true,true,AGREEMENT,OPTIMAL,OPTIMAL,282.0,282.0,0.5770470999996178,0.4045609000022523,2,27,true
P05_N020_M020_R07_seed105202007,true,true,true,true,AGREEMENT,OPTIMAL,OPTIMAL,198.0,198.0,0.6362379000056535,0.5934249000274576,2,29,true
P05_N020_M020_R08_seed105202008,true,true,true,true,AGREEMENT,OPTIMAL,OPTIMAL,47.0,47.0,0.6805568000418134,0.1604337000171654,2,25,true
P05_N020_M020_R09_seed105202009,true,true,true,true,AGREEMENT,OPTIMAL,OPTIMAL,0.0,0.0,0.6058181000407785,0.09698209998896345,2,27,true
P05_N020_M020_R10_seed105202010,true,true,true,true,AGREEMENT,OPTIMAL,OPTIMAL,284.0,284.0,0.6889936999650672,0.1319734000135213,2,23,true
P05_N020_M020_R11_seed105202011,true,true,true,true,AGREEMENT,OPTIMAL,OPTIMAL,0.0,0.0,1.0805105000035837,0.3432319000130519,5,32,true
P05_N020_M020_R12_seed105202012,true,true,true,true,AGREEMENT,OPTIMAL,OPTIMAL,16.0,16.0,0.6810550999944098,0.12449370004469529,2,23,true
P05_N020_M020_R13_seed105202013,true,true,true,true,AGREEMENT,OPTIMAL,OPTIMAL,-36.0,-36.0,1.065574900014326,0.09112190001178533,4,26,true
P05_N020_M020_R14_seed105202014,true,true,true,true,AGREEMENT,OPTIMAL,OPTIMAL,120.0,120.0,0.5910695000202395,0.09784950001630932,2,23,true
P05_N020_M020_R15_seed105202015,true,true,true,true,AGREEMENT,OPTIMAL,OPTIMAL,0.0,0.0,0.5058026000042446,0.06569279998075217,2,23,true
P05_N020_M020_R16_seed105202016,true,true,true,true,AGREEMENT,OPTIMAL,OPTIMAL,40.0,40.0,0.7575393000151962,0.10316580004291609,2,23,true
P05_N020_M020_R17_seed105202017,true,true,true,true,AGREEMENT,OPTIMAL,OPTIMAL,248.0,248.0,1.212532999983523,1.620387099974323,2,63,true
P05_N020_M020_R18_seed105202018,true,true,true,true,AGREEMENT,OPTIMAL,OPTIMAL,0.0,0.0,0.8145336000015959,0.09473300003446639,2,23,true
P05_N020_M020_R19_seed105202019,true,true,true,true,AGREEMENT,OPTIMAL,OPTIMAL,0.0,0.0,1.082814400026109,0.19930069998372346,5,30,true
P05_N020_M020_R20_seed105202020,true,true,true,true,AGREEMENT,OPTIMAL,OPTIMAL,-60.0,-60.0,0.9981466999743134,0.15627829998265952,4,26,true
P05_N020_M020_R21_seed105202021,true,true,true,true,AGREEMENT,OPTIMAL,OPTIMAL,165.0,165.0,0.5838758000172675,0.6000352000119165,2,28,true
P05_N020_M020_R22_seed105202022,true,true,true,true,AGREEMENT,OPTIMAL,OPTIMAL,-15.0,-15.0,1.3053889000439085,1.3028238999540918,8,88,true
P05_N020_M020_R23_seed105202023,true,true,true,true,AGREEMENT,OPTIMAL,OPTIMAL,0.0,0.0,0.5665290000033565,0.11333209997974336,2,23,true
P05_N020_M020_R24_seed105202024,true,true,true,true,AGREEMENT,OPTIMAL,OPTIMAL,123.0,123.0,0.7402890999801457,0.11909510003169999,2,25,true
P05_N020_M020_R25_seed105202025,true,true,true,true,AGREEMENT,OPTIMAL,OPTIMAL,361.0,361.0,0.6868765000253916,0.7013119999901392,2,25,true
P05_N020_M020_R26_seed105202026,true,true,true,true,AGREEMENT,OPTIMAL,OPTIMAL,0.0,0.0,0.5777181999874301,0.08575339999515563,2,23,true
P05_N020_M020_R27_seed105202027,true,true,true,true,AGREEMENT,OPTIMAL,OPTIMAL,171.0,171.0,18.865835200005677,28.21502290002536,19,271,true
P05_N020_M020_R28_seed105202028,true,true,true,true,AGREEMENT,OPTIMAL,OPTIMAL,24.0,24.0,1.2553632999770343,0.9141286000376567,5,34,true
P05_N020_M020_R29_seed105202029,true,true,true,true,AGREEMENT,OPTIMAL,OPTIMAL,0.0,0.0,1.0189158999710344,0.1632056999951601,2,25,true
P05_N020_M020_R30_seed105202030,true,true,true,true,AGREEMENT,OPTIMAL,OPTIMAL,107.0,107.0,0.5070476999972016,0.5214100999874063,2,23,true
P05_N020_M030_R01_seed105203001,true,true,true,true,AGREEMENT,OPTIMAL,OPTIMAL,65.0,65.0,2.097899199987296,0.7887354999547824,5,36,true
P05_N020_M030_R02_seed105203002,true,true,true,true,AGREEMENT,OPTIMAL,OPTIMAL,0.0,0.0,0.8384576000389643,0.19209710002178326,2,27,true
P05_N020_M030_R03_seed105203003,true,true,true,true,AGREEMENT,OPTIMAL,OPTIMAL,136.0,136.0,1.052468099980615,0.12642619997495785,2,23,true
P05_N020_M030_R04_seed105203004,true,true,true,true,AGREEMENT,OPTIMAL,OPTIMAL,90.0,90.0,0.9146083999658003,0.2003528000204824,2,25,true
P05_N020_M030_R05_seed105203005,true,true,true,true,AGREEMENT,OPTIMAL,OPTIMAL,53.0,53.0,0.8769690999761224,0.10907469998346642,2,23,true
P05_N020_M030_R06_seed105203006,true,true,true,true,AGREEMENT,OPTIMAL,OPTIMAL,17.0,17.0,0.8113033000263385,0.09595729998545721,2,23,true
P05_N020_M030_R07_seed105203007,true,true,true,true,AGREEMENT,OPTIMAL,OPTIMAL,231.0,231.0,0.8684151999768801,0.5010225999867544,2,26,true
P05_N020_M030_R08_seed105203008,true,true,true,true,AGREEMENT,OPTIMAL,OPTIMAL,163.0,163.0,0.8758518999675289,0.5110034000244923,2,30,true
P05_N020_M030_R09_seed105203009,true,true,true,true,AGREEMENT,OPTIMAL,OPTIMAL,448.0,448.0,0.9603790999972261,0.3052113000303507,2,23,true
P05_N020_M030_R10_seed105203010,true,true,true,true,AGREEMENT,OPTIMAL,OPTIMAL,44.0,44.0,1.1530633000074886,0.4404771000263281,2,29,true
P05_N020_M030_R11_seed105203011,true,true,true,true,AGREEMENT,OPTIMAL,OPTIMAL,32.0,32.0,1.7506800999981351,0.21539539995137602,4,28,true
P05_N020_M030_R12_seed105203012,true,true,true,true,AGREEMENT,OPTIMAL,OPTIMAL,196.0,196.0,0.8867013999843039,0.5065138000063598,2,23,true
P05_N020_M030_R13_seed105203013,true,true,true,true,AGREEMENT,OPTIMAL,OPTIMAL,0.0,0.0,1.0174397000228055,0.09501879999879748,2,23,true
P05_N020_M030_R14_seed105203014,true,true,true,true,AGREEMENT,OPTIMAL,OPTIMAL,374.0,374.0,0.8085344000137411,0.2863826000248082,2,23,true
P05_N020_M030_R15_seed105203015,true,true,true,true,AGREEMENT,OPTIMAL,OPTIMAL,0.0,0.0,1.0024188000243157,0.07314779999433085,2,23,true
P05_N020_M030_R16_seed105203016,true,true,true,true,AGREEMENT,OPTIMAL,OPTIMAL,0.0,0.0,1.6507160000037402,0.1438522000098601,5,28,true
P05_N020_M030_R17_seed105203017,true,true,true,true,AGREEMENT,OPTIMAL,OPTIMAL,0.0,0.0,0.8711512999725528,0.10388119996059686,2,25,true
P05_N020_M030_R18_seed105203018,true,true,true,true,AGREEMENT,OPTIMAL,OPTIMAL,0.0,0.0,0.8173616999993101,0.10997360001783818,2,23,true
P05_N020_M030_R19_seed105203019,true,true,true,false,MULTIPLE_OPTIMAL_DECISIONS,OPTIMAL,OPTIMAL,86.0,86.0,0.7588729999843054,0.6053407000144944,2,29,true
P05_N020_M030_R20_seed105203020,true,true,true,true,AGREEMENT,OPTIMAL,OPTIMAL,295.0,295.0,0.8228643999900669,0.46270569995976985,2,25,true
P05_N020_M030_R21_seed105203021,true,true,true,true,AGREEMENT,OPTIMAL,OPTIMAL,151.0,151.0,0.8751261999714188,0.12600649998057634,2,23,true
P05_N020_M030_R22_seed105203022,true,true,true,true,AGREEMENT,OPTIMAL,OPTIMAL,3.0,3.0,0.9277893000398763,0.12764009996317327,2,23,true
P05_N020_M030_R23_seed105203023,true,true,true,true,AGREEMENT,OPTIMAL,OPTIMAL,159.0,159.0,1.038031600008253,0.5672582000261173,2,33,true
P05_N020_M030_R24_seed105203024,true,true,true,true,AGREEMENT,OPTIMAL,OPTIMAL,0.0,0.0,0.7499133000383154,0.09985280002001673,2,23,true
P05_N020_M030_R25_seed105203025,true,true,true,true,AGREEMENT,OPTIMAL,OPTIMAL,40.0,40.0,0.8209266000194475,0.2890206999727525,2,23,true
P05_N020_M030_R26_seed105203026,true,true,true,true,AGREEMENT,OPTIMAL,OPTIMAL,3.0,3.0,1.1188678999897093,0.18344600003911182,2,23,true
P05_N020_M030_R27_seed105203027,true,true,true,true,AGREEMENT,OPTIMAL,OPTIMAL,176.0,176.0,0.8103182999766432,0.47675680002430454,2,25,true
P05_N020_M030_R28_seed105203028,true,true,true,true,AGREEMENT,OPTIMAL,OPTIMAL,66.0,66.0,0.9009535000077449,0.11799060000339523,2,23,true
P05_N020_M030_R29_seed105203029,true,true,true,true,AGREEMENT,OPTIMAL,OPTIMAL,196.0,196.0,1.004325699992478,0.14257660001749173,2,23,true
P05_N020_M030_R30_seed105203030,true,true,true,true,AGREEMENT,OPTIMAL,OPTIMAL,68.0,68.0,0.936959599959664,0.15761039999779314,2,23,true
P05_N020_M050_R01_seed105205001,true,true,true,true,AGREEMENT,OPTIMAL,OPTIMAL,51.0,51.0,1.6942311999737285,0.14746079995529726,2,23,true
P05_N020_M050_R02_seed105205002,true,true,true,true,AGREEMENT,OPTIMAL,OPTIMAL,74.0,74.0,1.603248200030066,0.11555909999879077,2,27,true
P05_N020_M050_R03_seed105205003,true,true,true,true,AGREEMENT,OPTIMAL,OPTIMAL,0.0,0.0,1.6289176999707706,0.0961130999494344,2,23,true
P05_N020_M050_R04_seed105205004,true,true,true,true,AGREEMENT,OPTIMAL,OPTIMAL,0.0,0.0,1.4391944000381045,0.21793059998890385,2,23,true
P05_N020_M050_R05_seed105205005,true,true,true,true,AGREEMENT,OPTIMAL,OPTIMAL,0.0,0.0,1.7512274000328034,0.1393640000023879,2,23,true
P05_N020_M050_R06_seed105205006,true,true,true,true,AGREEMENT,OPTIMAL,OPTIMAL,0.0,0.0,1.2923897000146098,0.1616109000169672,2,23,true
P05_N020_M050_R07_seed105205007,true,true,true,true,AGREEMENT,OPTIMAL,OPTIMAL,0.0,0.0,1.7147909000050277,0.1362678000004962,2,23,true
P05_N020_M050_R08_seed105205008,true,true,true,true,AGREEMENT,OPTIMAL,OPTIMAL,145.0,145.0,1.5798624000162818,0.4324221000424586,2,23,true
P05_N020_M050_R09_seed105205009,true,true,true,true,AGREEMENT,OPTIMAL,OPTIMAL,76.0,76.0,1.8061755999806337,0.15168850001646206,2,23,true
P05_N020_M050_R10_seed105205010,true,true,true,true,AGREEMENT,OPTIMAL,OPTIMAL,24.0,24.0,1.6393170999945141,0.14780310000060126,2,25,true
P05_N020_M050_R11_seed105205011,true,true,true,true,AGREEMENT,OPTIMAL,OPTIMAL,110.0,110.0,1.69640580000123,0.4218181999749504,2,23,true
P05_N020_M050_R12_seed105205012,true,true,true,true,AGREEMENT,OPTIMAL,OPTIMAL,21.0,21.0,1.6695676000090316,0.10916950000682846,2,23,true
P05_N020_M050_R13_seed105205013,true,true,true,true,AGREEMENT,OPTIMAL,OPTIMAL,0.0,0.0,1.732347400044091,0.19193729996914044,2,23,true
P05_N020_M050_R14_seed105205014,true,true,true,true,AGREEMENT,OPTIMAL,OPTIMAL,136.0,136.0,1.8853914000210352,0.24618680001003668,2,23,true
P05_N020_M050_R15_seed105205015,true,true,true,true,AGREEMENT,OPTIMAL,OPTIMAL,0.0,0.0,1.5370952999801375,0.2087216000072658,2,25,true
P05_N020_M050_R16_seed105205016,true,true,true,true,AGREEMENT,OPTIMAL,OPTIMAL,0.0,0.0,2.2593220000271685,0.16779989999486133,2,23,true
P05_N020_M050_R17_seed105205017,true,true,true,true,AGREEMENT,OPTIMAL,OPTIMAL,0.0,0.0,2.0133042999659665,0.21836290002102032,2,23,true
P05_N020_M050_R18_seed105205018,true,true,true,true,AGREEMENT,OPTIMAL,OPTIMAL,0.0,0.0,1.9587112999870442,0.18671390000963584,2,25,true
P05_N020_M050_R19_seed105205019,true,true,true,true,AGREEMENT,OPTIMAL,OPTIMAL,51.0,51.0,1.6689308999921195,0.1509247999638319,2,23,true
P05_N020_M050_R20_seed105205020,true,true,true,true,AGREEMENT,OPTIMAL,OPTIMAL,8.0,8.0,1.8437218999606557,0.21096439997199923,2,23,true
P05_N020_M050_R21_seed105205021,true,true,true,true,AGREEMENT,OPTIMAL,OPTIMAL,51.0,51.0,2.0756612999830395,0.8419442000449635,2,35,true
P05_N020_M050_R22_seed105205022,true,true,true,true,AGREEMENT,OPTIMAL,OPTIMAL,34.0,34.0,2.057154200039804,0.22747069998877123,2,27,true
P05_N020_M050_R23_seed105205023,true,true,true,true,AGREEMENT,OPTIMAL,OPTIMAL,31.0,31.0,2.094617099966854,0.2255551999551244,2,25,true
P05_N020_M050_R24_seed105205024,true,true,true,true,AGREEMENT,OPTIMAL,OPTIMAL,0.0,0.0,3.3873281000414863,0.13728100003208965,4,25,true
P05_N020_M050_R25_seed105205025,true,true,true,true,AGREEMENT,OPTIMAL,OPTIMAL,0.0,0.0,1.8933801000239328,0.13675260002491996,2,25,true
P05_N020_M050_R26_seed105205026,true,true,true,true,AGREEMENT,OPTIMAL,OPTIMAL,0.0,0.0,1.9297864999971353,0.16824740002630278,2,27,true
P05_N020_M050_R27_seed105205027,true,true,true,true,AGREEMENT,OPTIMAL,OPTIMAL,0.0,0.0,3.1156925999675877,0.7754157999879681,5,35,true
P05_N020_M050_R28_seed105205028,true,true,true,true,AGREEMENT,OPTIMAL,OPTIMAL,39.0,39.0,1.9860881000058725,0.24274869996588677,2,25,true
P05_N020_M050_R29_seed105205029,true,true,true,true,AGREEMENT,OPTIMAL,OPTIMAL,0.0,0.0,2.0162457000114955,0.25580620003165677,2,27,true
P05_N020_M050_R30_seed105205030,true,true,true,true,AGREEMENT,OPTIMAL,OPTIMAL,96.0,96.0,2.0810190999764018,0.21887430001515895,2,23,true
P05_N050_M010_R01_seed105501001,true,true,true,true,AGREEMENT,OPTIMAL,OPTIMAL,418.0,418.0,13.91772620001575,237.73034599999664,2,525,true
P05_N050_M010_R02_seed105501002,true,false,false,false,NEITHER_OPTIMAL,TIME_LIMIT,TIME_LIMIT,402.0,,300.0241670999676,300.01004230004037,7,310,true
P05_N050_M010_R03_seed105501003,true,true,true,true,AGREEMENT,OPTIMAL,OPTIMAL,287.0,287.0,8.40042939997511,12.511770299985074,8,217,true
P05_N050_M010_R04_seed105501004,true,true,true,true,AGREEMENT,OPTIMAL,OPTIMAL,247.0,247.0,7.117628299980424,1.9394663999555632,5,97,true
P05_N050_M010_R05_seed105501005,true,true,true,true,AGREEMENT,OPTIMAL,OPTIMAL,232.0,232.0,3.2393577999901026,2.1390575999976136,2,104,true
P05_N050_M010_R06_seed105501006,true,true,true,true,AGREEMENT,OPTIMAL,OPTIMAL,544.0,544.0,9.421770600019954,202.30995950003853,2,652,true
P05_N050_M010_R07_seed105501007,true,true,true,true,AGREEMENT,OPTIMAL,OPTIMAL,174.0,174.0,7.114763499994297,2.0889305000309832,5,103,true
P05_N050_M010_R08_seed105501008,true,false,false,false,NEITHER_OPTIMAL,TIME_LIMIT,TIME_LIMIT,941.0,,300.02470439998433,300.03701169998385,4,227,true
P05_N050_M010_R09_seed105501009,true,true,true,true,AGREEMENT,OPTIMAL,OPTIMAL,174.0,174.0,3.8984495000331663,1.4989658999838866,2,81,true
P05_N050_M010_R10_seed105501010,true,true,true,true,AGREEMENT,OPTIMAL,OPTIMAL,560.0,560.0,3.956185600021854,1.4439842000138015,2,63,true
P05_N050_M010_R11_seed105501011,true,true,true,true,AGREEMENT,OPTIMAL,OPTIMAL,320.0,320.0,3.8222046999726444,1.1221867999993265,2,61,true
P05_N050_M010_R12_seed105501012,true,false,false,false,ALIC_ONLY_OPTIMAL,OPTIMAL,TIME_LIMIT,1342.0,,81.87395570002263,300.0039463000139,5,388,true
P05_N050_M010_R13_seed105501013,true,true,true,true,AGREEMENT,OPTIMAL,OPTIMAL,627.0,627.0,3.537721899978351,0.9167931000120007,2,55,true
P05_N050_M010_R14_seed105501014,true,true,true,true,AGREEMENT,OPTIMAL,OPTIMAL,329.0,329.0,3.198083199968096,1.0871579999802634,2,57,true
P05_N050_M010_R15_seed105501015,true,true,true,true,AGREEMENT,OPTIMAL,OPTIMAL,241.0,241.0,3.3064315999508835,0.4182528000092134,2,55,true
P05_N050_M010_R16_seed105501016,true,true,true,true,AGREEMENT,OPTIMAL,OPTIMAL,82.0,82.0,3.9087947999942116,0.3935754999984056,2,57,true
P05_N050_M010_R17_seed105501017,true,true,true,true,AGREEMENT,OPTIMAL,OPTIMAL,464.0,464.0,5.0557668000110425,20.965928599995095,2,201,true
P05_N050_M010_R18_seed105501018,true,true,true,true,AGREEMENT,OPTIMAL,OPTIMAL,3814.0,3814.0,99.49301659996854,142.22642299998552,2,201,true
P05_N050_M010_R19_seed105501019,true,true,true,true,AGREEMENT,OPTIMAL,OPTIMAL,286.0,286.0,3.756182399985846,0.23255369998514652,2,53,true
P05_N050_M010_R20_seed105501020,true,true,true,true,AGREEMENT,OPTIMAL,OPTIMAL,723.0,723.0,3.5166180999949574,1.0469681000104174,2,53,true
P05_N050_M010_R21_seed105501021,true,true,true,true,AGREEMENT,OPTIMAL,OPTIMAL,129.0,129.0,3.29607640003087,0.3131347000016831,2,59,true
P05_N050_M010_R22_seed105501022,true,true,true,true,AGREEMENT,OPTIMAL,OPTIMAL,0.0,0.0,3.5203179999953136,0.3149377000518143,2,53,true
P05_N050_M010_R23_seed105501023,true,true,true,true,AGREEMENT,OPTIMAL,OPTIMAL,386.0,386.0,4.042033599980641,2.2044714000076056,2,83,true
P05_N050_M010_R24_seed105501024,true,true,true,true,AGREEMENT,OPTIMAL,OPTIMAL,4.0,4.0,6.807393499999307,1.8524755000253208,5,98,true
P05_N050_M010_R25_seed105501025,true,true,true,true,AGREEMENT,OPTIMAL,OPTIMAL,281.0,281.0,5.1044156000134535,0.6854022999759763,5,58,true
P05_N050_M010_R26_seed105501026,true,true,true,true,AGREEMENT,OPTIMAL,OPTIMAL,13.0,13.0,2.2323312999797054,0.15977699996437877,2,55,true
P05_N050_M010_R27_seed105501027,true,true,true,true,AGREEMENT,OPTIMAL,OPTIMAL,416.0,416.0,2.898690300004091,0.8275040000444278,2,57,true
P05_N050_M010_R28_seed105501028,true,true,true,true,AGREEMENT,OPTIMAL,OPTIMAL,728.0,728.0,8.414889300009236,14.682393900002353,8,177,true
P05_N050_M010_R29_seed105501029,true,true,true,true,AGREEMENT,OPTIMAL,OPTIMAL,885.0,885.0,2.538476499961689,1.4405049000051804,2,55,true
P05_N050_M010_R30_seed105501030,true,true,true,true,AGREEMENT,OPTIMAL,OPTIMAL,488.0,488.0,10.224428499990609,167.35095619998174,5,912,true
P05_N050_M020_R01_seed105502001,true,true,true,true,AGREEMENT,OPTIMAL,OPTIMAL,0.0,0.0,2.5244199000298977,0.20302350004203618,2,55,true
P05_N050_M020_R02_seed105502002,true,true,true,true,AGREEMENT,OPTIMAL,OPTIMAL,0.0,0.0,2.633755899965763,0.6735347000067122,2,85,true
P05_N050_M020_R03_seed105502003,true,true,true,true,AGREEMENT,OPTIMAL,OPTIMAL,24.0,24.0,2.693566699977964,0.21570659999269992,2,55,true
P05_N050_M020_R04_seed105502004,true,true,true,true,AGREEMENT,OPTIMAL,OPTIMAL,158.0,158.0,2.593616900034249,0.38898720004362985,2,55,true
P05_N050_M020_R05_seed105502005,true,true,true,true,AGREEMENT,OPTIMAL,OPTIMAL,121.0,121.0,6.939944099984132,0.19714389997534454,4,55,true
P05_N050_M020_R06_seed105502006,true,false,false,false,ALIC_ONLY_OPTIMAL,OPTIMAL,TIME_LIMIT,827.0,,19.948163599998225,300.00610040000174,2,631,true
P05_N050_M020_R07_seed105502007,true,true,true,true,AGREEMENT,OPTIMAL,OPTIMAL,250.0,250.0,3.961040999973193,9.472445100022014,2,175,true
P05_N050_M020_R08_seed105502008,true,true,true,true,AGREEMENT,OPTIMAL,OPTIMAL,140.0,140.0,4.014619699970353,0.2332073000143282,2,55,true
P05_N050_M020_R09_seed105502009,true,true,true,true,AGREEMENT,OPTIMAL,OPTIMAL,336.0,336.0,2.6064453999861144,0.8859093999490142,2,71,true
P05_N050_M020_R10_seed105502010,true,true,true,true,AGREEMENT,OPTIMAL,OPTIMAL,202.0,202.0,4.050939099979587,0.6659623000305146,2,55,true
P05_N050_M020_R11_seed105502011,true,true,true,true,AGREEMENT,OPTIMAL,OPTIMAL,183.0,183.0,2.5404282999807037,1.096407699980773,2,85,true
P05_N050_M020_R12_seed105502012,true,true,true,true,AGREEMENT,OPTIMAL,OPTIMAL,0.0,0.0,2.5424811000120826,0.16865409997990355,2,53,true
P05_N050_M020_R13_seed105502013,true,true,true,true,AGREEMENT,OPTIMAL,OPTIMAL,171.0,171.0,2.5340193000156432,0.1961633999599144,2,53,true
P05_N050_M020_R14_seed105502014,true,true,true,true,AGREEMENT,OPTIMAL,OPTIMAL,92.0,92.0,2.516248399973847,0.5699094999581575,2,59,true
P05_N050_M020_R15_seed105502015,true,true,true,true,AGREEMENT,OPTIMAL,OPTIMAL,292.0,292.0,2.545789700001478,0.5779101000516675,2,53,true
P05_N050_M020_R16_seed105502016,true,true,true,true,AGREEMENT,OPTIMAL,OPTIMAL,90.0,90.0,2.5908278999850154,0.16365329996915534,2,53,true
P05_N050_M020_R17_seed105502017,true,true,true,true,AGREEMENT,OPTIMAL,OPTIMAL,263.0,263.0,2.6270882999524474,0.9850861000013538,2,71,true
P05_N050_M020_R18_seed105502018,true,true,true,true,AGREEMENT,OPTIMAL,OPTIMAL,190.0,190.0,6.487035800004378,0.7752063000225462,5,66,true
P05_N050_M020_R19_seed105502019,true,true,true,true,AGREEMENT,OPTIMAL,OPTIMAL,30.0,30.0,2.5500759999849834,0.1908464000443928,2,55,true
P05_N050_M020_R20_seed105502020,true,true,true,true,AGREEMENT,OPTIMAL,OPTIMAL,18.0,18.0,2.4965057000517845,0.1789563000202179,2,53,true
P05_N050_M020_R21_seed105502021,true,true,true,true,AGREEMENT,OPTIMAL,OPTIMAL,82.0,82.0,2.5281320000067353,0.17237799998838454,2,53,true
P05_N050_M020_R22_seed105502022,true,true,true,true,AGREEMENT,OPTIMAL,OPTIMAL,162.0,162.0,3.9585102000273764,0.34820700000273064,2,55,true
P05_N050_M020_R23_seed105502023,true,true,true,true,AGREEMENT,OPTIMAL,OPTIMAL,130.0,130.0,3.9679304999881424,0.4545170000055805,2,60,true
P05_N050_M020_R24_seed105502024,true,true,true,true,AGREEMENT,OPTIMAL,OPTIMAL,75.0,75.0,3.95527029997902,0.1687239999882877,2,53,true
P05_N050_M020_R25_seed105502025,true,true,true,true,AGREEMENT,OPTIMAL,OPTIMAL,85.0,85.0,2.5605234999675304,0.7113880999968387,2,69,true
P05_N050_M020_R26_seed105502026,true,true,true,true,AGREEMENT,OPTIMAL,OPTIMAL,0.0,0.0,4.373629500041716,0.19236290000844747,2,55,true
P05_N050_M020_R27_seed105502027,true,true,true,true,AGREEMENT,OPTIMAL,OPTIMAL,0.0,0.0,6.456479499989655,0.18520730000454932,5,56,true
P05_N050_M020_R28_seed105502028,true,true,true,true,AGREEMENT,OPTIMAL,OPTIMAL,109.0,109.0,2.5651961999828927,0.3507176999701187,2,57,true
P05_N050_M020_R29_seed105502029,true,true,true,true,AGREEMENT,OPTIMAL,OPTIMAL,147.0,147.0,2.570126699982211,0.2916739999782294,2,53,true
P05_N050_M020_R30_seed105502030,true,true,true,true,AGREEMENT,OPTIMAL,OPTIMAL,75.0,75.0,2.547432499995921,0.20408180000958964,2,54,true
P05_N050_M030_R01_seed105503001,true,true,true,true,AGREEMENT,OPTIMAL,OPTIMAL,51.0,51.0,7.676298399979714,0.7835216000094078,5,66,true
P05_N050_M030_R02_seed105503002,true,true,true,true,AGREEMENT,OPTIMAL,OPTIMAL,115.0,115.0,3.1611898000119254,0.44848950003506616,2,57,true
P05_N050_M030_R03_seed105503003,true,true,true,true,AGREEMENT,OPTIMAL,OPTIMAL,123.0,123.0,6.416318900010083,0.7076385999680497,5,62,true
P05_N050_M030_R04_seed105503004,true,true,true,true,AGREEMENT,OPTIMAL,OPTIMAL,136.0,136.0,3.1130256000324152,0.733139099960681,2,55,true
P05_N050_M030_R05_seed105503005,true,true,true,true,AGREEMENT,OPTIMAL,OPTIMAL,0.0,0.0,4.565159199992195,0.2111095999716781,2,53,true
P05_N050_M030_R06_seed105503006,true,true,true,true,AGREEMENT,OPTIMAL,OPTIMAL,270.0,270.0,3.19366920000175,0.6259126999648288,2,55,true
P05_N050_M030_R07_seed105503007,true,true,true,true,AGREEMENT,OPTIMAL,OPTIMAL,76.0,76.0,3.1030286999884993,0.21496359998127446,2,53,true
P05_N050_M030_R08_seed105503008,true,true,true,true,AGREEMENT,OPTIMAL,OPTIMAL,64.0,64.0,4.739466500002891,0.5732866000034846,2,57,true
P05_N050_M030_R09_seed105503009,true,true,true,true,AGREEMENT,OPTIMAL,OPTIMAL,219.0,219.0,3.2748721999814734,0.7076044999994338,2,57,true
P05_N050_M030_R10_seed105503010,true,true,true,true,AGREEMENT,OPTIMAL,OPTIMAL,132.0,132.0,6.264106600021478,0.8020986000192352,5,67,true
P05_N050_M030_R11_seed105503011,true,true,true,true,AGREEMENT,OPTIMAL,OPTIMAL,151.0,151.0,3.2913794000050984,0.5609502000152133,2,55,true
P05_N050_M030_R12_seed105503012,true,true,true,true,AGREEMENT,OPTIMAL,OPTIMAL,0.0,0.0,3.2056999999913387,0.2749169999733567,2,59,true
P05_N050_M030_R13_seed105503013,true,true,true,true,AGREEMENT,OPTIMAL,OPTIMAL,286.0,286.0,4.645737699989695,0.5437350000138395,2,55,true
P05_N050_M030_R14_seed105503014,true,true,true,true,AGREEMENT,OPTIMAL,OPTIMAL,0.0,0.0,3.1377869000425562,0.2111849000211805,2,55,true
P05_N050_M030_R15_seed105503015,true,true,true,true,AGREEMENT,OPTIMAL,OPTIMAL,172.0,172.0,3.1836356000276282,0.2247019999776967,2,53,true
P05_N050_M030_R16_seed105503016,true,true,true,true,AGREEMENT,OPTIMAL,OPTIMAL,115.0,115.0,3.139027299999725,0.7586785000166856,2,63,true
P05_N050_M030_R17_seed105503017,true,true,true,true,AGREEMENT,OPTIMAL,OPTIMAL,28.0,28.0,4.726734500029124,0.19956660002935678,2,53,true
P05_N050_M030_R18_seed105503018,true,true,true,true,AGREEMENT,OPTIMAL,OPTIMAL,27.0,27.0,4.541452299978118,0.21347799996146932,2,53,true
P05_N050_M030_R19_seed105503019,true,true,true,true,AGREEMENT,OPTIMAL,OPTIMAL,123.0,123.0,4.564719100017101,0.1962795999716036,2,53,true
P05_N050_M030_R20_seed105503020,true,true,true,true,AGREEMENT,OPTIMAL,OPTIMAL,74.0,74.0,3.113432999991346,0.22807900002226233,2,57,true
P05_N050_M030_R21_seed105503021,true,true,true,true,AGREEMENT,OPTIMAL,OPTIMAL,64.0,64.0,3.1979325999855064,0.330764000013005,2,57,true
P05_N050_M030_R22_seed105503022,true,true,true,true,AGREEMENT,OPTIMAL,OPTIMAL,127.0,127.0,4.564923199999612,0.22285120002925396,2,53,true
P05_N050_M030_R23_seed105503023,true,true,true,true,AGREEMENT,OPTIMAL,OPTIMAL,173.0,173.0,3.1428713999921456,0.6647960999980569,2,53,true
P05_N050_M030_R24_seed105503024,true,true,true,true,AGREEMENT,OPTIMAL,OPTIMAL,209.0,209.0,3.330588600016199,0.6365068999584764,2,57,true
P05_N050_M030_R25_seed105503025,true,true,true,true,AGREEMENT,OPTIMAL,OPTIMAL,314.0,314.0,3.201244800002314,0.21676179999485612,2,53,true
P05_N050_M030_R26_seed105503026,true,true,true,true,AGREEMENT,OPTIMAL,OPTIMAL,17.0,17.0,3.1762415999546647,0.21103370003402233,2,53,true
P05_N050_M030_R27_seed105503027,true,true,true,true,AGREEMENT,OPTIMAL,OPTIMAL,24.0,24.0,4.589942199992947,0.3783725000103004,2,59,true
P05_N050_M030_R28_seed105503028,true,true,true,true,AGREEMENT,OPTIMAL,OPTIMAL,0.0,0.0,4.5735475000110455,0.2081008999957703,2,53,true
P05_N050_M030_R29_seed105503029,true,true,true,true,AGREEMENT,OPTIMAL,OPTIMAL,0.0,0.0,3.1640036000171676,0.2106698999996297,2,53,true
P05_N050_M030_R30_seed105503030,true,true,true,true,AGREEMENT,OPTIMAL,OPTIMAL,104.0,104.0,4.5258563999668695,0.20698459999402985,2,53,true
P05_N050_M050_R01_seed105505001,true,true,true,true,AGREEMENT,OPTIMAL,OPTIMAL,6.0,6.0,0.047979299968574196,0.29107969999313354,2,53,true
P05_N050_M050_R02_seed105505002,true,true,true,true,AGREEMENT,OPTIMAL,OPTIMAL,195.0,195.0,0.045540700026322156,0.26658940000925213,2,53,true
P05_N050_M050_R03_seed105505003,true,true,true,true,AGREEMENT,OPTIMAL,OPTIMAL,47.0,47.0,0.054554699978325516,0.29091590002644807,2,53,true
P05_N050_M050_R04_seed105505004,true,true,true,true,AGREEMENT,OPTIMAL,OPTIMAL,0.0,0.0,0.08364440000150353,0.28326120000565425,4,55,true
P05_N050_M050_R05_seed105505005,true,true,true,true,AGREEMENT,OPTIMAL,OPTIMAL,112.0,112.0,0.05093000002671033,0.5663708000211045,2,59,true
P05_N050_M050_R06_seed105505006,true,true,true,true,AGREEMENT,OPTIMAL,OPTIMAL,0.0,0.0,0.042753799993079156,0.26932920003309846,2,53,true
P05_N050_M050_R07_seed105505007,true,true,true,true,AGREEMENT,OPTIMAL,OPTIMAL,0.0,0.0,0.041430599987506866,0.2996262999949977,2,53,true
P05_N050_M050_R08_seed105505008,true,true,true,true,AGREEMENT,OPTIMAL,OPTIMAL,83.0,83.0,0.05649049999192357,0.28884480003034696,2,53,true
P05_N050_M050_R09_seed105505009,true,true,true,true,AGREEMENT,OPTIMAL,OPTIMAL,37.0,37.0,0.06878859997959808,0.8192544999765232,2,68,true
P05_N050_M050_R10_seed105505010,true,true,true,true,AGREEMENT,OPTIMAL,OPTIMAL,12.0,12.0,0.04412259999662638,0.28800020000198856,2,55,true
P05_N050_M050_R11_seed105505011,true,true,true,true,AGREEMENT,OPTIMAL,OPTIMAL,0.0,0.0,0.04554849996929988,0.2701574999955483,2,53,true
P05_N050_M050_R12_seed105505012,true,true,true,true,AGREEMENT,OPTIMAL,OPTIMAL,28.0,28.0,0.0413200999610126,0.28983329999027774,2,55,true
P05_N050_M050_R13_seed105505013,true,true,true,true,AGREEMENT,OPTIMAL,OPTIMAL,127.0,127.0,0.05650369997601956,0.38210679998155683,2,53,true
P05_N050_M050_R14_seed105505014,true,true,true,true,AGREEMENT,OPTIMAL,OPTIMAL,0.0,0.0,0.044205699989106506,0.28223890002118424,2,55,true
P05_N050_M050_R15_seed105505015,true,true,true,true,AGREEMENT,OPTIMAL,OPTIMAL,124.0,124.0,0.05324560002190992,0.7724665999994613,2,55,true
P05_N050_M050_R16_seed105505016,true,true,true,true,AGREEMENT,OPTIMAL,OPTIMAL,99.0,99.0,0.05994079995434731,0.42361129994969815,2,55,true
P05_N050_M050_R17_seed105505017,true,true,true,true,AGREEMENT,OPTIMAL,OPTIMAL,0.0,0.0,0.03822200000286102,0.28890629997476935,2,55,true
P05_N050_M050_R18_seed105505018,true,true,true,true,AGREEMENT,OPTIMAL,OPTIMAL,25.0,25.0,0.1133766999701038,0.50967070000479,5,56,true
P05_N050_M050_R19_seed105505019,true,true,true,true,AGREEMENT,OPTIMAL,OPTIMAL,159.0,159.0,0.05987569998251274,0.8077330999658443,2,57,true
P05_N050_M050_R20_seed105505020,true,true,true,true,AGREEMENT,OPTIMAL,OPTIMAL,61.0,61.0,0.05473319999873638,0.2940239000017755,2,53,true
P05_N050_M050_R21_seed105505021,true,true,true,true,AGREEMENT,OPTIMAL,OPTIMAL,156.0,156.0,0.04041919996961951,0.28977979999035597,2,53,true
P05_N050_M050_R22_seed105505022,true,true,true,true,AGREEMENT,OPTIMAL,OPTIMAL,176.0,176.0,0.05642219999572262,0.2867841999977827,2,53,true
P05_N050_M050_R23_seed105505023,true,true,true,true,AGREEMENT,OPTIMAL,OPTIMAL,95.0,95.0,0.09937440004432574,0.807599299994763,4,61,true
P05_N050_M050_R24_seed105505024,true,true,true,true,AGREEMENT,OPTIMAL,OPTIMAL,100.0,100.0,0.06080039998050779,0.2857990000047721,2,53,true
P05_N050_M050_R25_seed105505025,true,true,true,true,AGREEMENT,OPTIMAL,OPTIMAL,34.0,34.0,0.041158100008033216,0.28052880003815517,2,53,true
P05_N050_M050_R26_seed105505026,true,true,true,true,AGREEMENT,OPTIMAL,OPTIMAL,0.0,0.0,0.041694700019434094,0.28540489997249097,2,53,true
P05_N050_M050_R27_seed105505027,true,true,true,true,AGREEMENT,OPTIMAL,OPTIMAL,17.0,17.0,0.04025639995234087,0.2808653999818489,2,53,true
P05_N050_M050_R28_seed105505028,true,true,true,true,AGREEMENT,OPTIMAL,OPTIMAL,0.0,0.0,0.044274199986830354,0.27277979999780655,2,53,true
P05_N050_M050_R29_seed105505029,true,true,true,true,AGREEMENT,OPTIMAL,OPTIMAL,0.0,0.0,0.04027779999887571,0.29348039999604225,2,55,true
P05_N050_M050_R30_seed105505030,true,true,true,true,AGREEMENT,OPTIMAL,OPTIMAL,0.0,0.0,0.04213539999909699,0.29018740000901744,2,55,true
P10_N010_M010_R01_seed110101001,true,true,true,true,AGREEMENT,OPTIMAL,OPTIMAL,144.0,144.0,0.09617420000722632,0.37626689998432994,2,41,true
P10_N010_M010_R02_seed110101002,true,true,true,true,AGREEMENT,OPTIMAL,OPTIMAL,0.0,0.0,0.07648150000022724,0.028102100011892617,2,13,true
P10_N010_M010_R03_seed110101003,true,true,true,true,AGREEMENT,OPTIMAL,OPTIMAL,0.0,0.0,0.08806129998993129,0.17700510000577196,2,33,true
P10_N010_M010_R04_seed110101004,true,true,true,true,AGREEMENT,OPTIMAL,OPTIMAL,52.0,52.0,0.06972820003284141,0.022775699966587126,2,13,true
P10_N010_M010_R05_seed110101005,true,true,true,true,AGREEMENT,OPTIMAL,OPTIMAL,237.0,237.0,0.08037510002031922,0.045749799988698214,2,15,true
P10_N010_M010_R06_seed110101006,true,true,true,true,AGREEMENT,OPTIMAL,OPTIMAL,304.0,304.0,0.08612739999080077,0.08515459997579455,2,13,true
P10_N010_M010_R07_seed110101007,true,true,true,true,AGREEMENT,OPTIMAL,OPTIMAL,355.0,355.0,0.08438899996690452,0.1555142000433989,2,15,true
P10_N010_M010_R08_seed110101008,true,true,true,true,AGREEMENT,OPTIMAL,OPTIMAL,333.0,333.0,0.0866018999950029,0.1504426000174135,2,17,true
P10_N010_M010_R09_seed110101009,true,true,true,true,AGREEMENT,OPTIMAL,OPTIMAL,151.0,151.0,0.10416149999946356,0.1834470999892801,2,27,true
P10_N010_M010_R10_seed110101010,true,true,true,true,AGREEMENT,OPTIMAL,OPTIMAL,44.0,44.0,0.09050029999343678,0.03254300000844523,2,13,true
P10_N010_M010_R11_seed110101011,true,true,true,true,AGREEMENT,OPTIMAL,OPTIMAL,459.0,459.0,0.34922909998567775,1.0410894000087865,2,65,true
P10_N010_M010_R12_seed110101012,true,true,true,true,AGREEMENT,OPTIMAL,OPTIMAL,67.0,67.0,0.11557229998288676,0.3912902000010945,2,48,true
P10_N010_M010_R13_seed110101013,true,true,true,true,AGREEMENT,OPTIMAL,OPTIMAL,44.0,44.0,0.08294320001732558,0.038331300020217896,2,13,true
P10_N010_M010_R14_seed110101014,true,true,true,true,AGREEMENT,OPTIMAL,OPTIMAL,41.0,41.0,0.08351080003194511,0.13331669999752194,2,19,true
P10_N010_M010_R15_seed110101015,true,true,true,true,AGREEMENT,OPTIMAL,OPTIMAL,193.0,193.0,0.09555420000106096,0.3318481000023894,2,43,true
P10_N010_M010_R16_seed110101016,true,true,true,true,AGREEMENT,OPTIMAL,OPTIMAL,863.0,863.0,0.2738823000108823,1.309366500005126,2,33,true
P10_N010_M010_R17_seed110101017,true,true,true,true,AGREEMENT,OPTIMAL,OPTIMAL,534.0,534.0,0.09389540000120178,0.16136780002852902,2,15,true
P10_N010_M010_R18_seed110101018,true,true,true,true,AGREEMENT,OPTIMAL,OPTIMAL,168.0,168.0,0.0852115000016056,0.025268000026699156,2,13,true
P10_N010_M010_R19_seed110101019,true,true,true,true,AGREEMENT,OPTIMAL,OPTIMAL,304.0,304.0,0.12737059994833544,0.3715217999997549,2,35,true
P10_N010_M010_R20_seed110101020,true,true,true,true,AGREEMENT,OPTIMAL,OPTIMAL,30.0,30.0,0.07959909999044612,0.050729199952911586,2,19,true
P10_N010_M010_R21_seed110101021,true,true,true,true,AGREEMENT,OPTIMAL,OPTIMAL,404.0,404.0,0.12474709999514744,0.12652290001278743,2,17,true
P10_N010_M010_R22_seed110101022,true,true,true,true,AGREEMENT,OPTIMAL,OPTIMAL,368.0,368.0,0.08593870000913739,0.10915819997899234,2,13,true
P10_N010_M010_R23_seed110101023,true,true,true,true,AGREEMENT,OPTIMAL,OPTIMAL,194.0,194.0,0.0748547000112012,0.13790309999603778,2,19,true
P10_N010_M010_R24_seed110101024,true,true,true,true,AGREEMENT,OPTIMAL,OPTIMAL,139.0,139.0,0.07314029999542981,0.028878199984319508,2,13,true
P10_N010_M010_R25_seed110101025,true,true,true,true,AGREEMENT,OPTIMAL,OPTIMAL,63.0,63.0,0.07350960001349449,0.02497820003191009,2,13,true
P10_N010_M010_R26_seed110101026,true,true,true,true,AGREEMENT,OPTIMAL,OPTIMAL,356.0,356.0,0.08643500000471249,0.024857099982909858,2,13,true
P10_N010_M010_R27_seed110101027,true,true,true,true,AGREEMENT,OPTIMAL,OPTIMAL,4.0,4.0,0.07201730000087991,0.030717400019057095,2,15,true
P10_N010_M010_R28_seed110101028,true,true,true,true,AGREEMENT,OPTIMAL,OPTIMAL,69.0,69.0,0.08421309996629134,0.03142160002607852,2,15,true
P10_N010_M010_R29_seed110101029,true,true,true,true,AGREEMENT,OPTIMAL,OPTIMAL,21.0,21.0,0.08863870002096519,0.04138430004240945,2,13,true
P10_N010_M010_R30_seed110101030,true,true,true,true,AGREEMENT,OPTIMAL,OPTIMAL,352.0,352.0,0.11178840004140511,0.3368289000354707,2,29,true
P10_N010_M020_R01_seed110102001,true,true,true,true,AGREEMENT,OPTIMAL,OPTIMAL,186.0,186.0,0.12735270004486665,0.027732099988497794,2,13,true
P10_N010_M020_R02_seed110102002,true,true,true,true,AGREEMENT,OPTIMAL,OPTIMAL,0.0,0.0,0.11113949998980388,0.029610699974000454,2,13,true
P10_N010_M020_R03_seed110102003,true,true,true,true,AGREEMENT,OPTIMAL,OPTIMAL,3.0,3.0,0.10694689996307716,0.04020639997906983,2,15,true
P10_N010_M020_R04_seed110102004,true,true,true,true,AGREEMENT,OPTIMAL,OPTIMAL,18.0,18.0,0.12093209999147803,0.0297104999772273,2,13,true
P10_N010_M020_R05_seed110102005,true,true,true,true,AGREEMENT,OPTIMAL,OPTIMAL,43.0,43.0,0.11066150001715869,0.03626059996895492,2,13,true
P10_N010_M020_R06_seed110102006,true,true,true,true,AGREEMENT,OPTIMAL,OPTIMAL,1.0,1.0,0.1056598000577651,0.032265799993183464,2,13,true
P10_N010_M020_R07_seed110102007,true,true,true,true,AGREEMENT,OPTIMAL,OPTIMAL,90.0,90.0,0.11503379995701835,0.03942990000359714,2,13,true
P10_N010_M020_R08_seed110102008,true,true,true,true,AGREEMENT,OPTIMAL,OPTIMAL,107.0,107.0,0.11728790000779554,0.11734909994993359,2,17,true
P10_N010_M020_R09_seed110102009,true,true,true,true,AGREEMENT,OPTIMAL,OPTIMAL,0.0,0.0,0.1377323999768123,0.028927500010468066,2,13,true
P10_N010_M020_R10_seed110102010,true,true,true,true,AGREEMENT,OPTIMAL,OPTIMAL,279.0,279.0,0.14646780001930892,0.336192500020843,2,39,true
P10_N010_M020_R11_seed110102011,true,true,true,true,AGREEMENT,OPTIMAL,OPTIMAL,94.0,94.0,0.12521999998716637,0.02745120000327006,2,13,true
P10_N010_M020_R12_seed110102012,true,true,true,true,AGREEMENT,OPTIMAL,OPTIMAL,92.0,92.0,0.11435099999653175,0.02987830003257841,2,13,true
P10_N010_M020_R13_seed110102013,true,true,true,true,AGREEMENT,OPTIMAL,OPTIMAL,24.0,24.0,0.11456000001635402,0.03022790001705289,2,15,true
P10_N010_M020_R14_seed110102014,true,true,true,true,AGREEMENT,OPTIMAL,OPTIMAL,67.0,67.0,0.12876299995696172,0.029646400013007224,2,15,true
P10_N010_M020_R15_seed110102015,true,true,true,true,AGREEMENT,OPTIMAL,OPTIMAL,73.0,73.0,0.11961400002473965,0.027939199993852526,2,13,true
P10_N010_M020_R16_seed110102016,true,true,true,true,AGREEMENT,OPTIMAL,OPTIMAL,0.0,0.0,0.12381369998911396,0.03254909999668598,2,13,true
P10_N010_M020_R17_seed110102017,true,true,true,true,AGREEMENT,OPTIMAL,OPTIMAL,0.0,0.0,0.11396909999893978,0.0338876000023447,2,13,true
P10_N010_M020_R18_seed110102018,true,true,true,true,AGREEMENT,OPTIMAL,OPTIMAL,0.0,0.0,0.11058910004794598,0.027801899996120483,2,13,true
P10_N010_M020_R19_seed110102019,true,true,true,true,AGREEMENT,OPTIMAL,OPTIMAL,0.0,0.0,0.12378230004105717,0.028272599971387535,2,13,true
P10_N010_M020_R20_seed110102020,true,true,true,true,AGREEMENT,OPTIMAL,OPTIMAL,68.0,68.0,0.12852999998722225,0.03920579998521134,2,15,true
P10_N010_M020_R21_seed110102021,true,true,true,true,AGREEMENT,OPTIMAL,OPTIMAL,0.0,0.0,0.10762140003498644,0.041222200030460954,2,19,true
P10_N010_M020_R22_seed110102022,true,true,true,true,AGREEMENT,OPTIMAL,OPTIMAL,198.0,198.0,0.13812570000300184,0.026596000010613352,2,13,true
P10_N010_M020_R23_seed110102023,true,true,true,true,AGREEMENT,OPTIMAL,OPTIMAL,138.0,138.0,0.11648460000287741,0.17020699998829514,2,21,true
P10_N010_M020_R24_seed110102024,true,true,true,true,AGREEMENT,OPTIMAL,OPTIMAL,35.0,35.0,0.1178702000179328,0.03413169999839738,2,17,true
P10_N010_M020_R25_seed110102025,true,true,true,true,AGREEMENT,OPTIMAL,OPTIMAL,0.0,0.0,0.11810269998386502,0.03510459995595738,2,15,true
P10_N010_M020_R26_seed110102026,true,true,true,true,AGREEMENT,OPTIMAL,OPTIMAL,0.0,0.0,0.10785200004465878,0.025522499985527247,2,13,true
P10_N010_M020_R27_seed110102027,true,true,true,true,AGREEMENT,OPTIMAL,OPTIMAL,0.0,0.0,0.12580510001862422,0.03859180002473295,2,15,true
P10_N010_M020_R28_seed110102028,true,true,true,true,AGREEMENT,OPTIMAL,OPTIMAL,312.0,312.0,0.11437769996700808,0.11061249999329448,2,13,true
P10_N010_M020_R29_seed110102029,true,true,true,true,AGREEMENT,OPTIMAL,OPTIMAL,0.0,0.0,0.10335889999987558,0.03153400000883266,2,13,true
P10_N010_M020_R30_seed110102030,true,true,true,true,AGREEMENT,OPTIMAL,OPTIMAL,80.0,80.0,0.12157199997454882,0.11574670003028587,2,19,true
P10_N010_M030_R01_seed110103001,true,true,true,true,AGREEMENT,OPTIMAL,OPTIMAL,0.0,0.0,0.15948570001637563,0.033431500021833926,2,15,true
P10_N010_M030_R02_seed110103002,true,true,true,true,AGREEMENT,OPTIMAL,OPTIMAL,0.0,0.0,0.15835729998070747,0.0321983999456279,2,15,true
P10_N010_M030_R03_seed110103003,true,true,true,true,AGREEMENT,OPTIMAL,OPTIMAL,57.0,57.0,0.161561899993103,0.03550530003849417,2,15,true
P10_N010_M030_R04_seed110103004,true,true,true,true,AGREEMENT,OPTIMAL,OPTIMAL,436.0,436.0,0.19005909998668358,0.11530150001635775,2,15,true
P10_N010_M030_R05_seed110103005,true,true,true,true,AGREEMENT,OPTIMAL,OPTIMAL,0.0,0.0,0.1633323000278324,0.0297862000297755,2,13,true
P10_N010_M030_R06_seed110103006,true,true,true,true,AGREEMENT,OPTIMAL,OPTIMAL,0.0,0.0,0.15826730005210266,0.03384590003406629,2,13,true
P10_N010_M030_R07_seed110103007,true,true,true,true,AGREEMENT,OPTIMAL,OPTIMAL,0.0,0.0,0.1619407000252977,0.03735279996180907,2,13,true
P10_N010_M030_R08_seed110103008,true,true,true,true,AGREEMENT,OPTIMAL,OPTIMAL,93.0,93.0,0.1691986999940127,0.0856404000078328,2,15,true
P10_N010_M030_R09_seed110103009,true,true,true,true,AGREEMENT,OPTIMAL,OPTIMAL,0.0,0.0,0.1653944999561645,0.03094620001502335,2,13,true
P10_N010_M030_R10_seed110103010,true,true,true,true,AGREEMENT,OPTIMAL,OPTIMAL,47.0,47.0,0.17372110002906993,0.1433178000152111,2,21,true
P10_N010_M030_R11_seed110103011,true,true,true,true,AGREEMENT,OPTIMAL,OPTIMAL,18.0,18.0,0.1607224000035785,0.03193909995025024,2,13,true
P10_N010_M030_R12_seed110103012,true,true,true,true,AGREEMENT,OPTIMAL,OPTIMAL,48.0,48.0,0.16250799997942522,0.034003500011749566,2,15,true
P10_N010_M030_R13_seed110103013,true,true,true,true,AGREEMENT,OPTIMAL,OPTIMAL,0.0,0.0,0.1583083999576047,0.03307860001223162,2,13,true
P10_N010_M030_R14_seed110103014,true,true,true,true,AGREEMENT,OPTIMAL,OPTIMAL,67.0,67.0,0.16456220002146438,0.030871900031343102,2,13,true
P10_N010_M030_R15_seed110103015,true,true,true,true,AGREEMENT,OPTIMAL,OPTIMAL,32.0,32.0,0.17374900000868365,0.029832299973350018,2,13,true
P10_N010_M030_R16_seed110103016,true,true,true,true,AGREEMENT,OPTIMAL,OPTIMAL,0.0,0.0,0.19613420002860948,0.027758600015658885,2,13,true
P10_N010_M030_R17_seed110103017,true,true,true,true,AGREEMENT,OPTIMAL,OPTIMAL,26.0,26.0,0.1603758999845013,0.040450100030284375,2,15,true
P10_N010_M030_R18_seed110103018,true,true,true,true,AGREEMENT,OPTIMAL,OPTIMAL,41.0,41.0,0.1698519000201486,0.031998899998143315,2,13,true
P10_N010_M030_R19_seed110103019,true,true,true,true,AGREEMENT,OPTIMAL,OPTIMAL,59.0,59.0,0.16539350000675768,0.03565939998952672,2,15,true
P10_N010_M030_R20_seed110103020,true,true,true,true,AGREEMENT,OPTIMAL,OPTIMAL,71.0,71.0,0.1612773999804631,0.02774739998858422,2,13,true
P10_N010_M030_R21_seed110103021,true,true,true,true,AGREEMENT,OPTIMAL,OPTIMAL,0.0,0.0,0.17795000004116446,0.04321259999414906,2,15,true
P10_N010_M030_R22_seed110103022,true,true,true,true,AGREEMENT,OPTIMAL,OPTIMAL,0.0,0.0,0.1576774999848567,0.025693099945783615,2,13,true
P10_N010_M030_R23_seed110103023,true,true,true,true,AGREEMENT,OPTIMAL,OPTIMAL,8.0,8.0,0.174431299965363,0.03365340002346784,2,15,true
P10_N010_M030_R24_seed110103024,true,true,true,true,AGREEMENT,OPTIMAL,OPTIMAL,8.0,8.0,0.1761687000398524,0.026399000023957342,2,13,true
P10_N010_M030_R25_seed110103025,true,true,true,true,AGREEMENT,OPTIMAL,OPTIMAL,0.0,0.0,0.16012730001239106,0.0326477000489831,2,13,true
P10_N010_M030_R26_seed110103026,true,true,true,true,AGREEMENT,OPTIMAL,OPTIMAL,173.0,173.0,0.16508730000350624,0.028930799977388233,2,13,true
P10_N010_M030_R27_seed110103027,true,true,true,true,AGREEMENT,OPTIMAL,OPTIMAL,96.0,96.0,0.17604910000227392,0.10250159999122843,2,17,true
P10_N010_M030_R28_seed110103028,true,true,true,true,AGREEMENT,OPTIMAL,OPTIMAL,0.0,0.0,0.15516760002356023,0.026869599998462945,2,13,true
P10_N010_M030_R29_seed110103029,true,true,true,true,AGREEMENT,OPTIMAL,OPTIMAL,27.0,27.0,0.15280630002962425,0.02958490001037717,2,13,true
P10_N010_M030_R30_seed110103030,true,true,true,true,AGREEMENT,OPTIMAL,OPTIMAL,59.0,59.0,0.17633300001034513,0.21586009999737144,2,33,true
P10_N010_M050_R01_seed110105001,true,true,true,true,AGREEMENT,OPTIMAL,OPTIMAL,0.0,0.0,0.3370054999832064,0.03470660001039505,2,13,true
P10_N010_M050_R02_seed110105002,true,true,true,true,AGREEMENT,OPTIMAL,OPTIMAL,31.0,31.0,0.3464197000139393,0.03610679996199906,2,13,true
P10_N010_M050_R03_seed110105003,true,true,true,true,AGREEMENT,OPTIMAL,OPTIMAL,41.0,41.0,0.34248610003851354,0.03783459996338934,2,15,true
P10_N010_M050_R04_seed110105004,true,true,true,true,AGREEMENT,OPTIMAL,OPTIMAL,0.0,0.0,0.3358948000241071,0.03482760000042617,2,13,true
P10_N010_M050_R05_seed110105005,true,true,true,true,AGREEMENT,OPTIMAL,OPTIMAL,0.0,0.0,0.3289038999937475,0.03454920003423467,2,13,true
P10_N010_M050_R06_seed110105006,true,true,true,true,AGREEMENT,OPTIMAL,OPTIMAL,117.0,117.0,0.34981259994674474,0.03268900001421571,2,13,true
P10_N010_M050_R07_seed110105007,true,true,true,true,AGREEMENT,OPTIMAL,OPTIMAL,124.0,124.0,0.3417123999679461,0.03533620003145188,2,13,true
P10_N010_M050_R08_seed110105008,true,true,true,true,AGREEMENT,OPTIMAL,OPTIMAL,57.0,57.0,0.34528489998774603,0.0370091000222601,2,15,true
P10_N010_M050_R09_seed110105009,true,true,true,true,AGREEMENT,OPTIMAL,OPTIMAL,22.0,22.0,0.3284205000381917,0.04108980001183227,2,13,true
P10_N010_M050_R10_seed110105010,true,true,true,true,AGREEMENT,OPTIMAL,OPTIMAL,38.0,38.0,0.33238819998223335,0.038538600027095526,2,15,true
P10_N010_M050_R11_seed110105011,true,true,true,true,AGREEMENT,OPTIMAL,OPTIMAL,0.0,0.0,0.331061500008218,0.03499559999909252,2,13,true
P10_N010_M050_R12_seed110105012,true,true,true,true,AGREEMENT,OPTIMAL,OPTIMAL,99.0,99.0,0.3311342000379227,0.046189900022000074,2,13,true
P10_N010_M050_R13_seed110105013,true,true,true,true,AGREEMENT,OPTIMAL,OPTIMAL,96.0,96.0,0.3466935000033118,0.04046519997064024,2,15,true
P10_N010_M050_R14_seed110105014,true,true,true,true,AGREEMENT,OPTIMAL,OPTIMAL,0.0,0.0,0.33718400000361726,0.042439999990165234,2,13,true
P10_N010_M050_R15_seed110105015,true,true,true,true,AGREEMENT,OPTIMAL,OPTIMAL,60.0,60.0,0.32554670004174113,0.03285320004215464,2,13,true
P10_N010_M050_R16_seed110105016,true,true,true,true,AGREEMENT,OPTIMAL,OPTIMAL,3.0,3.0,0.34521300002234057,0.03761310002300888,2,13,true
P10_N010_M050_R17_seed110105017,true,true,true,true,AGREEMENT,OPTIMAL,OPTIMAL,0.0,0.0,0.4223041999503039,0.0767403999925591,2,13,true
P10_N010_M050_R18_seed110105018,true,true,true,true,AGREEMENT,OPTIMAL,OPTIMAL,82.0,82.0,0.5271601999993436,0.17359760002000257,2,17,true
P10_N010_M050_R19_seed110105019,true,true,true,true,AGREEMENT,OPTIMAL,OPTIMAL,93.0,93.0,0.5461993000353687,0.04663840000284836,2,13,true
P10_N010_M050_R20_seed110105020,true,true,true,true,AGREEMENT,OPTIMAL,OPTIMAL,0.0,0.0,0.3317020999966189,0.030664099962450564,2,13,true
P10_N010_M050_R21_seed110105021,true,true,true,true,AGREEMENT,OPTIMAL,OPTIMAL,51.0,51.0,0.32368400000268593,0.03842419997090474,2,15,true
P10_N010_M050_R22_seed110105022,true,true,true,true,AGREEMENT,OPTIMAL,OPTIMAL,0.0,0.0,0.32859520002966747,0.034188699966762215,2,13,true
P10_N010_M050_R23_seed110105023,true,true,true,true,AGREEMENT,OPTIMAL,OPTIMAL,0.0,0.0,0.34074160002637655,0.03973770001903176,2,13,true
P10_N010_M050_R24_seed110105024,true,true,true,true,AGREEMENT,OPTIMAL,OPTIMAL,70.0,70.0,0.344881400000304,0.03596270002890378,2,15,true
P10_N010_M050_R25_seed110105025,true,true,true,true,AGREEMENT,OPTIMAL,OPTIMAL,0.0,0.0,0.3280631999950856,0.035718800034374,2,13,true
P10_N010_M050_R26_seed110105026,true,true,true,true,AGREEMENT,OPTIMAL,OPTIMAL,146.0,146.0,0.3475953999441117,0.03340979997301474,2,13,true
P10_N010_M050_R27_seed110105027,true,true,true,true,AGREEMENT,OPTIMAL,OPTIMAL,85.0,85.0,0.32903950003674254,0.034433100023306906,2,13,true
P10_N010_M050_R28_seed110105028,true,true,true,true,AGREEMENT,OPTIMAL,OPTIMAL,71.0,71.0,0.3256182000041008,0.039881000004243106,2,13,true
P10_N010_M050_R29_seed110105029,true,true,true,true,AGREEMENT,OPTIMAL,OPTIMAL,73.0,73.0,0.3267940999940038,0.04977039998630062,2,13,true
P10_N010_M050_R30_seed110105030,true,true,true,true,AGREEMENT,OPTIMAL,OPTIMAL,89.0,89.0,0.3470485000289045,0.09359269996639341,2,17,true
P10_N020_M010_R01_seed110201001,true,true,true,true,AGREEMENT,OPTIMAL,OPTIMAL,492.0,492.0,0.2154685000423342,0.7035839000018314,2,63,true
P10_N020_M010_R02_seed110201002,true,true,true,true,AGREEMENT,OPTIMAL,OPTIMAL,150.0,150.0,0.2299005999811925,0.28573569998843595,2,35,true
P10_N020_M010_R03_seed110201003,true,true,true,true,AGREEMENT,OPTIMAL,OPTIMAL,4.0,4.0,0.20265099999960512,0.05310169997392222,2,25,true
P10_N020_M010_R04_seed110201004,true,true,true,true,AGREEMENT,OPTIMAL,OPTIMAL,254.0,254.0,0.22387650003656745,0.08868749998509884,2,25,true
P10_N020_M010_R05_seed110201005,true,true,true,true,AGREEMENT,OPTIMAL,OPTIMAL,252.0,252.0,0.21729150001192465,0.24374850001186132,2,25,true
P10_N020_M010_R06_seed110201006,true,true,true,true,AGREEMENT,OPTIMAL,OPTIMAL,51.0,51.0,0.2282926999614574,0.07643349998397753,2,23,true
P10_N020_M010_R07_seed110201007,true,true,true,true,AGREEMENT,OPTIMAL,OPTIMAL,281.0,281.0,0.5443012999603525,5.38931009999942,2,149,true
P10_N020_M010_R08_seed110201008,true,true,true,true,AGREEMENT,OPTIMAL,OPTIMAL,5.0,5.0,0.2060526999994181,0.04509579995647073,2,23,true
P10_N020_M010_R09_seed110201009,true,true,true,true,AGREEMENT,OPTIMAL,OPTIMAL,117.0,117.0,0.21799650002503768,0.14299769996432588,2,25,true
P10_N020_M010_R10_seed110201010,true,true,true,true,AGREEMENT,OPTIMAL,OPTIMAL,439.0,439.0,0.4356174999848008,1.36115339997923,2,71,true
P10_N020_M010_R11_seed110201011,true,true,true,true,AGREEMENT,OPTIMAL,OPTIMAL,32.0,32.0,0.4139743000268936,0.06009929999709129,5,29,true
P10_N020_M010_R12_seed110201012,true,true,true,true,AGREEMENT,OPTIMAL,OPTIMAL,201.0,201.0,0.2745530999964103,0.31521269999211654,2,35,true
P10_N020_M010_R13_seed110201013,true,true,true,true,AGREEMENT,OPTIMAL,OPTIMAL,270.0,270.0,0.9324591000331566,11.3666407999699,2,184,true
P10_N020_M010_R14_seed110201014,true,true,true,true,AGREEMENT,OPTIMAL,OPTIMAL,299.0,299.0,0.8572959000011906,6.759605199971702,2,170,true
P10_N020_M010_R15_seed110201015,true,true,true,true,AGREEMENT,OPTIMAL,OPTIMAL,868.0,868.0,0.24430239998036996,0.3212581999832764,2,23,true
P10_N020_M010_R16_seed110201016,true,true,true,true,AGREEMENT,OPTIMAL,OPTIMAL,137.0,137.0,0.24470130004920065,0.11448930000187829,2,27,true
P10_N020_M010_R17_seed110201017,true,true,true,true,AGREEMENT,OPTIMAL,OPTIMAL,136.0,136.0,0.21624089998658746,0.05261489999247715,2,25,true
P10_N020_M010_R18_seed110201018,true,true,true,true,AGREEMENT,OPTIMAL,OPTIMAL,836.0,836.0,0.2858075999538414,0.7836572999949567,2,39,true
P10_N020_M010_R19_seed110201019,true,true,true,true,AGREEMENT,OPTIMAL,OPTIMAL,742.0,742.0,3.116489400039427,37.566858999955,2,269,true
P10_N020_M010_R20_seed110201020,true,true,true,true,AGREEMENT,OPTIMAL,OPTIMAL,220.0,220.0,0.23701929999515414,0.4399210000410676,2,37,true
P10_N020_M010_R21_seed110201021,true,true,true,true,AGREEMENT,OPTIMAL,OPTIMAL,380.0,380.0,0.43245589995058253,1.0609704999951646,2,55,true
P10_N020_M010_R22_seed110201022,true,true,true,true,AGREEMENT,OPTIMAL,OPTIMAL,458.0,458.0,0.5372748000081629,15.620199199998751,2,412,true
P10_N020_M010_R23_seed110201023,true,true,true,true,AGREEMENT,OPTIMAL,OPTIMAL,61.0,61.0,0.20793949998915195,0.05066379997879267,2,25,true
P10_N020_M010_R24_seed110201024,true,true,true,true,AGREEMENT,OPTIMAL,OPTIMAL,301.0,301.0,0.21830080001382157,0.3157171999919228,2,29,true
P10_N020_M010_R25_seed110201025,true,true,true,true,AGREEMENT,OPTIMAL,OPTIMAL,1191.0,1191.0,0.2467536999611184,0.2902009999961592,2,25,true
P10_N020_M010_R26_seed110201026,true,true,true,true,AGREEMENT,OPTIMAL,OPTIMAL,334.0,334.0,0.31145069998456165,0.6852083000121638,2,53,true
P10_N020_M010_R27_seed110201027,true,true,true,true,AGREEMENT,OPTIMAL,OPTIMAL,382.0,382.0,0.6235396999982186,5.814592399983667,2,114,true
P10_N020_M010_R28_seed110201028,true,true,true,true,AGREEMENT,OPTIMAL,OPTIMAL,369.0,369.0,0.2274246999877505,0.3555464000091888,2,33,true
P10_N020_M010_R29_seed110201029,true,true,true,true,AGREEMENT,OPTIMAL,OPTIMAL,110.0,110.0,0.2196983000030741,0.3690364999929443,2,36,true
P10_N020_M010_R30_seed110201030,true,true,true,true,AGREEMENT,OPTIMAL,OPTIMAL,71.0,71.0,0.21865290001733229,0.04853609995916486,2,23,true
P10_N020_M020_R01_seed110202001,true,true,true,true,AGREEMENT,OPTIMAL,OPTIMAL,14.0,14.0,0.3593957999837585,0.06292589998338372,2,27,true
P10_N020_M020_R02_seed110202002,true,true,true,true,AGREEMENT,OPTIMAL,OPTIMAL,92.0,92.0,0.3134650000138208,0.05796140001621097,2,23,true
P10_N020_M020_R03_seed110202003,true,true,true,true,AGREEMENT,OPTIMAL,OPTIMAL,193.0,193.0,0.32680030004121363,0.2857332000276074,2,31,true
P10_N020_M020_R04_seed110202004,true,true,true,true,AGREEMENT,OPTIMAL,OPTIMAL,51.0,51.0,0.3462557999882847,0.07652810000581667,2,23,true
P10_N020_M020_R05_seed110202005,true,true,true,true,AGREEMENT,OPTIMAL,OPTIMAL,10.0,10.0,0.3237492000334896,0.05523430003086105,2,23,true
P10_N020_M020_R06_seed110202006,true,true,true,true,AGREEMENT,OPTIMAL,OPTIMAL,0.0,0.0,0.31221599999116734,0.04929860000265762,2,23,true
P10_N020_M020_R07_seed110202007,true,true,true,true,AGREEMENT,OPTIMAL,OPTIMAL,134.0,134.0,0.32593950000591576,0.28506730002118275,2,27,true
P10_N020_M020_R08_seed110202008,true,true,true,true,AGREEMENT,OPTIMAL,OPTIMAL,35.0,35.0,0.2982398999738507,0.060556999989785254,2,23,true
P10_N020_M020_R09_seed110202009,true,true,true,true,AGREEMENT,OPTIMAL,OPTIMAL,170.0,170.0,0.3227313000243157,0.30614630004856735,2,31,true
P10_N020_M020_R10_seed110202010,true,true,true,true,AGREEMENT,OPTIMAL,OPTIMAL,0.0,0.0,0.318426699959673,0.0549351999652572,2,23,true
P10_N020_M020_R11_seed110202011,true,true,true,true,AGREEMENT,OPTIMAL,OPTIMAL,140.0,140.0,0.33105199999408796,0.22315059998072684,2,31,true
P10_N020_M020_R12_seed110202012,true,true,true,true,AGREEMENT,OPTIMAL,OPTIMAL,186.0,186.0,0.31696899997768924,0.17726969998329878,2,23,true
P10_N020_M020_R13_seed110202013,true,true,true,true,AGREEMENT,OPTIMAL,OPTIMAL,215.0,215.0,0.32878229999914765,0.23469469998963177,2,29,true
P10_N020_M020_R14_seed110202014,true,true,true,true,AGREEMENT,OPTIMAL,OPTIMAL,81.0,81.0,0.320048300025519,0.24982409999938682,2,31,true
P10_N020_M020_R15_seed110202015,true,true,true,true,AGREEMENT,OPTIMAL,OPTIMAL,401.0,401.0,0.3330007000477053,0.26381099998252466,2,29,true
P10_N020_M020_R16_seed110202016,true,true,true,true,AGREEMENT,OPTIMAL,OPTIMAL,392.0,392.0,0.42412229999899864,0.36429479997605085,2,33,true
P10_N020_M020_R17_seed110202017,true,true,true,true,AGREEMENT,OPTIMAL,OPTIMAL,172.0,172.0,0.32350990001577884,0.12311539996881038,2,23,true
P10_N020_M020_R18_seed110202018,true,true,true,true,AGREEMENT,OPTIMAL,OPTIMAL,46.0,46.0,0.3363245000364259,0.05201149999629706,2,23,true
P10_N020_M020_R19_seed110202019,true,true,true,true,AGREEMENT,OPTIMAL,OPTIMAL,0.0,0.0,0.32742569997208193,0.056067800032906234,2,23,true
P10_N020_M020_R20_seed110202020,true,true,true,true,AGREEMENT,OPTIMAL,OPTIMAL,92.0,92.0,0.3405530000454746,0.40235550003126264,2,41,true
P10_N020_M020_R21_seed110202021,true,true,true,true,AGREEMENT,OPTIMAL,OPTIMAL,24.0,24.0,0.31298960000276566,0.06248480000067502,2,25,true
P10_N020_M020_R22_seed110202022,true,true,true,true,AGREEMENT,OPTIMAL,OPTIMAL,27.0,27.0,0.3350962999975309,0.09516580001218244,2,25,true
P10_N020_M020_R23_seed110202023,true,true,true,true,AGREEMENT,OPTIMAL,OPTIMAL,219.0,219.0,0.42913389997556806,0.32183559995610267,2,33,true
P10_N020_M020_R24_seed110202024,true,true,true,true,AGREEMENT,OPTIMAL,OPTIMAL,84.0,84.0,0.42054710001684725,0.07240100001217797,2,23,true
P10_N020_M020_R25_seed110202025,true,true,true,true,AGREEMENT,OPTIMAL,OPTIMAL,0.0,0.0,0.4679414000129327,0.06552020000526682,2,23,true
P10_N020_M020_R26_seed110202026,true,true,true,true,AGREEMENT,OPTIMAL,OPTIMAL,0.0,0.0,0.30831719998968765,0.06311250000726432,2,23,true
P10_N020_M020_R27_seed110202027,true,true,true,true,AGREEMENT,OPTIMAL,OPTIMAL,0.0,0.0,0.3121602999744937,0.058709300006739795,2,25,true
P10_N020_M020_R28_seed110202028,true,true,true,true,AGREEMENT,OPTIMAL,OPTIMAL,0.0,0.0,0.41415570001117885,0.12198609998449683,2,25,true
P10_N020_M020_R29_seed110202029,true,true,true,true,AGREEMENT,OPTIMAL,OPTIMAL,181.0,181.0,0.40324379998492077,0.13136140001006424,2,23,true
P10_N020_M020_R30_seed110202030,true,true,true,true,AGREEMENT,OPTIMAL,OPTIMAL,276.0,276.0,0.3255133999628015,0.24748349998844787,2,25,true
P10_N020_M030_R01_seed110203001,true,true,true,true,AGREEMENT,OPTIMAL,OPTIMAL,0.0,0.0,0.433487200003583,0.06785180000588298,2,25,true
P10_N020_M030_R02_seed110203002,true,true,true,true,AGREEMENT,OPTIMAL,OPTIMAL,63.0,63.0,0.47263450000900775,0.20512569998390973,2,25,true
P10_N020_M030_R03_seed110203003,true,true,true,true,AGREEMENT,OPTIMAL,OPTIMAL,123.0,123.0,0.4442607000237331,0.07142200000816956,2,23,true
P10_N020_M030_R04_seed110203004,true,true,true,true,AGREEMENT,OPTIMAL,OPTIMAL,0.0,0.0,0.4541664000134915,0.06482199998572469,2,23,true
P10_N020_M030_R05_seed110203005,true,true,true,true,AGREEMENT,OPTIMAL,OPTIMAL,0.0,0.0,0.4572219999972731,0.062042899953667074,2,23,true
P10_N020_M030_R06_seed110203006,true,true,true,true,AGREEMENT,OPTIMAL,OPTIMAL,0.0,0.0,0.44881459994940087,0.06324700004188344,2,23,true
P10_N020_M030_R07_seed110203007,true,true,true,true,AGREEMENT,OPTIMAL,OPTIMAL,129.0,129.0,0.4508997999946587,0.061600100016221404,2,23,true
P10_N020_M030_R08_seed110203008,true,true,true,true,AGREEMENT,OPTIMAL,OPTIMAL,0.0,0.0,0.4513328999746591,0.06377459998475388,2,23,true
P10_N020_M030_R09_seed110203009,true,true,true,true,AGREEMENT,OPTIMAL,OPTIMAL,0.0,0.0,0.44668289995752275,0.07374120003078133,2,25,true
P10_N020_M030_R10_seed110203010,true,true,true,true,AGREEMENT,OPTIMAL,OPTIMAL,41.0,41.0,0.4529941999935545,0.06556980003369972,2,23,true
P10_N020_M030_R11_seed110203011,true,true,true,true,AGREEMENT,OPTIMAL,OPTIMAL,105.0,105.0,0.4451429999899119,0.06391339999390766,2,23,true
P10_N020_M030_R12_seed110203012,true,true,true,true,AGREEMENT,OPTIMAL,OPTIMAL,426.0,426.0,0.4548864999669604,0.23639170004753396,2,23,true
P10_N020_M030_R13_seed110203013,true,true,true,true,AGREEMENT,OPTIMAL,OPTIMAL,358.0,358.0,0.47435570001835003,0.28511180001078174,2,25,true
P10_N020_M030_R14_seed110203014,true,true,true,true,AGREEMENT,OPTIMAL,OPTIMAL,10.0,10.0,0.4711794000468217,0.0598125999676995,2,23,true
P10_N020_M030_R15_seed110203015,true,true,true,true,AGREEMENT,OPTIMAL,OPTIMAL,28.0,28.0,0.464097700023558,0.07836240000324324,2,23,true
P10_N020_M030_R16_seed110203016,true,true,true,true,AGREEMENT,OPTIMAL,OPTIMAL,0.0,0.0,0.44101449998561293,0.06778809998650104,2,25,true
P10_N020_M030_R17_seed110203017,true,true,true,true,AGREEMENT,OPTIMAL,OPTIMAL,60.0,60.0,0.49337219999870285,0.11020030005602166,2,25,true
P10_N020_M030_R18_seed110203018,true,true,true,true,AGREEMENT,OPTIMAL,OPTIMAL,96.0,96.0,0.494061499950476,0.1961689000017941,2,25,true
P10_N020_M030_R19_seed110203019,true,true,true,true,AGREEMENT,OPTIMAL,OPTIMAL,0.0,0.0,0.4553670000168495,0.06740600004559383,2,23,true
P10_N020_M030_R20_seed110203020,true,true,true,true,AGREEMENT,OPTIMAL,OPTIMAL,5.0,5.0,0.4618991000461392,0.07251070003258064,2,25,true
P10_N020_M030_R21_seed110203021,true,true,true,true,AGREEMENT,OPTIMAL,OPTIMAL,0.0,0.0,0.6597351999953389,0.09327989997109398,2,25,true
P10_N020_M030_R22_seed110203022,true,true,true,true,AGREEMENT,OPTIMAL,OPTIMAL,36.0,36.0,0.5247841000091285,0.0747620000038296,2,25,true
P10_N020_M030_R23_seed110203023,true,true,true,true,AGREEMENT,OPTIMAL,OPTIMAL,169.0,169.0,0.5931815999792889,0.3626975999795832,2,25,true
P10_N020_M030_R24_seed110203024,true,true,true,true,AGREEMENT,OPTIMAL,OPTIMAL,80.0,80.0,0.5295633000205271,0.2476056999876164,2,27,true
P10_N020_M030_R25_seed110203025,true,true,true,true,AGREEMENT,OPTIMAL,OPTIMAL,0.0,0.0,0.438244900025893,0.06979740003589541,2,23,true
P10_N020_M030_R26_seed110203026,true,true,true,true,AGREEMENT,OPTIMAL,OPTIMAL,0.0,0.0,0.437182700028643,0.05542970000533387,2,23,true
P10_N020_M030_R27_seed110203027,true,true,true,true,AGREEMENT,OPTIMAL,OPTIMAL,107.0,107.0,0.452261800004635,0.2965579000301659,2,29,true
P10_N020_M030_R28_seed110203028,true,true,true,true,AGREEMENT,OPTIMAL,OPTIMAL,96.0,96.0,0.46704320004209876,0.10886380000738427,2,25,true
P10_N020_M030_R29_seed110203029,true,true,true,true,AGREEMENT,OPTIMAL,OPTIMAL,0.0,0.0,0.44843910000054166,0.07655090000480413,2,27,true
P10_N020_M030_R30_seed110203030,true,true,true,true,AGREEMENT,OPTIMAL,OPTIMAL,0.0,0.0,0.4373446999816224,0.057116699987091124,2,23,true
P10_N020_M050_R01_seed110205001,true,true,true,true,AGREEMENT,OPTIMAL,OPTIMAL,0.0,0.0,0.8099924999987707,0.07900520000839606,2,23,true
P10_N020_M050_R02_seed110205002,true,true,true,true,AGREEMENT,OPTIMAL,OPTIMAL,34.0,34.0,0.850288899964653,0.07502390001900494,2,25,true
P10_N020_M050_R03_seed110205003,true,true,true,true,AGREEMENT,OPTIMAL,OPTIMAL,0.0,0.0,0.8073773999931291,0.07808700000168756,2,23,true
P10_N020_M050_R04_seed110205004,true,true,true,true,AGREEMENT,OPTIMAL,OPTIMAL,0.0,0.0,0.8205233999760821,0.06947860005311668,2,23,true
P10_N020_M050_R05_seed110205005,true,true,true,true,AGREEMENT,OPTIMAL,OPTIMAL,0.0,0.0,0.8182519000256434,0.09356100001605228,2,27,true
P10_N020_M050_R06_seed110205006,true,true,true,true,AGREEMENT,OPTIMAL,OPTIMAL,0.0,0.0,0.7708719999645837,0.06814950000261888,2,23,true
P10_N020_M050_R07_seed110205007,true,true,true,true,AGREEMENT,OPTIMAL,OPTIMAL,29.0,29.0,0.8327104999916628,0.07980970002245158,2,25,true
P10_N020_M050_R08_seed110205008,true,true,true,true,AGREEMENT,OPTIMAL,OPTIMAL,2.0,2.0,0.8329309999826364,0.08046050003031269,2,27,true
P10_N020_M050_R09_seed110205009,true,true,true,true,AGREEMENT,OPTIMAL,OPTIMAL,26.0,26.0,0.8209553000051528,0.21648599999025464,2,27,true
P10_N020_M050_R10_seed110205010,true,true,true,true,AGREEMENT,OPTIMAL,OPTIMAL,56.0,56.0,0.8335008000140078,0.07801300002029166,2,25,true
P10_N020_M050_R11_seed110205011,true,true,true,true,AGREEMENT,OPTIMAL,OPTIMAL,0.0,0.0,0.812009199988097,0.08310139999957755,2,25,true
P10_N020_M050_R12_seed110205012,true,true,true,true,AGREEMENT,OPTIMAL,OPTIMAL,0.0,0.0,0.7992744999937713,0.06913710001390427,2,23,true
P10_N020_M050_R13_seed110205013,true,true,true,true,AGREEMENT,OPTIMAL,OPTIMAL,94.0,94.0,0.798568999976851,0.07442220003576949,2,23,true
P10_N020_M050_R14_seed110205014,true,true,true,true,AGREEMENT,OPTIMAL,OPTIMAL,0.0,0.0,0.8311605000053532,0.0693870999966748,2,23,true
P10_N020_M050_R15_seed110205015,true,true,true,true,AGREEMENT,OPTIMAL,OPTIMAL,0.0,0.0,0.8364434000104666,0.07603000005474314,2,23,true
P10_N020_M050_R16_seed110205016,true,true,true,true,AGREEMENT,OPTIMAL,OPTIMAL,96.0,96.0,0.8181181999971159,0.07092389999888837,2,23,true
P10_N020_M050_R17_seed110205017,true,true,true,true,AGREEMENT,OPTIMAL,OPTIMAL,132.0,132.0,0.8368827999802306,0.165352999989409,2,25,true
P10_N020_M050_R18_seed110205018,true,true,true,true,AGREEMENT,OPTIMAL,OPTIMAL,0.0,0.0,0.8219731999561191,0.07880179997300729,2,25,true
P10_N020_M050_R19_seed110205019,true,true,true,true,AGREEMENT,OPTIMAL,OPTIMAL,88.0,88.0,0.8156514999573119,0.09927299997070804,2,23,true
P10_N020_M050_R20_seed110205020,true,true,true,true,AGREEMENT,OPTIMAL,OPTIMAL,12.0,12.0,0.8239785999758169,0.0869372000452131,2,25,true
P10_N020_M050_R21_seed110205021,true,true,true,true,AGREEMENT,OPTIMAL,OPTIMAL,0.0,0.0,0.8111790000111796,1.2825032999971882,2,25,true
P10_N020_M050_R22_seed110205022,true,true,true,true,AGREEMENT,OPTIMAL,OPTIMAL,59.0,59.0,0.936100399994757,0.14830999996047467,2,25,true
P10_N020_M050_R23_seed110205023,true,true,true,true,AGREEMENT,OPTIMAL,OPTIMAL,14.0,14.0,0.8224737000418827,0.17192359996261075,2,25,true
P10_N020_M050_R24_seed110205024,true,true,true,true,AGREEMENT,OPTIMAL,OPTIMAL,0.0,0.0,0.8329633999965154,0.07880849996581674,2,23,true
P10_N020_M050_R25_seed110205025,true,true,true,true,AGREEMENT,OPTIMAL,OPTIMAL,0.0,0.0,0.8125886000343598,0.08372569998027757,2,23,true
P10_N020_M050_R26_seed110205026,true,true,true,true,AGREEMENT,OPTIMAL,OPTIMAL,97.0,97.0,0.8166636000387371,0.07247959997039288,2,23,true
P10_N020_M050_R27_seed110205027,true,true,true,true,AGREEMENT,OPTIMAL,OPTIMAL,39.0,39.0,0.7992911000037566,0.08017700002528727,2,25,true
P10_N020_M050_R28_seed110205028,true,true,true,true,AGREEMENT,OPTIMAL,OPTIMAL,0.0,0.0,0.8532649000408128,0.06985669996356592,2,23,true
P10_N020_M050_R29_seed110205029,true,true,true,true,AGREEMENT,OPTIMAL,OPTIMAL,0.0,0.0,0.8294607999850996,0.09256989997811615,2,27,true
P10_N020_M050_R30_seed110205030,true,true,true,true,AGREEMENT,OPTIMAL,OPTIMAL,0.0,0.0,0.8341835999744944,0.07228259998373687,2,23,true
P10_N050_M010_R01_seed110501001,true,true,true,true,AGREEMENT,OPTIMAL,OPTIMAL,526.0,526.0,2.080392399977427,0.9879027000279166,2,92,true
P10_N050_M010_R02_seed110501002,true,true,true,true,AGREEMENT,OPTIMAL,OPTIMAL,699.0,699.0,14.05915470002219,88.9992479000357,2,312,true
P10_N050_M010_R03_seed110501003,true,true,true,true,AGREEMENT,OPTIMAL,OPTIMAL,41.0,41.0,2.086849000013899,0.13654249999672174,2,53,true
P10_N050_M010_R04_seed110501004,true,true,true,true,AGREEMENT,OPTIMAL,OPTIMAL,149.0,149.0,2.056364699965343,0.12885139998979867,2,53,true
P10_N050_M010_R05_seed110501005,true,true,true,true,AGREEMENT,OPTIMAL,OPTIMAL,1.0,1.0,2.0657511000172235,0.5281433999771252,2,61,true
P10_N050_M010_R06_seed110501006,true,true,true,true,AGREEMENT,OPTIMAL,OPTIMAL,2146.0,2146.0,19.468446999962907,86.67213929997524,2,247,true
P10_N050_M010_R07_seed110501007,true,false,false,false,ALIC_ONLY_OPTIMAL,OPTIMAL,TIME_LIMIT,3153.0,,33.61343989998568,300.0028998000198,2,467,true
P10_N050_M010_R08_seed110501008,true,true,true,true,AGREEMENT,OPTIMAL,OPTIMAL,1435.0,1435.0,3.4690798000083305,0.6518777000019327,2,53,true
P10_N050_M010_R09_seed110501009,true,true,true,true,AGREEMENT,OPTIMAL,OPTIMAL,156.0,156.0,2.0483754000160843,0.5968164000078104,2,55,true
P10_N050_M010_R10_seed110501010,true,true,true,true,AGREEMENT,OPTIMAL,OPTIMAL,913.0,913.0,2.086736299970653,0.7179475000011735,2,61,true
P10_N050_M010_R11_seed110501011,true,true,true,true,AGREEMENT,OPTIMAL,OPTIMAL,45.0,45.0,2.080125499982387,0.1445285999798216,2,53,true
P10_N050_M010_R12_seed110501012,true,false,false,false,ALIC_ONLY_OPTIMAL,OPTIMAL,TIME_LIMIT,1623.0,,192.19977379997727,300.007592000009,8,456,true
P10_N050_M010_R13_seed110501013,true,true,true,true,AGREEMENT,OPTIMAL,OPTIMAL,581.0,581.0,3.2587206999887712,20.448830500012264,2,115,true
P10_N050_M010_R14_seed110501014,true,true,true,true,AGREEMENT,OPTIMAL,OPTIMAL,668.0,668.0,2.0552063999930397,0.13153310003690422,2,53,true
P10_N050_M010_R15_seed110501015,true,true,true,true,AGREEMENT,OPTIMAL,OPTIMAL,1611.0,1611.0,11.621588300040457,75.86327950004488,2,232,true
P10_N050_M010_R16_seed110501016,true,false,false,false,ALIC_ONLY_OPTIMAL,OPTIMAL,TIME_LIMIT,1599.0,,118.01542599999812,300.00416589999804,5,516,true
P10_N050_M010_R17_seed110501017,true,true,true,true,AGREEMENT,OPTIMAL,OPTIMAL,552.0,552.0,2.318695900030434,0.9515163999749348,2,65,true
P10_N050_M010_R18_seed110501018,true,true,true,true,AGREEMENT,OPTIMAL,OPTIMAL,234.0,234.0,2.11545230000047,0.13761020003585145,2,53,true
P10_N050_M010_R19_seed110501019,true,true,true,true,AGREEMENT,OPTIMAL,OPTIMAL,702.0,702.0,2.0236214000033215,0.24184100003913045,2,53,true
P10_N050_M010_R20_seed110501020,true,true,true,true,AGREEMENT,OPTIMAL,OPTIMAL,119.0,119.0,2.0190081000328064,0.5597109000082128,2,55,true
P10_N050_M010_R21_seed110501021,true,true,true,true,AGREEMENT,OPTIMAL,OPTIMAL,411.0,411.0,4.341010200034361,95.05323229997884,2,642,true
P10_N050_M010_R22_seed110501022,true,true,true,true,AGREEMENT,OPTIMAL,OPTIMAL,148.0,148.0,2.0470378000172786,0.5661715000169352,2,59,true
P10_N050_M010_R23_seed110501023,true,true,true,true,AGREEMENT,OPTIMAL,OPTIMAL,656.0,656.0,2.0634603000362404,0.18331279995618388,2,55,true
P10_N050_M010_R24_seed110501024,true,true,true,true,AGREEMENT,OPTIMAL,OPTIMAL,0.0,0.0,2.069848000013735,0.13371560000814497,2,55,true
P10_N050_M010_R25_seed110501025,true,true,true,true,AGREEMENT,OPTIMAL,OPTIMAL,70.0,70.0,2.044624400034081,0.1959148999885656,2,53,true
P10_N050_M010_R26_seed110501026,true,true,true,true,AGREEMENT,OPTIMAL,OPTIMAL,916.0,916.0,6.11207499995362,92.07519599999068,2,553,true
P10_N050_M010_R27_seed110501027,true,true,true,true,AGREEMENT,OPTIMAL,OPTIMAL,472.0,472.0,2.456171900033951,5.075460000021849,2,105,true
P10_N050_M010_R28_seed110501028,true,true,true,true,AGREEMENT,OPTIMAL,OPTIMAL,85.0,85.0,2.0830562000046484,0.16815700003644451,2,57,true
P10_N050_M010_R29_seed110501029,true,false,false,false,ALIC_ONLY_OPTIMAL,OPTIMAL,TIME_LIMIT,1117.0,,11.026037700008601,300.00541939999675,2,589,true
P10_N050_M010_R30_seed110501030,true,true,true,true,AGREEMENT,OPTIMAL,OPTIMAL,206.0,206.0,2.0764076999621466,0.5430858999607153,2,59,true
P10_N050_M020_R01_seed110502001,true,true,true,true,AGREEMENT,OPTIMAL,OPTIMAL,101.0,101.0,2.541645899997093,0.16806749999523163,2,53,true
P10_N050_M020_R02_seed110502002,true,true,true,true,AGREEMENT,OPTIMAL,OPTIMAL,48.0,48.0,3.9449564999667928,0.39228949998505414,2,55,true
P10_N050_M020_R03_seed110502003,true,true,true,true,AGREEMENT,OPTIMAL,OPTIMAL,787.0,787.0,2.6376434999983758,0.7611780000152066,2,57,true
P10_N050_M020_R04_seed110502004,true,true,true,true,AGREEMENT,OPTIMAL,OPTIMAL,123.0,123.0,2.6495735999778844,0.23698499996680766,2,55,true
P10_N050_M020_R05_seed110502005,true,true,true,true,AGREEMENT,OPTIMAL,OPTIMAL,0.0,0.0,4.124580000003334,0.18700600002193823,2,53,true
P10_N050_M020_R06_seed110502006,true,false,false,false,ALIC_ONLY_OPTIMAL,OPTIMAL,UNRESOLVED_TIE,709.0,,11.058420900022611,298.24560620001284,2,785,true
P10_N050_M020_R07_seed110502007,true,true,true,true,AGREEMENT,OPTIMAL,OPTIMAL,331.0,331.0,2.8568164000171237,1.1333968000253662,2,67,true
P10_N050_M020_R08_seed110502008,true,true,true,true,AGREEMENT,OPTIMAL,OPTIMAL,104.0,104.0,5.37825900001917,0.2523388999979943,2,61,true
P10_N050_M020_R09_seed110502009,true,true,true,true,AGREEMENT,OPTIMAL,OPTIMAL,58.0,58.0,2.5537209999747574,0.17568370001390576,2,53,true
P10_N050_M020_R10_seed110502010,true,true,true,true,AGREEMENT,OPTIMAL,OPTIMAL,188.0,188.0,2.542480500007514,0.5704744000104256,2,57,true
P10_N050_M020_R11_seed110502011,true,true,true,true,AGREEMENT,OPTIMAL,OPTIMAL,53.0,53.0,2.5594372000196017,0.666727899981197,2,63,true
P10_N050_M020_R12_seed110502012,true,true,true,true,AGREEMENT,OPTIMAL,OPTIMAL,570.0,570.0,8.175373399979435,26.863401999988127,2,169,true
P10_N050_M020_R13_seed110502013,true,true,true,true,AGREEMENT,OPTIMAL,OPTIMAL,642.0,642.0,2.5526022000121884,0.633695499971509,2,55,true
P10_N050_M020_R14_seed110502014,true,true,true,true,AGREEMENT,OPTIMAL,OPTIMAL,51.0,51.0,2.534936799958814,0.17100410000421107,2,53,true
P10_N050_M020_R15_seed110502015,true,true,true,true,AGREEMENT,OPTIMAL,OPTIMAL,180.0,180.0,2.5211166000226513,0.7208676000009291,2,57,true
P10_N050_M020_R16_seed110502016,true,true,true,true,AGREEMENT,OPTIMAL,OPTIMAL,242.0,242.0,2.538458900002297,0.2955867999698967,2,53,true
P10_N050_M020_R17_seed110502017,true,true,true,true,AGREEMENT,OPTIMAL,OPTIMAL,0.0,0.0,2.917370299983304,0.17678879998857155,2,55,true
P10_N050_M020_R18_seed110502018,true,true,true,true,AGREEMENT,OPTIMAL,OPTIMAL,94.0,94.0,3.9703040999593213,0.6985467000049539,2,63,true
P10_N050_M020_R19_seed110502019,true,true,true,true,AGREEMENT,OPTIMAL,OPTIMAL,73.0,73.0,2.6165712000220083,0.5428001999971457,2,61,true
P10_N050_M020_R20_seed110502020,true,true,true,true,AGREEMENT,OPTIMAL,OPTIMAL,352.0,352.0,2.5359724999871105,0.4684283999959007,2,53,true
P10_N050_M020_R21_seed110502021,true,true,true,true,AGREEMENT,OPTIMAL,OPTIMAL,254.0,254.0,2.5689553000265732,0.23572739999508485,2,53,true
P10_N050_M020_R22_seed110502022,true,true,true,true,AGREEMENT,OPTIMAL,OPTIMAL,413.0,413.0,3.0004550000303425,1.8037436000304297,2,69,true
P10_N050_M020_R23_seed110502023,true,true,true,true,AGREEMENT,OPTIMAL,OPTIMAL,131.0,131.0,3.9885449000285007,0.5221481000189669,2,57,true
P10_N050_M020_R24_seed110502024,true,true,true,true,AGREEMENT,OPTIMAL,OPTIMAL,161.0,161.0,2.5181456999853253,0.5619728000019677,2,53,true
P10_N050_M020_R25_seed110502025,true,true,true,true,AGREEMENT,OPTIMAL,OPTIMAL,309.0,309.0,3.983584300032817,0.2706210000324063,2,53,true
P10_N050_M020_R26_seed110502026,true,true,true,true,AGREEMENT,OPTIMAL,OPTIMAL,393.0,393.0,2.6270593000226654,0.7642002000357024,2,59,true
P10_N050_M020_R27_seed110502027,true,true,true,true,AGREEMENT,OPTIMAL,OPTIMAL,124.0,124.0,2.60126330005005,0.741516700014472,2,75,true
P10_N050_M020_R28_seed110502028,true,true,true,true,AGREEMENT,OPTIMAL,OPTIMAL,529.0,529.0,5.8982914999942295,53.3752744999947,2,336,true
P10_N050_M020_R29_seed110502029,true,true,true,true,AGREEMENT,OPTIMAL,OPTIMAL,31.0,31.0,2.975670099956915,0.6832751000183634,2,65,true
P10_N050_M020_R30_seed110502030,true,true,true,true,AGREEMENT,OPTIMAL,OPTIMAL,156.0,156.0,2.5319723999709822,0.5412991999764927,2,55,true
P10_N050_M030_R01_seed110503001,true,true,true,true,AGREEMENT,OPTIMAL,OPTIMAL,0.0,0.0,3.1361267999745905,0.21707910002442077,2,55,true
P10_N050_M030_R02_seed110503002,true,true,true,true,AGREEMENT,OPTIMAL,OPTIMAL,113.0,113.0,4.600516800011974,0.6883685999782756,2,53,true
P10_N050_M030_R03_seed110503003,true,true,true,true,AGREEMENT,OPTIMAL,OPTIMAL,0.0,0.0,3.2180260000168346,0.24997950001852587,2,53,true
P10_N050_M030_R04_seed110503004,true,true,true,true,AGREEMENT,OPTIMAL,OPTIMAL,118.0,118.0,3.1461707000271417,0.9418002999736927,2,85,true
P10_N050_M030_R05_seed110503005,true,true,true,true,AGREEMENT,OPTIMAL,OPTIMAL,35.0,35.0,4.616478800016921,0.2679682999732904,2,55,true
P10_N050_M030_R06_seed110503006,true,true,true,true,AGREEMENT,OPTIMAL,OPTIMAL,87.0,87.0,4.642459800001234,0.21572610002476722,2,55,true
P10_N050_M030_R07_seed110503007,true,true,true,true,AGREEMENT,OPTIMAL,OPTIMAL,101.0,101.0,3.5858509999816306,0.2031862000003457,2,53,true
P10_N050_M030_R08_seed110503008,true,true,true,true,AGREEMENT,OPTIMAL,OPTIMAL,315.0,315.0,3.2500068000517786,0.8047704999917187,2,59,true
P10_N050_M030_R09_seed110503009,true,true,true,true,AGREEMENT,OPTIMAL,OPTIMAL,140.0,140.0,3.174216100014746,0.42170020000776276,2,53,true
P10_N050_M030_R10_seed110503010,true,true,true,true,AGREEMENT,OPTIMAL,OPTIMAL,141.0,141.0,3.246940499986522,0.8590841999975964,2,69,true
P10_N050_M030_R11_seed110503011,true,true,true,true,AGREEMENT,OPTIMAL,OPTIMAL,237.0,237.0,3.2461618999950588,0.7136946000391617,2,63,true
P10_N050_M030_R12_seed110503012,true,true,true,true,AGREEMENT,OPTIMAL,OPTIMAL,77.0,77.0,3.3955650000134483,0.22774639999261126,2,53,true
P10_N050_M030_R13_seed110503013,true,true,true,true,AGREEMENT,OPTIMAL,OPTIMAL,264.0,264.0,3.864232100022491,0.6845984000246972,2,55,true
P10_N050_M030_R14_seed110503014,true,true,true,true,AGREEMENT,OPTIMAL,OPTIMAL,140.0,140.0,3.2185979000059888,0.7562700000125915,2,57,true
P10_N050_M030_R15_seed110503015,true,true,true,true,AGREEMENT,OPTIMAL,OPTIMAL,13.0,13.0,3.263866900000721,0.2370799999916926,2,55,true
P10_N050_M030_R16_seed110503016,true,true,true,true,AGREEMENT,OPTIMAL,OPTIMAL,22.0,22.0,3.314136300003156,0.43105969997122884,2,61,true
P10_N050_M030_R17_seed110503017,true,true,true,true,AGREEMENT,OPTIMAL,OPTIMAL,0.0,0.0,3.3081694000284187,0.23553759994683787,2,53,true
P10_N050_M030_R18_seed110503018,true,true,true,true,AGREEMENT,OPTIMAL,OPTIMAL,116.0,116.0,3.237039499974344,0.4408611000399105,2,53,true
P10_N050_M030_R19_seed110503019,true,true,true,true,AGREEMENT,OPTIMAL,OPTIMAL,142.0,142.0,3.3909800999681465,0.21538690000306815,2,53,true
P10_N050_M030_R20_seed110503020,true,true,true,true,AGREEMENT,OPTIMAL,OPTIMAL,0.0,0.0,3.238461400032975,0.21563819999573752,2,53,true
P10_N050_M030_R21_seed110503021,true,true,true,true,AGREEMENT,OPTIMAL,OPTIMAL,0.0,0.0,3.1789335000212304,0.2093728999607265,2,55,true
P10_N050_M030_R22_seed110503022,true,true,true,true,AGREEMENT,OPTIMAL,OPTIMAL,0.0,0.0,3.3145576000097208,0.213699700019788,2,53,true
P10_N050_M030_R23_seed110503023,true,true,true,true,AGREEMENT,OPTIMAL,OPTIMAL,62.0,62.0,4.610654800024349,0.2193408000166528,2,55,true
P10_N050_M030_R24_seed110503024,true,true,true,true,AGREEMENT,OPTIMAL,OPTIMAL,7.0,7.0,3.139387200004421,0.213822900026571,2,55,true
P10_N050_M030_R25_seed110503025,true,true,true,true,AGREEMENT,OPTIMAL,OPTIMAL,303.0,303.0,3.2352964999736287,0.8249301000032574,2,65,true
P10_N050_M030_R26_seed110503026,true,true,true,true,AGREEMENT,OPTIMAL,OPTIMAL,130.0,130.0,3.126331300009042,0.526786100002937,2,53,true
P10_N050_M030_R27_seed110503027,true,true,true,true,AGREEMENT,OPTIMAL,OPTIMAL,112.0,112.0,3.209347700001672,0.38529629999538884,2,57,true
P10_N050_M030_R28_seed110503028,true,true,true,true,AGREEMENT,OPTIMAL,OPTIMAL,46.0,46.0,3.188739000004716,0.2669920999906026,2,53,true
P10_N050_M030_R29_seed110503029,true,true,true,true,AGREEMENT,OPTIMAL,OPTIMAL,14.0,14.0,3.401978500012774,0.3283006999990903,2,55,true
P10_N050_M030_R30_seed110503030,true,true,true,true,AGREEMENT,OPTIMAL,OPTIMAL,12.0,12.0,4.60711949999677,0.4963801000267267,2,61,true
P10_N050_M050_R01_seed110505001,true,true,true,true,AGREEMENT,OPTIMAL,OPTIMAL,164.0,164.0,0.04201390000525862,0.2679001000360586,2,53,true
P10_N050_M050_R02_seed110505002,true,true,true,true,AGREEMENT,OPTIMAL,OPTIMAL,98.0,98.0,0.07802329998230562,0.29090259998338297,2,57,true
P10_N050_M050_R03_seed110505003,true,true,true,true,AGREEMENT,OPTIMAL,OPTIMAL,0.0,0.0,0.04199210001388565,0.2701509000035003,2,53,true
P10_N050_M050_R04_seed110505004,true,true,true,true,AGREEMENT,OPTIMAL,OPTIMAL,59.0,59.0,0.041744300047867,0.27995940000982955,2,53,true
P10_N050_M050_R05_seed110505005,true,true,true,true,AGREEMENT,OPTIMAL,OPTIMAL,27.0,27.0,0.03946120000910014,0.2669420999591239,2,53,true
P10_N050_M050_R06_seed110505006,true,true,true,true,AGREEMENT,OPTIMAL,OPTIMAL,76.0,76.0,0.05389359995024279,0.3811610999982804,2,55,true
P10_N050_M050_R07_seed110505007,true,true,true,true,AGREEMENT,OPTIMAL,OPTIMAL,0.0,0.0,0.04618590004974976,0.29886209999676794,2,53,true
P10_N050_M050_R08_seed110505008,true,true,true,true,AGREEMENT,OPTIMAL,OPTIMAL,0.0,0.0,0.04131890001008287,0.29070049995789304,2,55,true
P10_N050_M050_R09_seed110505009,true,true,true,true,AGREEMENT,OPTIMAL,OPTIMAL,121.0,121.0,0.04260379995685071,0.308333000051789,2,53,true
P10_N050_M050_R10_seed110505010,true,true,true,true,AGREEMENT,OPTIMAL,OPTIMAL,132.0,132.0,0.044051799981389195,0.26828200003365055,2,53,true
P10_N050_M050_R11_seed110505011,true,true,true,true,AGREEMENT,OPTIMAL,OPTIMAL,61.0,61.0,0.07206510001560673,0.5558898000163026,2,57,true
P10_N050_M050_R12_seed110505012,true,true,true,true,AGREEMENT,OPTIMAL,OPTIMAL,0.0,0.0,0.07971089996863157,0.3958782000117935,2,53,true
P10_N050_M050_R13_seed110505013,true,true,true,true,AGREEMENT,OPTIMAL,OPTIMAL,31.0,31.0,0.06843869999283925,0.5007665000157431,2,53,true
P10_N050_M050_R14_seed110505014,true,true,true,true,AGREEMENT,OPTIMAL,OPTIMAL,102.0,102.0,0.05983360001118854,0.29511040000943467,2,53,true
P10_N050_M050_R15_seed110505015,true,true,true,true,AGREEMENT,OPTIMAL,OPTIMAL,86.0,86.0,0.07514430000446737,0.6342840000288561,2,59,true
P10_N050_M050_R16_seed110505016,true,true,true,true,AGREEMENT,OPTIMAL,OPTIMAL,117.0,117.0,0.06838770001195371,0.8598613999783993,2,58,true
P10_N050_M050_R17_seed110505017,true,true,true,true,AGREEMENT,OPTIMAL,OPTIMAL,39.0,39.0,0.07146309997187927,0.31936860003042966,2,53,true
P10_N050_M050_R18_seed110505018,true,true,true,true,AGREEMENT,OPTIMAL,OPTIMAL,8.0,8.0,0.05417590000433847,0.3826111000380479,2,55,true
P10_N050_M050_R19_seed110505019,true,true,true,true,AGREEMENT,OPTIMAL,OPTIMAL,30.0,30.0,0.04631900001550093,0.30115030001616105,2,53,true
P10_N050_M050_R20_seed110505020,true,true,true,true,AGREEMENT,OPTIMAL,OPTIMAL,0.0,0.0,0.05208850000053644,0.2838798000011593,2,53,true
P10_N050_M050_R21_seed110505021,true,true,true,true,AGREEMENT,OPTIMAL,OPTIMAL,0.0,0.0,0.045782200002577156,0.33156149997375906,2,53,true
P10_N050_M050_R22_seed110505022,true,true,true,true,AGREEMENT,OPTIMAL,OPTIMAL,0.0,0.0,0.058462200046051294,0.32511609996436164,2,55,true
P10_N050_M050_R23_seed110505023,true,true,true,true,AGREEMENT,OPTIMAL,OPTIMAL,7.0,7.0,0.04026390000944957,0.3092039999901317,2,53,true
P10_N050_M050_R24_seed110505024,true,true,true,true,AGREEMENT,OPTIMAL,OPTIMAL,184.0,184.0,0.07993960002204403,0.7108640000224113,2,53,true
P10_N050_M050_R25_seed110505025,true,true,true,true,AGREEMENT,OPTIMAL,OPTIMAL,156.0,156.0,0.06471060001058504,0.8960933999624103,2,57,true
P10_N050_M050_R26_seed110505026,true,true,true,true,AGREEMENT,OPTIMAL,OPTIMAL,49.0,49.0,0.05957539996597916,0.35989599995082244,2,53,true
P10_N050_M050_R27_seed110505027,true,true,true,true,AGREEMENT,OPTIMAL,OPTIMAL,64.0,64.0,0.044105300039518625,0.43354330002330244,2,55,true
P10_N050_M050_R28_seed110505028,true,true,true,true,AGREEMENT,OPTIMAL,OPTIMAL,100.0,100.0,0.05367860000114888,0.36769309994997457,2,55,true
P10_N050_M050_R29_seed110505029,true,true,true,true,AGREEMENT,OPTIMAL,OPTIMAL,0.0,0.0,0.05126769997878,0.3169140000245534,2,53,true
P10_N050_M050_R30_seed110505030,true,true,true,true,AGREEMENT,OPTIMAL,OPTIMAL,124.0,124.0,0.04310249997070059,0.2713428999995813,2,53,true
P20_N010_M010_R01_seed120101001,true,true,true,true,AGREEMENT,OPTIMAL,OPTIMAL,62.0,62.0,0.08963709999807179,0.18862590001663193,2,33,true
P20_N010_M010_R02_seed120101002,true,true,true,true,AGREEMENT,OPTIMAL,OPTIMAL,955.0,955.0,0.5396808999939822,4.03324259998044,2,75,true
P20_N010_M010_R03_seed120101003,true,true,true,true,AGREEMENT,OPTIMAL,OPTIMAL,133.0,133.0,0.07229590002680197,0.026152900012675673,2,13,true
P20_N010_M010_R04_seed120101004,true,true,true,true,AGREEMENT,OPTIMAL,OPTIMAL,156.0,156.0,0.09329700004309416,0.08793119998881593,2,17,true
P20_N010_M010_R05_seed120101005,true,true,true,true,AGREEMENT,OPTIMAL,OPTIMAL,313.0,313.0,0.08878370001912117,0.18262439995305613,2,19,true
P20_N010_M010_R06_seed120101006,true,true,true,true,AGREEMENT,OPTIMAL,OPTIMAL,199.0,199.0,0.08163949998561293,0.11034090002067387,2,13,true
P20_N010_M010_R07_seed120101007,true,true,true,true,AGREEMENT,OPTIMAL,OPTIMAL,160.0,160.0,0.13946119998581707,0.07681149995187297,2,13,true
P20_N010_M010_R08_seed120101008,true,true,true,true,AGREEMENT,OPTIMAL,OPTIMAL,70.0,70.0,0.18951910000760108,0.0528634000220336,2,17,true
P20_N010_M010_R09_seed120101009,true,true,true,true,AGREEMENT,OPTIMAL,OPTIMAL,113.0,113.0,0.112255800049752,0.19809139997232705,2,25,true
P20_N010_M010_R10_seed120101010,true,true,true,true,AGREEMENT,OPTIMAL,OPTIMAL,46.0,46.0,0.0882520999875851,0.03354619996389374,2,13,true
P20_N010_M010_R11_seed120101011,true,true,true,true,AGREEMENT,OPTIMAL,OPTIMAL,164.0,164.0,0.08423789998050779,0.20545940002193674,2,19,true
P20_N010_M010_R12_seed120101012,true,true,true,true,AGREEMENT,OPTIMAL,OPTIMAL,714.0,714.0,0.08361460000742227,0.13243979995604604,2,13,true
P20_N010_M010_R13_seed120101013,true,true,true,true,AGREEMENT,OPTIMAL,OPTIMAL,9.0,9.0,0.09379549999721348,0.04983710002852604,2,15,true
P20_N010_M010_R14_seed120101014,true,true,true,true,AGREEMENT,OPTIMAL,OPTIMAL,76.0,76.0,0.11411969998152927,0.05137280002236366,2,16,true
P20_N010_M010_R15_seed120101015,true,true,true,true,AGREEMENT,OPTIMAL,OPTIMAL,795.0,795.0,0.17743700003484264,0.21118259994545951,2,15,true
P20_N010_M010_R16_seed120101016,true,true,true,true,AGREEMENT,OPTIMAL,OPTIMAL,0.0,0.0,0.085210699995514,0.03725230001145974,2,15,true
P20_N010_M010_R17_seed120101017,true,true,true,true,AGREEMENT,OPTIMAL,OPTIMAL,418.0,418.0,0.08455239998875186,0.06373840000014752,2,13,true
P20_N010_M010_R18_seed120101018,true,true,true,true,AGREEMENT,OPTIMAL,OPTIMAL,47.0,47.0,0.08818979997886345,0.03610710002249107,2,15,true
P20_N010_M010_R19_seed120101019,true,true,true,true,AGREEMENT,OPTIMAL,OPTIMAL,122.0,122.0,0.08651659998577088,0.0469370000064373,2,17,true
P20_N010_M010_R20_seed120101020,true,true,true,true,AGREEMENT,OPTIMAL,OPTIMAL,5.0,5.0,0.076120899990201,0.03354049997869879,2,13,true
P20_N010_M010_R21_seed120101021,true,true,true,true,AGREEMENT,OPTIMAL,OPTIMAL,9.0,9.0,0.13560779998078942,0.03843149996828288,2,17,true
P20_N010_M010_R22_seed120101022,true,true,true,true,AGREEMENT,OPTIMAL,OPTIMAL,197.0,197.0,0.1385291000478901,0.2942340000299737,2,19,true
P20_N010_M010_R23_seed120101023,true,true,true,true,AGREEMENT,OPTIMAL,OPTIMAL,13.0,13.0,0.08663689997047186,0.034064399951603264,2,13,true
P20_N010_M010_R24_seed120101024,true,true,true,true,AGREEMENT,OPTIMAL,OPTIMAL,824.0,824.0,0.4653056999668479,22.91446060000453,2,213,true
P20_N010_M010_R25_seed120101025,true,true,true,true,AGREEMENT,OPTIMAL,OPTIMAL,830.0,830.0,0.09898740000789985,0.12873140000738204,2,13,true
P20_N010_M010_R26_seed120101026,true,true,true,true,AGREEMENT,OPTIMAL,OPTIMAL,453.0,453.0,0.21401170000899583,0.5712204000446945,2,65,true
P20_N010_M010_R27_seed120101027,true,true,true,true,AGREEMENT,OPTIMAL,OPTIMAL,92.0,92.0,0.08659119997173548,0.030609400011599064,2,15,true
P20_N010_M010_R28_seed120101028,true,true,true,true,AGREEMENT,OPTIMAL,OPTIMAL,134.0,134.0,0.08834070002194494,0.026488800009246916,2,13,true
P20_N010_M010_R29_seed120101029,true,true,true,true,AGREEMENT,OPTIMAL,OPTIMAL,35.0,35.0,0.072267500043381,0.035704500041902065,2,13,true
P20_N010_M010_R30_seed120101030,true,true,true,true,AGREEMENT,OPTIMAL,OPTIMAL,84.0,84.0,0.08913969999412075,0.03170390002196655,2,13,true
P20_N010_M020_R01_seed120102001,true,true,true,true,AGREEMENT,OPTIMAL,OPTIMAL,70.0,70.0,0.11739599995780736,0.030206400027964264,2,15,true
P20_N010_M020_R02_seed120102002,true,true,true,true,AGREEMENT,OPTIMAL,OPTIMAL,272.0,272.0,0.11715160001767799,0.04418839997379109,2,13,true
P20_N010_M020_R03_seed120102003,true,true,true,true,AGREEMENT,OPTIMAL,OPTIMAL,71.0,71.0,0.10995110002113506,0.0343272999743931,2,15,true
P20_N010_M020_R04_seed120102004,true,true,true,true,AGREEMENT,OPTIMAL,OPTIMAL,514.0,514.0,0.17838609998580068,0.0783864000113681,2,13,true
P20_N010_M020_R05_seed120102005,true,true,true,true,AGREEMENT,OPTIMAL,OPTIMAL,0.0,0.0,0.12085040000965819,0.08213029999751598,2,17,true
P20_N010_M020_R06_seed120102006,true,true,true,true,AGREEMENT,OPTIMAL,OPTIMAL,0.0,0.0,0.13449119997676462,0.029462900012731552,2,15,true
P20_N010_M020_R07_seed120102007,true,true,true,true,AGREEMENT,OPTIMAL,OPTIMAL,500.0,500.0,0.22525230003520846,0.3036961000179872,2,19,true
P20_N010_M020_R08_seed120102008,true,true,true,true,AGREEMENT,OPTIMAL,OPTIMAL,208.0,208.0,0.14920379995601252,0.24857039999915287,2,21,true
P20_N010_M020_R09_seed120102009,true,true,true,true,AGREEMENT,OPTIMAL,OPTIMAL,48.0,48.0,0.24911590002011508,0.04984369996236637,2,15,true
P20_N010_M020_R10_seed120102010,true,true,true,true,AGREEMENT,OPTIMAL,OPTIMAL,38.0,38.0,0.1761308999848552,0.10323980002431199,2,17,true
P20_N010_M020_R11_seed120102011,true,true,true,true,AGREEMENT,OPTIMAL,OPTIMAL,88.0,88.0,0.10695990000385791,0.04007450002245605,2,13,true
P20_N010_M020_R12_seed120102012,true,true,true,true,AGREEMENT,OPTIMAL,OPTIMAL,155.0,155.0,0.13090119999833405,0.21216870000353083,2,23,true
P20_N010_M020_R13_seed120102013,true,true,true,true,AGREEMENT,OPTIMAL,OPTIMAL,123.0,123.0,0.16270169999916106,0.029563100019004196,2,13,true
P20_N010_M020_R14_seed120102014,true,true,true,true,AGREEMENT,OPTIMAL,OPTIMAL,17.0,17.0,0.1819039999973029,0.06516739999642596,2,13,true
P20_N010_M020_R15_seed120102015,true,true,true,true,AGREEMENT,OPTIMAL,OPTIMAL,0.0,0.0,0.13833200000226498,0.03732280002441257,2,13,true
P20_N010_M020_R16_seed120102016,true,true,true,true,AGREEMENT,OPTIMAL,OPTIMAL,65.0,65.0,0.1322236999985762,0.02967199997510761,2,15,true
P20_N010_M020_R17_seed120102017,true,true,true,true,AGREEMENT,OPTIMAL,OPTIMAL,145.0,145.0,0.11561070004245266,0.03244239999912679,2,13,true
P20_N010_M020_R18_seed120102018,true,true,true,true,AGREEMENT,OPTIMAL,OPTIMAL,18.0,18.0,0.11083600000711158,0.03365579998353496,2,15,true
P20_N010_M020_R19_seed120102019,true,true,true,true,AGREEMENT,OPTIMAL,OPTIMAL,70.0,70.0,0.19384610000997782,0.03593369998270646,2,15,true
P20_N010_M020_R20_seed120102020,true,true,true,true,AGREEMENT,OPTIMAL,OPTIMAL,138.0,138.0,0.2636705999611877,0.031050599995069206,2,13,true
P20_N010_M020_R21_seed120102021,true,true,true,true,AGREEMENT,OPTIMAL,OPTIMAL,0.0,0.0,0.19416770001407713,0.050415500008966774,2,15,true
P20_N010_M020_R22_seed120102022,true,true,true,true,AGREEMENT,OPTIMAL,OPTIMAL,89.0,89.0,0.14925439999205992,0.15619609999703243,2,19,true
P20_N010_M020_R23_seed120102023,true,true,true,true,AGREEMENT,OPTIMAL,OPTIMAL,31.0,31.0,0.12316020001890138,0.029051000019535422,2,13,true
P20_N010_M020_R24_seed120102024,true,true,true,true,AGREEMENT,OPTIMAL,OPTIMAL,69.0,69.0,0.17944149998947978,0.056580400036182255,2,13,true
P20_N010_M020_R25_seed120102025,true,true,true,true,AGREEMENT,OPTIMAL,OPTIMAL,0.0,0.0,0.1599432000075467,0.0417503000353463,2,17,true
P20_N010_M020_R26_seed120102026,true,true,true,true,AGREEMENT,OPTIMAL,OPTIMAL,96.0,96.0,0.15832400001818314,0.026121400005649775,2,13,true
P20_N010_M020_R27_seed120102027,true,true,true,true,AGREEMENT,OPTIMAL,OPTIMAL,0.0,0.0,0.11966870003379881,0.027862000046297908,2,13,true
P20_N010_M020_R28_seed120102028,true,true,true,true,AGREEMENT,OPTIMAL,OPTIMAL,38.0,38.0,0.14692500000819564,0.24724180001066998,2,21,true
P20_N010_M020_R29_seed120102029,true,true,true,true,AGREEMENT,OPTIMAL,OPTIMAL,0.0,0.0,0.12784490000922233,0.027614899969194084,2,13,true
P20_N010_M020_R30_seed120102030,true,true,true,true,AGREEMENT,OPTIMAL,OPTIMAL,0.0,0.0,0.11132169998018071,0.029095300007611513,2,13,true
P20_N010_M030_R01_seed120103001,true,true,true,true,AGREEMENT,OPTIMAL,OPTIMAL,41.0,41.0,0.23309779999544844,0.05715260002762079,2,19,true
P20_N010_M030_R02_seed120103002,true,true,true,true,AGREEMENT,OPTIMAL,OPTIMAL,169.0,169.0,0.22644159995252267,0.05805509997298941,2,13,true
P20_N010_M030_R03_seed120103003,true,true,true,true,AGREEMENT,OPTIMAL,OPTIMAL,22.0,22.0,0.202657799993176,0.04266530001768842,2,15,true
P20_N010_M030_R04_seed120103004,true,true,true,true,AGREEMENT,OPTIMAL,OPTIMAL,0.0,0.0,0.16235619998769835,0.029412200034130365,2,13,true
P20_N010_M030_R05_seed120103005,true,true,true,true,AGREEMENT,OPTIMAL,OPTIMAL,0.0,0.0,0.1523952999850735,0.03127689997199923,2,13,true
P20_N010_M030_R06_seed120103006,true,true,true,true,AGREEMENT,OPTIMAL,OPTIMAL,135.0,135.0,0.16110590001335368,0.027277500019408762,2,13,true
P20_N010_M030_R07_seed120103007,true,true,true,true,AGREEMENT,OPTIMAL,OPTIMAL,0.0,0.0,0.15815249999286607,0.02988669998012483,2,13,true
P20_N010_M030_R08_seed120103008,true,true,true,true,AGREEMENT,OPTIMAL,OPTIMAL,0.0,0.0,0.15746249997755513,0.03142660000594333,2,13,true
P20_N010_M030_R09_seed120103009,true,true,true,true,AGREEMENT,OPTIMAL,OPTIMAL,0.0,0.0,0.16597079997882247,0.027654599980451167,2,13,true
P20_N010_M030_R10_seed120103010,true,true,true,true,AGREEMENT,OPTIMAL,OPTIMAL,1.0,1.0,0.16294139996170998,0.034913100011181086,2,15,true
P20_N010_M030_R11_seed120103011,true,true,true,true,AGREEMENT,OPTIMAL,OPTIMAL,137.0,137.0,0.16981089999899268,0.1564296000287868,2,19,true
P20_N010_M030_R12_seed120103012,true,true,true,true,AGREEMENT,OPTIMAL,OPTIMAL,175.0,175.0,0.16710060002515092,0.10122869996121153,2,13,true
P20_N010_M030_R13_seed120103013,true,true,true,true,AGREEMENT,OPTIMAL,OPTIMAL,70.0,70.0,0.19637680001324043,0.030551500036381185,2,13,true
P20_N010_M030_R14_seed120103014,true,true,true,true,AGREEMENT,OPTIMAL,OPTIMAL,0.0,0.0,0.1769069000147283,0.039311899978201836,2,17,true
P20_N010_M030_R15_seed120103015,true,true,true,true,AGREEMENT,OPTIMAL,OPTIMAL,70.0,70.0,0.15663709997897968,0.029265399964060634,2,13,true
P20_N010_M030_R16_seed120103016,true,true,true,true,AGREEMENT,OPTIMAL,OPTIMAL,51.0,51.0,0.17021139996359125,0.04168500000378117,2,15,true
P20_N010_M030_R17_seed120103017,true,true,true,true,AGREEMENT,OPTIMAL,OPTIMAL,0.0,0.0,0.16279509995365515,0.03349210001761094,2,15,true
P20_N010_M030_R18_seed120103018,true,true,true,true,AGREEMENT,OPTIMAL,OPTIMAL,42.0,42.0,0.17404670000541955,0.033701200038194656,2,15,true
P20_N010_M030_R19_seed120103019,true,true,true,true,AGREEMENT,OPTIMAL,OPTIMAL,48.0,48.0,0.16747580002993345,0.06827099999645725,2,13,true
P20_N010_M030_R20_seed120103020,true,true,true,true,AGREEMENT,OPTIMAL,OPTIMAL,0.0,0.0,0.1908893000218086,0.03323360002832487,2,15,true
P20_N010_M030_R21_seed120103021,true,true,true,true,AGREEMENT,OPTIMAL,OPTIMAL,182.0,182.0,0.17694249999476597,0.036375399969983846,2,13,true
P20_N010_M030_R22_seed120103022,true,true,true,true,AGREEMENT,OPTIMAL,OPTIMAL,112.0,112.0,0.20611080003436655,0.23138300003483891,2,19,true
P20_N010_M030_R23_seed120103023,true,true,true,true,AGREEMENT,OPTIMAL,OPTIMAL,119.0,119.0,0.28267419995972887,0.03780130000086501,2,13,true
P20_N010_M030_R24_seed120103024,true,true,true,true,AGREEMENT,OPTIMAL,OPTIMAL,123.0,123.0,0.20271599997067824,0.039141700020991266,2,15,true
P20_N010_M030_R25_seed120103025,true,true,true,true,AGREEMENT,OPTIMAL,OPTIMAL,152.0,152.0,0.18226939998567104,0.02979070000583306,2,13,true
P20_N010_M030_R26_seed120103026,true,true,true,true,AGREEMENT,OPTIMAL,OPTIMAL,0.0,0.0,0.16032659995835274,0.03543220000574365,2,13,true
P20_N010_M030_R27_seed120103027,true,true,true,true,AGREEMENT,OPTIMAL,OPTIMAL,0.0,0.0,0.23234930000035092,0.04462339996825904,2,17,true
P20_N010_M030_R28_seed120103028,true,true,true,true,AGREEMENT,OPTIMAL,OPTIMAL,0.0,0.0,0.25924680003663525,0.06137090001720935,2,15,true
P20_N010_M030_R29_seed120103029,true,true,true,true,AGREEMENT,OPTIMAL,OPTIMAL,0.0,0.0,0.2126859999843873,0.0352026000036858,2,15,true
P20_N010_M030_R30_seed120103030,true,true,true,true,AGREEMENT,OPTIMAL,OPTIMAL,0.0,0.0,0.24314540001796558,0.029106699978001416,2,13,true
P20_N010_M050_R01_seed120105001,true,true,true,true,AGREEMENT,OPTIMAL,OPTIMAL,0.0,0.0,0.46868310001445934,0.047918599972035736,2,15,true
P20_N010_M050_R02_seed120105002,true,true,true,true,AGREEMENT,OPTIMAL,OPTIMAL,0.0,0.0,0.3544270000420511,0.03886130003957078,2,13,true
P20_N010_M050_R03_seed120105003,true,true,true,true,AGREEMENT,OPTIMAL,OPTIMAL,32.0,32.0,0.37311099999351427,0.0738751000026241,2,13,true
P20_N010_M050_R04_seed120105004,true,true,true,true,AGREEMENT,OPTIMAL,OPTIMAL,0.0,0.0,0.4449647999717854,0.041260499972850084,2,13,true
P20_N010_M050_R05_seed120105005,true,true,true,true,AGREEMENT,OPTIMAL,OPTIMAL,0.0,0.0,0.3971468000090681,0.049637400021310896,2,17,true
P20_N010_M050_R06_seed120105006,true,true,true,true,AGREEMENT,OPTIMAL,OPTIMAL,37.0,37.0,0.5035819999757223,0.07043970003724098,2,13,true
P20_N010_M050_R07_seed120105007,true,true,true,true,AGREEMENT,OPTIMAL,OPTIMAL,57.0,57.0,0.44912920001661405,0.18770139996195212,2,21,true
P20_N010_M050_R08_seed120105008,true,true,true,true,AGREEMENT,OPTIMAL,OPTIMAL,352.0,352.0,0.5540637000231072,0.14876209996873513,2,13,true
P20_N010_M050_R09_seed120105009,true,true,true,true,AGREEMENT,OPTIMAL,OPTIMAL,66.0,66.0,0.37056930002290756,0.048432999989017844,2,15,true
P20_N010_M050_R10_seed120105010,true,true,true,true,AGREEMENT,OPTIMAL,OPTIMAL,22.0,22.0,0.3845486000063829,0.04488959995796904,2,13,true
P20_N010_M050_R11_seed120105011,true,true,true,true,AGREEMENT,OPTIMAL,OPTIMAL,83.0,83.0,0.4691560000064783,0.04679769999347627,2,13,true
P20_N010_M050_R12_seed120105012,true,true,true,true,AGREEMENT,OPTIMAL,OPTIMAL,0.0,0.0,0.3697095999959856,0.042859199980739504,2,13,true
P20_N010_M050_R13_seed120105013,true,true,true,true,AGREEMENT,OPTIMAL,OPTIMAL,0.0,0.0,0.47992029995657504,0.07200420001754537,2,13,true
P20_N010_M050_R14_seed120105014,true,true,true,true,AGREEMENT,OPTIMAL,OPTIMAL,0.0,0.0,0.4458526999806054,0.04738760000327602,2,13,true
P20_N010_M050_R15_seed120105015,true,true,true,true,AGREEMENT,OPTIMAL,OPTIMAL,8.0,8.0,0.5027308000135235,0.044631300028413534,2,13,true
P20_N010_M050_R16_seed120105016,true,true,true,true,AGREEMENT,OPTIMAL,OPTIMAL,0.0,0.0,0.36875649995636195,0.0450995999854058,2,15,true
P20_N010_M050_R17_seed120105017,true,true,true,true,AGREEMENT,OPTIMAL,OPTIMAL,0.0,0.0,0.5510380999767222,0.04405690002022311,2,13,true
P20_N010_M050_R18_seed120105018,true,true,true,true,AGREEMENT,OPTIMAL,OPTIMAL,0.0,0.0,0.4005596000351943,0.05892900004982948,2,15,true
P20_N010_M050_R19_seed120105019,true,true,true,true,AGREEMENT,OPTIMAL,OPTIMAL,0.0,0.0,0.32682329998351634,0.042703500017523766,2,15,true
P20_N010_M050_R20_seed120105020,true,true,true,true,AGREEMENT,OPTIMAL,OPTIMAL,119.0,119.0,0.49074190005194396,0.09179369994672015,2,15,true
P20_N010_M050_R21_seed120105021,true,true,true,true,AGREEMENT,OPTIMAL,OPTIMAL,21.0,21.0,0.38856979995034635,0.03428620001068339,2,13,true
P20_N010_M050_R22_seed120105022,true,true,true,true,AGREEMENT,OPTIMAL,OPTIMAL,0.0,0.0,0.3565066999872215,0.03824590001022443,2,15,true
P20_N010_M050_R23_seed120105023,true,true,true,true,AGREEMENT,OPTIMAL,OPTIMAL,24.0,24.0,0.4779180000186898,0.08416820003185421,2,15,true
P20_N010_M050_R24_seed120105024,true,true,true,true,AGREEMENT,OPTIMAL,OPTIMAL,141.0,141.0,0.4241413000272587,0.10645299998577684,2,13,true
P20_N010_M050_R25_seed120105025,true,true,true,true,AGREEMENT,OPTIMAL,OPTIMAL,0.0,0.0,0.5171130999806337,0.05032560002291575,2,15,true
P20_N010_M050_R26_seed120105026,true,true,true,true,AGREEMENT,OPTIMAL,OPTIMAL,74.0,74.0,0.4935308999847621,0.04507230001036078,2,15,true
P20_N010_M050_R27_seed120105027,true,true,true,true,AGREEMENT,OPTIMAL,OPTIMAL,0.0,0.0,0.4651251000468619,0.03708409995306283,2,13,true
P20_N010_M050_R28_seed120105028,true,true,true,true,AGREEMENT,OPTIMAL,OPTIMAL,174.0,174.0,0.377030499977991,0.045820899948012084,2,13,true
P20_N010_M050_R29_seed120105029,true,true,true,true,AGREEMENT,OPTIMAL,OPTIMAL,0.0,0.0,0.3701215999899432,0.04320969997206703,2,13,true
P20_N010_M050_R30_seed120105030,true,true,true,true,AGREEMENT,OPTIMAL,OPTIMAL,566.0,566.0,0.4659364999970421,0.09497009997721761,2,13,true
P20_N020_M010_R01_seed120201001,true,true,true,true,AGREEMENT,OPTIMAL,OPTIMAL,89.0,89.0,0.2533446999732405,0.053255699982400984,2,23,true
P20_N020_M010_R02_seed120201002,true,true,true,true,AGREEMENT,OPTIMAL,OPTIMAL,465.0,465.0,2.227631999994628,87.30098699999508,2,673,true
P20_N020_M010_R03_seed120201003,true,true,true,true,AGREEMENT,OPTIMAL,OPTIMAL,260.0,260.0,0.4101645000046119,1.124669199984055,2,85,true
P20_N020_M010_R04_seed120201004,true,true,true,true,AGREEMENT,OPTIMAL,OPTIMAL,1108.0,1108.0,0.3556797999772243,0.47897740005282685,2,31,true
P20_N020_M010_R05_seed120201005,true,true,true,true,AGREEMENT,OPTIMAL,OPTIMAL,996.0,996.0,2.4688617999781854,120.70425529999193,2,710,true
P20_N020_M010_R06_seed120201006,true,true,true,true,AGREEMENT,OPTIMAL,OPTIMAL,710.0,710.0,0.8036085999920033,8.969172000011895,2,126,true
P20_N020_M010_R07_seed120201007,true,true,true,true,AGREEMENT,OPTIMAL,OPTIMAL,0.0,0.0,0.2081517999758944,0.056833800044842064,2,25,true
P20_N020_M010_R08_seed120201008,true,true,true,true,AGREEMENT,OPTIMAL,OPTIMAL,288.0,288.0,0.29253089998383075,0.2933105999836698,2,31,true
P20_N020_M010_R09_seed120201009,true,true,true,true,AGREEMENT,OPTIMAL,OPTIMAL,304.0,304.0,0.9718659999780357,2.774088500009384,2,133,true
P20_N020_M010_R10_seed120201010,true,true,true,true,AGREEMENT,OPTIMAL,OPTIMAL,444.0,444.0,0.5097034000209533,0.5628613999579102,2,35,true
P20_N020_M010_R11_seed120201011,true,true,true,true,AGREEMENT,OPTIMAL,OPTIMAL,238.0,238.0,0.20693879999453202,0.26728269999148324,2,27,true
P20_N020_M010_R12_seed120201012,true,true,true,true,AGREEMENT,OPTIMAL,OPTIMAL,335.0,335.0,0.23594450001837686,0.2688057000050321,2,25,true
P20_N020_M010_R13_seed120201013,true,true,true,true,AGREEMENT,OPTIMAL,OPTIMAL,624.0,624.0,0.22178610000992194,0.19278189999749884,2,25,true
P20_N020_M010_R14_seed120201014,true,true,true,true,AGREEMENT,OPTIMAL,OPTIMAL,97.0,97.0,0.26378430001204833,0.06418509996728972,2,23,true
P20_N020_M010_R15_seed120201015,true,true,true,true,AGREEMENT,OPTIMAL,OPTIMAL,80.0,80.0,0.31422150001162663,0.05159420002019033,2,23,true
P20_N020_M010_R16_seed120201016,true,true,true,true,AGREEMENT,OPTIMAL,OPTIMAL,28.0,28.0,0.3235915999975987,0.15967180003644899,2,27,true
P20_N020_M010_R17_seed120201017,true,true,true,false,MULTIPLE_OPTIMAL_DECISIONS,OPTIMAL,OPTIMAL,301.0,301.0,0.27473710000049323,0.33729449997190386,2,31,true
P20_N020_M010_R18_seed120201018,true,true,true,true,AGREEMENT,OPTIMAL,OPTIMAL,331.0,331.0,0.24706059996969998,0.15107119997264817,2,25,true
P20_N020_M010_R19_seed120201019,true,true,true,true,AGREEMENT,OPTIMAL,OPTIMAL,196.0,196.0,0.3238157000159845,0.2783422999782488,2,41,true
P20_N020_M010_R20_seed120201020,true,true,true,true,AGREEMENT,OPTIMAL,OPTIMAL,0.0,0.0,0.2054910000297241,0.049788700009230524,2,23,true
P20_N020_M010_R21_seed120201021,true,true,true,true,AGREEMENT,OPTIMAL,OPTIMAL,72.0,72.0,0.27253059996291995,0.4169992999522947,2,57,true
P20_N020_M010_R22_seed120201022,true,true,true,true,AGREEMENT,OPTIMAL,OPTIMAL,428.0,428.0,0.7934895000071265,8.18856899999082,2,129,true
P20_N020_M010_R23_seed120201023,true,true,true,true,AGREEMENT,OPTIMAL,OPTIMAL,96.0,96.0,0.8634625999839045,3.994518399995286,2,182,true
P20_N020_M010_R24_seed120201024,true,true,true,true,AGREEMENT,OPTIMAL,OPTIMAL,1150.0,1150.0,0.23093730001710355,0.2560624000034295,2,23,true
P20_N020_M010_R25_seed120201025,true,true,true,true,AGREEMENT,OPTIMAL,OPTIMAL,498.0,498.0,1.3603290999890305,58.59750680002617,2,465,true
P20_N020_M010_R26_seed120201026,true,true,true,true,AGREEMENT,OPTIMAL,OPTIMAL,0.0,0.0,0.20888099999865517,0.051627300039399415,2,27,true
P20_N020_M010_R27_seed120201027,true,true,true,true,AGREEMENT,OPTIMAL,OPTIMAL,170.0,170.0,0.30610509996768087,0.18759369995677844,2,27,true
P20_N020_M010_R28_seed120201028,true,true,true,true,AGREEMENT,OPTIMAL,OPTIMAL,1212.0,1212.0,1.4481590000214055,32.01965529995505,2,205,true
P20_N020_M010_R29_seed120201029,true,false,false,false,ALIC_ONLY_OPTIMAL,OPTIMAL,TIME_LIMIT,2113.0,,4.19717469997704,300.0027160999598,2,921,true
P20_N020_M010_R30_seed120201030,true,true,true,true,AGREEMENT,OPTIMAL,OPTIMAL,51.0,51.0,0.22175270004663616,0.11539200000697747,2,23,true
P20_N020_M020_R01_seed120202001,true,true,true,true,AGREEMENT,OPTIMAL,OPTIMAL,21.0,21.0,0.3174627000116743,0.22037739999359474,2,29,true
P20_N020_M020_R02_seed120202002,true,true,true,true,AGREEMENT,OPTIMAL,OPTIMAL,210.0,210.0,0.78454059996875,1.1284657000214793,2,67,true
P20_N020_M020_R03_seed120202003,true,true,true,true,AGREEMENT,OPTIMAL,OPTIMAL,111.0,111.0,0.511808099981863,0.36022909998428077,2,31,true
P20_N020_M020_R04_seed120202004,true,true,true,true,AGREEMENT,OPTIMAL,OPTIMAL,59.0,59.0,0.3290213000145741,0.05909659998724237,2,23,true
P20_N020_M020_R05_seed120202005,true,true,true,true,AGREEMENT,OPTIMAL,OPTIMAL,166.0,166.0,0.32786489999853075,0.146352699957788,2,23,true
P20_N020_M020_R06_seed120202006,true,true,true,true,AGREEMENT,OPTIMAL,OPTIMAL,159.0,159.0,0.33085919998120517,0.060460500011686236,2,23,true
P20_N020_M020_R07_seed120202007,true,true,true,true,AGREEMENT,OPTIMAL,OPTIMAL,0.0,0.0,0.4366790999774821,0.13149539998266846,2,25,true
P20_N020_M020_R08_seed120202008,true,true,true,true,AGREEMENT,OPTIMAL,OPTIMAL,121.0,121.0,0.3861691000056453,0.07016170001588762,2,23,true
P20_N020_M020_R09_seed120202009,true,true,true,true,AGREEMENT,OPTIMAL,OPTIMAL,460.0,460.0,1.355054099985864,8.961640099994838,2,100,true
P20_N020_M020_R10_seed120202010,true,true,true,true,AGREEMENT,OPTIMAL,OPTIMAL,37.0,37.0,0.32339520001551136,0.050196300027891994,2,23,true
P20_N020_M020_R11_seed120202011,true,true,true,true,AGREEMENT,OPTIMAL,OPTIMAL,132.0,132.0,0.331345499958843,0.057304800022393465,2,25,true
P20_N020_M020_R12_seed120202012,true,true,true,true,AGREEMENT,OPTIMAL,OPTIMAL,126.0,126.0,0.3395989999989979,0.06210480001755059,2,23,true
P20_N020_M020_R13_seed120202013,true,true,true,true,AGREEMENT,OPTIMAL,OPTIMAL,165.0,165.0,0.3187982000526972,0.05795729998499155,2,23,true
P20_N020_M020_R14_seed120202014,true,true,true,true,AGREEMENT,OPTIMAL,OPTIMAL,76.0,76.0,0.3355273000197485,0.14516590000130236,2,27,true
P20_N020_M020_R15_seed120202015,true,true,true,true,AGREEMENT,OPTIMAL,OPTIMAL,188.0,188.0,0.39973110001301393,0.1341456000227481,2,23,true
P20_N020_M020_R16_seed120202016,true,true,true,true,AGREEMENT,OPTIMAL,OPTIMAL,0.0,0.0,0.38371869997354224,0.16435280005680397,2,23,true
P20_N020_M020_R17_seed120202017,true,true,true,true,AGREEMENT,OPTIMAL,OPTIMAL,260.0,260.0,0.4634465000126511,0.4116697999997996,2,27,true
P20_N020_M020_R18_seed120202018,true,true,true,true,AGREEMENT,OPTIMAL,OPTIMAL,639.0,639.0,0.4342148000141606,0.6116858000168577,2,35,true
P20_N020_M020_R19_seed120202019,true,true,true,true,AGREEMENT,OPTIMAL,OPTIMAL,284.0,284.0,0.5897177999722771,0.485374599986244,2,31,true
P20_N020_M020_R20_seed120202020,true,true,true,true,AGREEMENT,OPTIMAL,OPTIMAL,116.0,116.0,0.3283456999924965,0.05729949998203665,2,23,true
P20_N020_M020_R21_seed120202021,true,true,true,true,AGREEMENT,OPTIMAL,OPTIMAL,0.0,0.0,0.4116279000299983,0.09088040003553033,2,23,true
P20_N020_M020_R22_seed120202022,true,true,true,true,AGREEMENT,OPTIMAL,OPTIMAL,0.0,0.0,0.426506599993445,0.0926327999914065,2,23,true
P20_N020_M020_R23_seed120202023,true,true,true,true,AGREEMENT,OPTIMAL,OPTIMAL,0.0,0.0,0.5218979999772273,0.07517999998526648,2,23,true
P20_N020_M020_R24_seed120202024,true,true,true,true,AGREEMENT,OPTIMAL,OPTIMAL,0.0,0.0,0.3310570999747142,0.06346999999368563,2,23,true
P20_N020_M020_R25_seed120202025,true,true,true,true,AGREEMENT,OPTIMAL,OPTIMAL,0.0,0.0,0.30971959995804355,0.05820969998603687,2,25,true
P20_N020_M020_R26_seed120202026,true,true,true,true,AGREEMENT,OPTIMAL,OPTIMAL,266.0,266.0,0.5323976000072435,0.2176904000225477,2,25,true
P20_N020_M020_R27_seed120202027,true,true,true,true,AGREEMENT,OPTIMAL,OPTIMAL,96.0,96.0,0.3643186000408605,0.3859559000120498,2,31,true
P20_N020_M020_R28_seed120202028,true,true,true,true,AGREEMENT,OPTIMAL,OPTIMAL,762.0,762.0,0.4181488999747671,0.6724994999822229,2,23,true
P20_N020_M020_R29_seed120202029,true,true,true,true,AGREEMENT,OPTIMAL,OPTIMAL,56.0,56.0,0.4102996999863535,0.433082600007765,2,33,true
P20_N020_M020_R30_seed120202030,true,true,true,true,AGREEMENT,OPTIMAL,OPTIMAL,0.0,0.0,0.42866450001019984,0.06553960003657266,2,23,true
P20_N020_M030_R01_seed120203001,true,true,true,true,AGREEMENT,OPTIMAL,OPTIMAL,258.0,258.0,0.5729027999914251,0.1946495000156574,2,25,true
P20_N020_M030_R02_seed120203002,true,true,true,true,AGREEMENT,OPTIMAL,OPTIMAL,42.0,42.0,0.5000814000377432,0.22014150000177324,2,29,true
P20_N020_M030_R03_seed120203003,true,true,true,true,AGREEMENT,OPTIMAL,OPTIMAL,56.0,56.0,0.6667304000002332,0.07974129996728152,2,23,true
P20_N020_M030_R04_seed120203004,true,true,true,true,AGREEMENT,OPTIMAL,OPTIMAL,135.0,135.0,0.5721349999657832,0.3286940000252798,2,29,true
P20_N020_M030_R05_seed120203005,true,true,true,true,AGREEMENT,OPTIMAL,OPTIMAL,159.0,159.0,0.6635565999895334,0.0910192999872379,2,23,true
P20_N020_M030_R06_seed120203006,true,true,true,true,AGREEMENT,OPTIMAL,OPTIMAL,105.0,105.0,0.5385983000160195,0.075785499997437,2,23,true
P20_N020_M030_R07_seed120203007,true,true,true,true,AGREEMENT,OPTIMAL,OPTIMAL,82.0,82.0,0.575106100004632,0.06982020003488287,2,23,true
P20_N020_M030_R08_seed120203008,true,true,true,true,AGREEMENT,OPTIMAL,OPTIMAL,0.0,0.0,0.4612259999848902,0.06718859996180981,2,25,true
P20_N020_M030_R09_seed120203009,true,true,true,true,AGREEMENT,OPTIMAL,OPTIMAL,37.0,37.0,0.4769947999739088,0.07137659995350987,2,27,true
P20_N020_M030_R10_seed120203010,true,true,true,true,AGREEMENT,OPTIMAL,OPTIMAL,73.0,73.0,0.4557085999986157,0.2550448999973014,2,29,true
P20_N020_M030_R11_seed120203011,true,true,true,true,AGREEMENT,OPTIMAL,OPTIMAL,87.0,87.0,0.4524889999884181,0.06420650001382455,2,23,true
P20_N020_M030_R12_seed120203012,true,true,true,true,AGREEMENT,OPTIMAL,OPTIMAL,126.0,126.0,0.46953050000593066,0.34523679997073486,2,35,true
P20_N020_M030_R13_seed120203013,true,true,true,true,AGREEMENT,OPTIMAL,OPTIMAL,40.0,40.0,0.4261164999916218,0.07128069997997954,2,25,true
P20_N020_M030_R14_seed120203014,true,true,true,true,AGREEMENT,OPTIMAL,OPTIMAL,25.0,25.0,0.4368100999854505,0.056430800002999604,2,23,true
P20_N020_M030_R15_seed120203015,true,true,true,true,AGREEMENT,OPTIMAL,OPTIMAL,0.0,0.0,0.4615705999894999,0.07217589998617768,2,25,true
P20_N020_M030_R16_seed120203016,true,true,true,true,AGREEMENT,OPTIMAL,OPTIMAL,0.0,0.0,0.4329274999909103,0.06120939995162189,2,23,true
P20_N020_M030_R17_seed120203017,true,true,true,true,AGREEMENT,OPTIMAL,OPTIMAL,0.0,0.0,0.4403028999804519,0.06066280003869906,2,23,true
P20_N020_M030_R18_seed120203018,true,true,true,true,AGREEMENT,OPTIMAL,OPTIMAL,95.0,95.0,0.4323787000030279,0.06516860000556335,2,23,true
P20_N020_M030_R19_seed120203019,true,true,true,true,AGREEMENT,OPTIMAL,OPTIMAL,39.0,39.0,0.44055180001305416,0.06068220001179725,2,23,true
P20_N020_M030_R20_seed120203020,true,true,true,true,AGREEMENT,OPTIMAL,OPTIMAL,96.0,96.0,0.4436262000235729,0.1766852000146173,2,27,true
P20_N020_M030_R21_seed120203021,true,true,true,true,AGREEMENT,OPTIMAL,OPTIMAL,94.0,94.0,0.46193119999952614,0.07653279998339713,2,23,true
P20_N020_M030_R22_seed120203022,true,true,true,true,AGREEMENT,OPTIMAL,OPTIMAL,40.0,40.0,0.6514137999620289,0.059441399993374944,2,23,true
P20_N020_M030_R23_seed120203023,true,true,true,true,AGREEMENT,OPTIMAL,OPTIMAL,0.0,0.0,0.6006801000330597,0.11870180000551045,2,23,true
P20_N020_M030_R24_seed120203024,true,true,true,true,AGREEMENT,OPTIMAL,OPTIMAL,0.0,0.0,0.5997699000290595,0.07733220001682639,2,25,true
P20_N020_M030_R25_seed120203025,true,true,true,true,AGREEMENT,OPTIMAL,OPTIMAL,95.0,95.0,0.48636769998120144,0.15796470001805574,2,25,true
P20_N020_M030_R26_seed120203026,true,true,true,true,AGREEMENT,OPTIMAL,OPTIMAL,46.0,46.0,0.6614301999798045,0.11407559999497607,2,23,true
P20_N020_M030_R27_seed120203027,true,true,true,true,AGREEMENT,OPTIMAL,OPTIMAL,116.0,116.0,0.5473557999939658,0.084125800000038,2,23,true
P20_N020_M030_R28_seed120203028,true,true,true,true,AGREEMENT,OPTIMAL,OPTIMAL,123.0,123.0,0.5797015000134706,0.28589360002661124,2,27,true
P20_N020_M030_R29_seed120203029,true,true,true,true,AGREEMENT,OPTIMAL,OPTIMAL,23.0,23.0,0.6642355999792926,0.07674290001159534,2,23,true
P20_N020_M030_R30_seed120203030,true,true,true,true,AGREEMENT,OPTIMAL,OPTIMAL,0.0,0.0,0.4655030000139959,0.0751598000060767,2,25,true
P20_N020_M050_R01_seed120205001,true,true,true,true,AGREEMENT,OPTIMAL,OPTIMAL,128.0,128.0,1.1476386999711394,0.08072769996942952,2,23,true
P20_N020_M050_R02_seed120205002,true,true,true,true,AGREEMENT,OPTIMAL,OPTIMAL,89.0,89.0,1.0289024999947287,0.27274829999078065,2,25,true
P20_N020_M050_R03_seed120205003,true,true,true,true,AGREEMENT,OPTIMAL,OPTIMAL,0.0,0.0,1.2712457000161521,0.08575679996283725,2,23,true
P20_N020_M050_R04_seed120205004,true,true,true,true,AGREEMENT,OPTIMAL,OPTIMAL,174.0,174.0,0.9648581999936141,0.2880303999991156,2,25,true
P20_N020_M050_R05_seed120205005,true,true,true,true,AGREEMENT,OPTIMAL,OPTIMAL,0.0,0.0,0.8499678000225686,0.1614183000056073,2,27,true
P20_N020_M050_R06_seed120205006,true,true,true,true,AGREEMENT,OPTIMAL,OPTIMAL,0.0,0.0,0.8379683999810368,0.2128114000079222,2,29,true
P20_N020_M050_R07_seed120205007,true,true,true,true,AGREEMENT,OPTIMAL,OPTIMAL,0.0,0.0,0.7948953000013717,0.07331189996330068,2,23,true
P20_N020_M050_R08_seed120205008,true,true,true,true,AGREEMENT,OPTIMAL,OPTIMAL,23.0,23.0,0.8183316999929957,0.08023900003172457,2,25,true
P20_N020_M050_R09_seed120205009,true,true,true,true,AGREEMENT,OPTIMAL,OPTIMAL,0.0,0.0,0.8727217999985442,0.0891525000333786,2,23,true
P20_N020_M050_R10_seed120205010,true,true,true,true,AGREEMENT,OPTIMAL,OPTIMAL,105.0,105.0,0.8901207000017166,0.08359100000234321,2,23,true
P20_N020_M050_R11_seed120205011,true,true,true,true,AGREEMENT,OPTIMAL,OPTIMAL,44.0,44.0,0.864811799954623,0.08119429997168481,2,23,true
P20_N020_M050_R12_seed120205012,true,true,true,true,AGREEMENT,OPTIMAL,OPTIMAL,144.0,144.0,0.8221185999573208,0.07837219996144995,2,23,true
P20_N020_M050_R13_seed120205013,true,true,true,true,AGREEMENT,OPTIMAL,OPTIMAL,20.0,20.0,0.8678642000304535,0.08176440000534058,2,25,true
P20_N020_M050_R14_seed120205014,true,true,true,true,AGREEMENT,OPTIMAL,OPTIMAL,67.0,67.0,0.8999365999479778,0.07798950001597404,2,23,true
P20_N020_M050_R15_seed120205015,true,true,true,true,AGREEMENT,OPTIMAL,OPTIMAL,87.0,87.0,1.0209082999499515,0.3271900999825448,2,29,true
P20_N020_M050_R16_seed120205016,true,true,true,true,AGREEMENT,OPTIMAL,OPTIMAL,106.0,106.0,1.161944899999071,0.0853486999985762,2,23,true
P20_N020_M050_R17_seed120205017,true,true,true,true,AGREEMENT,OPTIMAL,OPTIMAL,0.0,0.0,0.824881499982439,0.08813079999526963,2,23,true
P20_N020_M050_R18_seed120205018,true,true,true,true,AGREEMENT,OPTIMAL,OPTIMAL,70.0,70.0,0.8337707999744453,0.07249300001421943,2,23,true
P20_N020_M050_R19_seed120205019,true,true,true,true,AGREEMENT,OPTIMAL,OPTIMAL,93.0,93.0,1.0242483000038192,0.1049135000212118,2,23,true
P20_N020_M050_R20_seed120205020,true,true,true,true,AGREEMENT,OPTIMAL,OPTIMAL,77.0,77.0,0.8293678999762051,0.08023780002258718,2,23,true
P20_N020_M050_R21_seed120205021,true,true,true,true,AGREEMENT,OPTIMAL,OPTIMAL,10.0,10.0,1.0165215999586508,0.0764325000345707,2,23,true
P20_N020_M050_R22_seed120205022,true,true,true,true,AGREEMENT,OPTIMAL,OPTIMAL,0.0,0.0,0.812485900009051,0.07306389999575913,2,23,true
P20_N020_M050_R23_seed120205023,true,true,true,true,AGREEMENT,OPTIMAL,OPTIMAL,1.0,1.0,0.8490937000024132,0.11421219998737797,2,25,true
P20_N020_M050_R24_seed120205024,true,true,true,true,AGREEMENT,OPTIMAL,OPTIMAL,0.0,0.0,0.8388556000427343,0.07310949999373406,2,23,true
P20_N020_M050_R25_seed120205025,true,true,true,true,AGREEMENT,OPTIMAL,OPTIMAL,0.0,0.0,0.8452484000008553,0.08193410001695156,2,23,true
P20_N020_M050_R26_seed120205026,true,true,true,true,AGREEMENT,OPTIMAL,OPTIMAL,0.0,0.0,0.8115271999849938,0.06946939998306334,2,23,true
P20_N020_M050_R27_seed120205027,true,true,true,true,AGREEMENT,OPTIMAL,OPTIMAL,139.0,139.0,0.839363900013268,0.10320740001043305,2,25,true
P20_N020_M050_R28_seed120205028,true,true,true,true,AGREEMENT,OPTIMAL,OPTIMAL,33.0,33.0,0.8268528999760747,0.07286999997450039,2,23,true
P20_N020_M050_R29_seed120205029,true,true,true,true,AGREEMENT,OPTIMAL,OPTIMAL,114.0,114.0,0.8553548000054434,0.24755430000368506,2,23,true
P20_N020_M050_R30_seed120205030,true,true,true,true,AGREEMENT,OPTIMAL,OPTIMAL,0.0,0.0,0.8560584000078961,0.07964640000136569,2,25,true
P20_N050_M010_R01_seed120501001,true,true,true,true,AGREEMENT,OPTIMAL,OPTIMAL,33.0,33.0,2.099924100039061,0.1624788999906741,2,57,true
P20_N050_M010_R02_seed120501002,true,true,true,true,AGREEMENT,OPTIMAL,OPTIMAL,1558.0,1558.0,9.37609189999057,283.2939261000138,2,792,true
P20_N050_M010_R03_seed120501003,true,true,true,true,AGREEMENT,OPTIMAL,OPTIMAL,79.0,79.0,2.122350199962966,0.1642654999741353,2,57,true
P20_N050_M010_R04_seed120501004,true,true,true,true,AGREEMENT,OPTIMAL,OPTIMAL,156.0,156.0,2.0857803999679163,0.42986660002497956,2,57,true
P20_N050_M010_R05_seed120501005,true,true,true,true,AGREEMENT,OPTIMAL,OPTIMAL,154.0,154.0,2.106356500007678,0.1338427999871783,2,53,true
P20_N050_M010_R06_seed120501006,true,true,true,true,AGREEMENT,OPTIMAL,OPTIMAL,63.0,63.0,2.1735273000085726,0.7747256999718957,2,75,true
P20_N050_M010_R07_seed120501007,true,true,true,true,AGREEMENT,OPTIMAL,OPTIMAL,456.0,456.0,2.0663803999777883,0.8765037000412121,2,73,true
P20_N050_M010_R08_seed120501008,true,true,true,true,AGREEMENT,OPTIMAL,OPTIMAL,174.0,174.0,2.136226100032218,0.15036799997324124,2,53,true
P20_N050_M010_R09_seed120501009,true,true,true,true,AGREEMENT,OPTIMAL,OPTIMAL,122.0,122.0,2.236897599999793,0.7924759000306949,2,75,true
P20_N050_M010_R10_seed120501010,true,true,true,true,AGREEMENT,OPTIMAL,OPTIMAL,1348.0,1348.0,14.53005410003243,55.56836439995095,2,165,true
P20_N050_M010_R11_seed120501011,true,false,false,false,ALIC_ONLY_OPTIMAL,OPTIMAL,TIME_LIMIT,1071.0,,18.915280500019435,300.0673384999973,2,516,true
P20_N050_M010_R12_seed120501012,true,true,true,true,AGREEMENT,OPTIMAL,OPTIMAL,109.0,109.0,2.529151000024285,0.20932490000268444,2,53,true
P20_N050_M010_R13_seed120501013,true,true,true,true,AGREEMENT,OPTIMAL,OPTIMAL,242.0,242.0,2.1247538999887183,0.23902160004945472,2,61,true
P20_N050_M010_R14_seed120501014,true,true,true,true,AGREEMENT,OPTIMAL,OPTIMAL,1080.0,1080.0,6.942416100006085,10.020772699965164,2,100,true
P20_N050_M010_R15_seed120501015,true,true,true,true,AGREEMENT,OPTIMAL,OPTIMAL,488.0,488.0,2.085675199981779,0.5922474999679253,2,55,true
P20_N050_M010_R16_seed120501016,true,false,false,false,ALIC_ONLY_OPTIMAL,OPTIMAL,TIME_LIMIT,1126.0,,12.764940800028853,300.00292190001346,2,809,true
P20_N050_M010_R17_seed120501017,true,true,true,true,AGREEMENT,OPTIMAL,OPTIMAL,1540.0,1540.0,10.47654699999839,266.8629963999847,2,639,true
P20_N050_M010_R18_seed120501018,true,true,true,true,AGREEMENT,OPTIMAL,OPTIMAL,119.0,119.0,2.4967838999582455,0.15455410000868142,2,53,true
P20_N050_M010_R19_seed120501019,true,true,true,true,AGREEMENT,OPTIMAL,OPTIMAL,406.0,406.0,2.1229725999874063,0.44815120002022013,2,53,true
P20_N050_M010_R20_seed120501020,true,true,true,true,AGREEMENT,OPTIMAL,OPTIMAL,123.0,123.0,2.0648919000523165,0.1353938999818638,2,53,true
P20_N050_M010_R21_seed120501021,true,true,true,true,AGREEMENT,OPTIMAL,OPTIMAL,12.0,12.0,2.1531381999957375,0.3154398999758996,2,58,true
P20_N050_M010_R22_seed120501022,true,true,true,true,AGREEMENT,OPTIMAL,OPTIMAL,1152.0,1152.0,10.159646499960218,170.5056965999538,2,408,true
P20_N050_M010_R23_seed120501023,true,true,true,true,AGREEMENT,OPTIMAL,OPTIMAL,328.0,328.0,2.36138330004178,0.6003409999539144,2,55,true
P20_N050_M010_R24_seed120501024,true,true,true,true,AGREEMENT,OPTIMAL,OPTIMAL,65.0,65.0,2.0956838999991305,0.7048151000053622,2,71,true
P20_N050_M010_R25_seed120501025,true,true,true,true,AGREEMENT,OPTIMAL,OPTIMAL,46.0,46.0,2.0735917999991216,0.18087099998956546,2,59,true
P20_N050_M010_R26_seed120501026,true,true,true,true,AGREEMENT,OPTIMAL,OPTIMAL,1376.0,1376.0,5.0730179999955,2.5215049000107683,2,63,true
P20_N050_M010_R27_seed120501027,true,true,true,true,AGREEMENT,OPTIMAL,OPTIMAL,414.0,414.0,2.316356999974232,2.7484579000156373,2,100,true
P20_N050_M010_R28_seed120501028,true,true,true,true,AGREEMENT,OPTIMAL,OPTIMAL,418.0,418.0,2.3995907999924384,1.0001359999878332,2,67,true
P20_N050_M010_R29_seed120501029,true,true,true,true,AGREEMENT,OPTIMAL,OPTIMAL,1611.0,1611.0,6.968279099965002,63.93972289998783,2,370,true
P20_N050_M010_R30_seed120501030,true,true,true,true,AGREEMENT,OPTIMAL,OPTIMAL,186.0,186.0,2.132774800003972,0.6172942999983206,2,57,true
P20_N050_M020_R01_seed120502001,true,true,true,true,AGREEMENT,OPTIMAL,OPTIMAL,120.0,120.0,2.579464500013273,0.8217457000282593,2,75,true
P20_N050_M020_R02_seed120502002,true,true,true,true,AGREEMENT,OPTIMAL,OPTIMAL,0.0,0.0,2.5787484000320546,0.18659220001427457,2,59,true
P20_N050_M020_R03_seed120502003,true,true,true,true,AGREEMENT,OPTIMAL,OPTIMAL,64.0,64.0,4.31890499999281,0.5653745999443345,2,59,true
P20_N050_M020_R04_seed120502004,true,true,true,true,AGREEMENT,OPTIMAL,OPTIMAL,481.0,481.0,3.7131884999689646,12.078368799993768,2,173,true
P20_N050_M020_R05_seed120502005,true,true,true,true,AGREEMENT,OPTIMAL,OPTIMAL,95.0,95.0,2.729436800000258,0.29345870000543073,2,53,true
P20_N050_M020_R06_seed120502006,true,true,true,true,AGREEMENT,OPTIMAL,OPTIMAL,26.0,26.0,2.58514770003967,0.17586919997120276,2,53,true
P20_N050_M020_R07_seed120502007,true,true,true,true,AGREEMENT,OPTIMAL,OPTIMAL,432.0,432.0,2.5722591999801807,0.6696154000237584,2,53,true
P20_N050_M020_R08_seed120502008,true,true,true,true,AGREEMENT,OPTIMAL,OPTIMAL,322.0,322.0,5.695792399987113,3.67006620002212,2,130,true
P20_N050_M020_R09_seed120502009,true,true,true,true,AGREEMENT,OPTIMAL,OPTIMAL,862.0,862.0,3.433426800009329,3.313741400022991,2,79,true
P20_N050_M020_R10_seed120502010,true,true,true,true,AGREEMENT,OPTIMAL,OPTIMAL,89.0,89.0,4.159436399990227,0.8117198999971151,2,75,true
P20_N050_M020_R11_seed120502011,true,true,true,true,AGREEMENT,OPTIMAL,OPTIMAL,155.0,155.0,3.138369699998293,1.466270400036592,2,59,true
P20_N050_M020_R12_seed120502012,true,true,true,true,AGREEMENT,OPTIMAL,OPTIMAL,90.0,90.0,2.922017299977597,0.17828649998409674,2,53,true
P20_N050_M020_R13_seed120502013,true,true,true,true,AGREEMENT,OPTIMAL,OPTIMAL,157.0,157.0,2.6273833999875933,0.254777499998454,2,53,true
P20_N050_M020_R14_seed120502014,true,true,true,true,AGREEMENT,OPTIMAL,OPTIMAL,111.0,111.0,2.6553863999433815,0.18739679997088388,2,53,true
P20_N050_M020_R15_seed120502015,true,true,true,true,AGREEMENT,OPTIMAL,OPTIMAL,1694.0,1694.0,4.285633299965411,1.070004399982281,2,57,true
P20_N050_M020_R16_seed120502016,true,true,true,true,AGREEMENT,OPTIMAL,OPTIMAL,521.0,521.0,12.693566999980249,57.42940230004024,2,221,true
P20_N050_M020_R17_seed120502017,true,true,true,true,AGREEMENT,OPTIMAL,OPTIMAL,286.0,286.0,2.6498807999887504,0.6845844999770634,2,57,true
P20_N050_M020_R18_seed120502018,true,true,true,true,AGREEMENT,OPTIMAL,OPTIMAL,0.0,0.0,4.489421300007962,0.1981746000237763,2,57,true
P20_N050_M020_R19_seed120502019,true,true,true,true,AGREEMENT,OPTIMAL,OPTIMAL,108.0,108.0,2.5623816000297666,0.5146539999986999,2,53,true
P20_N050_M020_R20_seed120502020,true,true,true,true,AGREEMENT,OPTIMAL,OPTIMAL,55.0,55.0,4.028381200041622,0.17442729999311268,2,53,true
P20_N050_M020_R21_seed120502021,true,true,true,true,AGREEMENT,OPTIMAL,OPTIMAL,425.0,425.0,3.912942499970086,4.896394299983513,2,75,true
P20_N050_M020_R22_seed120502022,true,true,true,true,AGREEMENT,OPTIMAL,OPTIMAL,254.0,254.0,2.6047229999676347,0.870585500029847,2,67,true
P20_N050_M020_R23_seed120502023,true,true,true,true,AGREEMENT,OPTIMAL,OPTIMAL,382.0,382.0,2.780480500019621,2.20872449997114,2,98,true
P20_N050_M020_R24_seed120502024,true,true,true,true,AGREEMENT,OPTIMAL,OPTIMAL,114.0,114.0,4.12610069999937,0.9290926000103354,2,71,true
P20_N050_M020_R25_seed120502025,true,false,false,false,ALIC_ONLY_OPTIMAL,OPTIMAL,TIME_LIMIT,560.0,,14.296761800011154,300.01565930002835,2,632,true
P20_N050_M020_R26_seed120502026,true,true,true,true,AGREEMENT,OPTIMAL,OPTIMAL,83.0,83.0,3.059758800023701,0.19563179998658597,2,53,true
P20_N050_M020_R27_seed120502027,true,true,true,true,AGREEMENT,OPTIMAL,OPTIMAL,526.0,526.0,4.124607899982948,1.097072799981106,2,67,true
P20_N050_M020_R28_seed120502028,true,true,true,true,AGREEMENT,OPTIMAL,OPTIMAL,52.0,52.0,2.6359257000149228,0.2984293000190519,2,53,true
P20_N050_M020_R29_seed120502029,true,true,true,true,AGREEMENT,OPTIMAL,OPTIMAL,0.0,0.0,2.727182200003881,0.18854270002339035,2,53,true
P20_N050_M020_R30_seed120502030,true,true,true,true,AGREEMENT,OPTIMAL,OPTIMAL,0.0,0.0,2.679160100000445,0.18125600001076236,2,53,true
P20_N050_M030_R01_seed120503001,true,true,true,true,AGREEMENT,OPTIMAL,OPTIMAL,84.0,84.0,3.168389099999331,0.8240957999951206,2,67,true
P20_N050_M030_R02_seed120503002,true,true,true,true,AGREEMENT,OPTIMAL,OPTIMAL,0.0,0.0,3.224402400024701,0.21303129999432713,2,53,true
P20_N050_M030_R03_seed120503003,true,true,true,true,AGREEMENT,OPTIMAL,OPTIMAL,0.0,0.0,3.138160600035917,0.23907690000487491,2,55,true
P20_N050_M030_R04_seed120503004,true,true,true,true,AGREEMENT,OPTIMAL,OPTIMAL,35.0,35.0,4.801860700012185,0.223652700020466,2,57,true
P20_N050_M030_R05_seed120503005,true,true,true,true,AGREEMENT,OPTIMAL,OPTIMAL,145.0,145.0,4.761094500019681,0.8117934999754652,2,67,true
P20_N050_M030_R06_seed120503006,true,true,true,true,AGREEMENT,OPTIMAL,OPTIMAL,210.0,210.0,3.2710792999714613,0.9275312999961898,2,72,true
P20_N050_M030_R07_seed120503007,true,true,true,true,AGREEMENT,OPTIMAL,OPTIMAL,127.0,127.0,4.623729399987496,0.7882388000143692,2,61,true
P20_N050_M030_R08_seed120503008,true,true,true,true,AGREEMENT,OPTIMAL,OPTIMAL,106.0,106.0,4.675836900016293,0.5410141999600455,2,57,true
P20_N050_M030_R09_seed120503009,true,true,true,true,AGREEMENT,OPTIMAL,OPTIMAL,183.0,183.0,4.630322200013325,0.6030446999939159,2,53,true
P20_N050_M030_R10_seed120503010,true,true,true,true,AGREEMENT,OPTIMAL,OPTIMAL,310.0,310.0,3.2367843000101857,0.5359943999792449,2,55,true
P20_N050_M030_R11_seed120503011,true,true,true,true,AGREEMENT,OPTIMAL,OPTIMAL,51.0,51.0,4.62741100002313,0.3311424999847077,2,55,true
P20_N050_M030_R12_seed120503012,true,true,true,true,AGREEMENT,OPTIMAL,OPTIMAL,125.0,125.0,4.54917229997227,0.6660723999957554,2,57,true
P20_N050_M030_R13_seed120503013,true,true,true,true,AGREEMENT,OPTIMAL,OPTIMAL,0.0,0.0,4.539955899992492,0.23435779998544604,2,53,true
P20_N050_M030_R14_seed120503014,true,true,true,true,AGREEMENT,OPTIMAL,OPTIMAL,160.0,160.0,3.1825134999817237,0.43322129995794967,2,55,true
P20_N050_M030_R15_seed120503015,true,true,true,true,AGREEMENT,OPTIMAL,OPTIMAL,9.0,9.0,3.246277400001418,0.26974620000692084,2,57,true
P20_N050_M030_R16_seed120503016,true,true,true,true,AGREEMENT,OPTIMAL,OPTIMAL,178.0,178.0,3.1924460000009276,0.6146305000293069,2,56,true
P20_N050_M030_R17_seed120503017,true,true,true,true,AGREEMENT,OPTIMAL,OPTIMAL,94.0,94.0,3.21660659997724,0.2249597999616526,2,57,true
P20_N050_M030_R18_seed120503018,true,true,true,true,AGREEMENT,OPTIMAL,OPTIMAL,32.0,32.0,5.099807000020519,0.20718760002637282,2,53,true
P20_N050_M030_R19_seed120503019,true,true,true,true,AGREEMENT,OPTIMAL,OPTIMAL,0.0,0.0,3.2418974000029266,0.2242981999879703,2,55,true
P20_N050_M030_R20_seed120503020,true,true,true,true,AGREEMENT,OPTIMAL,OPTIMAL,0.0,0.0,3.199190399958752,0.21255419997032732,2,55,true
P20_N050_M030_R21_seed120503021,true,true,true,true,AGREEMENT,OPTIMAL,OPTIMAL,0.0,0.0,3.146667700028047,0.2039056999492459,2,53,true
P20_N050_M030_R22_seed120503022,true,true,true,true,AGREEMENT,OPTIMAL,OPTIMAL,163.0,163.0,4.719745200010948,0.21863610000582412,2,55,true
P20_N050_M030_R23_seed120503023,true,true,true,true,AGREEMENT,OPTIMAL,OPTIMAL,164.0,164.0,4.642198999994434,0.5939892000169493,2,55,true
P20_N050_M030_R24_seed120503024,true,true,true,true,AGREEMENT,OPTIMAL,OPTIMAL,75.0,75.0,3.201916500052903,0.20965109998360276,2,53,true
P20_N050_M030_R25_seed120503025,true,true,true,true,AGREEMENT,OPTIMAL,OPTIMAL,108.0,108.0,4.6987454000045545,0.5478138999897055,2,57,true
P20_N050_M030_R26_seed120503026,true,true,true,true,AGREEMENT,OPTIMAL,OPTIMAL,32.0,32.0,3.148356399964541,0.21286099997814745,2,53,true
P20_N050_M030_R27_seed120503027,true,true,true,true,AGREEMENT,OPTIMAL,OPTIMAL,0.0,0.0,3.1450363000039943,0.23411289998330176,2,53,true
P20_N050_M030_R28_seed120503028,true,true,true,true,AGREEMENT,OPTIMAL,OPTIMAL,85.0,85.0,3.595619500032626,0.21320539998123422,2,53,true
P20_N050_M030_R29_seed120503029,true,true,true,true,AGREEMENT,OPTIMAL,OPTIMAL,13.0,13.0,3.149179899948649,0.250414100009948,2,53,true
P20_N050_M030_R30_seed120503030,true,true,true,true,AGREEMENT,OPTIMAL,OPTIMAL,86.0,86.0,3.2008756999857724,0.3412701999768615,2,55,true
P20_N050_M050_R01_seed120505001,true,true,true,true,AGREEMENT,OPTIMAL,OPTIMAL,110.0,110.0,0.045216299942694604,0.28192849998595193,2,53,true
P20_N050_M050_R02_seed120505002,true,true,true,true,AGREEMENT,OPTIMAL,OPTIMAL,0.0,0.0,0.04780840000603348,0.283173399977386,2,53,true
P20_N050_M050_R03_seed120505003,true,true,true,true,AGREEMENT,OPTIMAL,OPTIMAL,144.0,144.0,0.061794100038241595,0.46349620004184544,2,55,true
P20_N050_M050_R04_seed120505004,true,true,true,true,AGREEMENT,OPTIMAL,OPTIMAL,0.0,0.0,0.04562030005035922,0.3092596000060439,2,53,true
P20_N050_M050_R05_seed120505005,true,true,true,true,AGREEMENT,OPTIMAL,OPTIMAL,0.0,0.0,0.06115470000077039,0.3157956999493763,2,55,true
P20_N050_M050_R06_seed120505006,true,true,true,true,AGREEMENT,OPTIMAL,OPTIMAL,128.0,128.0,0.06446419999701902,1.2898027999908663,2,60,true
P20_N050_M050_R07_seed120505007,true,true,true,true,AGREEMENT,OPTIMAL,OPTIMAL,0.0,0.0,0.04087199998321012,0.2884998999652453,2,53,true
P20_N050_M050_R08_seed120505008,true,true,true,true,AGREEMENT,OPTIMAL,OPTIMAL,0.0,0.0,0.04609540000092238,0.27739719999954104,2,53,true
P20_N050_M050_R09_seed120505009,true,true,true,true,AGREEMENT,OPTIMAL,OPTIMAL,0.0,0.0,0.05355089996010065,0.3029485000297427,2,53,true
P20_N050_M050_R10_seed120505010,true,true,true,true,AGREEMENT,OPTIMAL,OPTIMAL,138.0,138.0,0.04839179996633902,0.307188100006897,2,53,true
P20_N050_M050_R11_seed120505011,true,true,true,true,AGREEMENT,OPTIMAL,OPTIMAL,30.0,30.0,0.055987400002777576,0.49533300002804026,2,55,true
P20_N050_M050_R12_seed120505012,true,true,true,true,AGREEMENT,OPTIMAL,OPTIMAL,0.0,0.0,0.052320700022391975,0.27850640000542626,2,53,true
P20_N050_M050_R13_seed120505013,true,true,true,true,AGREEMENT,OPTIMAL,OPTIMAL,141.0,141.0,0.0617430999991484,0.28408569999737665,2,53,true
P20_N050_M050_R14_seed120505014,true,true,true,true,AGREEMENT,OPTIMAL,OPTIMAL,57.0,57.0,0.06281990004936233,0.8831520000239834,2,60,true
P20_N050_M050_R15_seed120505015,true,true,true,true,AGREEMENT,OPTIMAL,OPTIMAL,100.0,100.0,0.051080600009299815,0.5453924000030383,2,53,true
P20_N050_M050_R16_seed120505016,true,true,true,true,AGREEMENT,OPTIMAL,OPTIMAL,0.0,0.0,0.08752180001465604,0.29753270000219345,2,53,true
P20_N050_M050_R17_seed120505017,true,true,true,true,AGREEMENT,OPTIMAL,OPTIMAL,175.0,175.0,0.06032030005007982,0.6186545999953523,2,55,true
P20_N050_M050_R18_seed120505018,true,true,true,true,AGREEMENT,OPTIMAL,OPTIMAL,0.0,0.0,0.04988250002497807,0.2771187000325881,2,53,true
P20_N050_M050_R19_seed120505019,true,true,true,true,AGREEMENT,OPTIMAL,OPTIMAL,90.0,90.0,0.05922819999977946,0.4639268000028096,2,55,true
P20_N050_M050_R20_seed120505020,true,true,true,true,AGREEMENT,OPTIMAL,OPTIMAL,126.0,126.0,0.07526789995608851,1.2170193999772891,2,63,true
P20_N050_M050_R21_seed120505021,true,true,true,true,AGREEMENT,OPTIMAL,OPTIMAL,132.0,132.0,0.041665200027637184,0.278532299969811,2,53,true
P20_N050_M050_R22_seed120505022,true,true,true,true,AGREEMENT,OPTIMAL,OPTIMAL,0.0,0.0,0.05149730003904551,0.27980940003180876,2,53,true
P20_N050_M050_R23_seed120505023,true,true,true,true,AGREEMENT,OPTIMAL,OPTIMAL,44.0,44.0,0.04060899995965883,0.2769218999892473,2,53,true
P20_N050_M050_R24_seed120505024,true,true,true,true,AGREEMENT,OPTIMAL,OPTIMAL,103.0,103.0,0.05469200003426522,0.6332768000429496,2,53,true
P20_N050_M050_R25_seed120505025,true,true,true,true,AGREEMENT,OPTIMAL,OPTIMAL,0.0,0.0,0.046800100011751056,0.2807457000017166,2,55,true
P20_N050_M050_R26_seed120505026,true,true,true,true,AGREEMENT,OPTIMAL,OPTIMAL,61.0,61.0,0.06703499995637685,0.6698147999704815,2,59,true
P20_N050_M050_R27_seed120505027,true,true,true,true,AGREEMENT,OPTIMAL,OPTIMAL,0.0,0.0,0.10488500003702939,0.48491689999355003,2,53,true
P20_N050_M050_R28_seed120505028,true,true,true,true,AGREEMENT,OPTIMAL,OPTIMAL,0.0,0.0,0.04179149999981746,0.28161659999750555,2,53,true
P20_N050_M050_R29_seed120505029,true,true,true,true,AGREEMENT,OPTIMAL,OPTIMAL,94.0,94.0,0.06047430000035092,0.3580318000167608,2,53,true
P20_N050_M050_R30_seed120505030,true,true,true,true,AGREEMENT,OPTIMAL,OPTIMAL,103.0,103.0,0.09885519999079406,0.4014278000104241,2,53,true
P50_N010_M010_R01_seed150101001,true,true,true,true,AGREEMENT,OPTIMAL,OPTIMAL,0.0,0.0,0.10096040001371875,0.047665499965660274,2,17,true
P50_N010_M010_R02_seed150101002,true,true,true,true,AGREEMENT,OPTIMAL,OPTIMAL,140.0,140.0,0.1001591999665834,0.03431700001237914,2,15,true
P50_N010_M010_R03_seed150101003,true,true,true,true,AGREEMENT,OPTIMAL,OPTIMAL,0.0,0.0,0.07839989999774843,0.027097499987576157,2,13,true
P50_N010_M010_R04_seed150101004,true,true,true,true,AGREEMENT,OPTIMAL,OPTIMAL,122.0,122.0,0.09335080004530028,0.03328859998146072,2,13,true
P50_N010_M010_R05_seed150101005,true,true,true,true,AGREEMENT,OPTIMAL,OPTIMAL,373.0,373.0,0.18202940002083778,0.2763632999849506,2,25,true
P50_N010_M010_R06_seed150101006,true,true,true,true,AGREEMENT,OPTIMAL,OPTIMAL,380.0,380.0,0.11691720003727823,1.257954700035043,2,47,true
P50_N010_M010_R07_seed150101007,true,true,true,true,AGREEMENT,OPTIMAL,OPTIMAL,148.0,148.0,0.08118669997202232,0.08650470001157373,2,13,true
P50_N010_M010_R08_seed150101008,true,true,true,true,AGREEMENT,OPTIMAL,OPTIMAL,11.0,11.0,0.07770299998810515,0.03268959996057674,2,13,true
P50_N010_M010_R09_seed150101009,true,true,true,true,AGREEMENT,OPTIMAL,OPTIMAL,458.0,458.0,0.09434489998966455,0.1867074000183493,2,21,true
P50_N010_M010_R10_seed150101010,true,true,true,true,AGREEMENT,OPTIMAL,OPTIMAL,135.0,135.0,0.09379039995837957,0.02847380004823208,2,13,true
P50_N010_M010_R11_seed150101011,true,true,true,true,AGREEMENT,OPTIMAL,OPTIMAL,1520.0,1520.0,0.09617470001103356,0.12124919996131212,2,15,true
P50_N010_M010_R12_seed150101012,true,true,true,true,AGREEMENT,OPTIMAL,OPTIMAL,137.0,137.0,0.10252190002938733,0.026056500035338104,2,13,true
P50_N010_M010_R13_seed150101013,true,true,true,true,AGREEMENT,OPTIMAL,OPTIMAL,364.0,364.0,0.09666029998334125,0.5251056000124663,2,31,true
P50_N010_M010_R14_seed150101014,true,true,true,true,AGREEMENT,OPTIMAL,OPTIMAL,49.0,49.0,0.18381860002409667,0.05648729996755719,2,13,true
P50_N010_M010_R15_seed150101015,true,true,true,true,AGREEMENT,OPTIMAL,OPTIMAL,488.0,488.0,0.10489400004735216,0.29845750000094995,2,19,true
P50_N010_M010_R16_seed150101016,true,true,true,true,AGREEMENT,OPTIMAL,OPTIMAL,0.0,0.0,0.08405150001635775,0.041955300024710596,2,17,true
P50_N010_M010_R17_seed150101017,true,true,true,true,AGREEMENT,OPTIMAL,OPTIMAL,474.0,474.0,0.15830070001538843,1.5062037000316195,2,89,true
P50_N010_M010_R18_seed150101018,true,true,true,true,AGREEMENT,OPTIMAL,OPTIMAL,100.0,100.0,0.09053649997804314,0.03346459998283535,2,13,true
P50_N010_M010_R19_seed150101019,true,true,true,true,AGREEMENT,OPTIMAL,OPTIMAL,9.0,9.0,0.10559849999845028,0.20120519999181852,2,25,true
P50_N010_M010_R20_seed150101020,true,true,true,true,AGREEMENT,OPTIMAL,OPTIMAL,0.0,0.0,0.1076673999777995,0.049317299970425665,2,13,true
P50_N010_M010_R21_seed150101021,true,true,true,true,AGREEMENT,OPTIMAL,OPTIMAL,165.0,165.0,0.11802809999790043,0.23948380001820624,2,21,true
P50_N010_M010_R22_seed150101022,true,true,true,true,AGREEMENT,OPTIMAL,OPTIMAL,351.0,351.0,0.12335150002036244,0.20219699997687712,2,13,true
P50_N010_M010_R23_seed150101023,true,true,true,true,AGREEMENT,OPTIMAL,OPTIMAL,150.0,150.0,0.10598600003868341,0.1729279999854043,2,21,true
P50_N010_M010_R24_seed150101024,true,true,true,true,AGREEMENT,OPTIMAL,OPTIMAL,121.0,121.0,0.09489489998668432,0.2385247999918647,2,35,true
P50_N010_M010_R25_seed150101025,true,true,true,true,AGREEMENT,OPTIMAL,OPTIMAL,99.0,99.0,0.07576589996460825,0.17296349996468052,2,17,true
P50_N010_M010_R26_seed150101026,true,true,true,true,AGREEMENT,OPTIMAL,OPTIMAL,173.0,173.0,0.14801090001128614,0.0853365000220947,2,17,true
P50_N010_M010_R27_seed150101027,true,true,true,true,AGREEMENT,OPTIMAL,OPTIMAL,109.0,109.0,0.12481949996436015,0.28655399999115616,2,31,true
P50_N010_M010_R28_seed150101028,true,true,true,true,AGREEMENT,OPTIMAL,OPTIMAL,90.0,90.0,0.08955819997936487,0.2535529999877326,2,23,true
P50_N010_M010_R29_seed150101029,true,true,true,true,AGREEMENT,OPTIMAL,OPTIMAL,632.0,632.0,0.17356440000003204,0.410853200010024,2,15,true
P50_N010_M010_R30_seed150101030,true,true,true,true,AGREEMENT,OPTIMAL,OPTIMAL,494.0,494.0,0.09654470003442839,0.2544412999995984,2,17,true
P50_N010_M020_R01_seed150102001,true,true,true,true,AGREEMENT,OPTIMAL,OPTIMAL,0.0,0.0,0.23921810003230348,0.04289270000299439,2,13,true
P50_N010_M020_R02_seed150102002,true,true,true,true,AGREEMENT,OPTIMAL,OPTIMAL,154.0,154.0,0.14439420000417158,0.03841839998494834,2,13,true
P50_N010_M020_R03_seed150102003,true,true,true,true,AGREEMENT,OPTIMAL,OPTIMAL,82.0,82.0,0.11924230004660785,0.030044400016777217,2,15,true
P50_N010_M020_R04_seed150102004,true,true,true,true,AGREEMENT,OPTIMAL,OPTIMAL,129.0,129.0,0.11936239997157827,0.10747310001170263,2,13,true
P50_N010_M020_R05_seed150102005,true,true,true,true,AGREEMENT,OPTIMAL,OPTIMAL,28.0,28.0,0.12355779996141791,0.036316399986390024,2,13,true
P50_N010_M020_R06_seed150102006,true,true,true,true,AGREEMENT,OPTIMAL,OPTIMAL,0.0,0.0,0.11697390000335872,0.05092869995860383,2,15,true
P50_N010_M020_R07_seed150102007,true,true,true,true,AGREEMENT,OPTIMAL,OPTIMAL,380.0,380.0,0.18690700002480298,0.1752517999848351,2,19,true
P50_N010_M020_R08_seed150102008,true,true,true,true,AGREEMENT,OPTIMAL,OPTIMAL,78.0,78.0,0.14477770001394674,0.03944200003752485,2,13,true
P50_N010_M020_R09_seed150102009,true,true,true,true,AGREEMENT,OPTIMAL,OPTIMAL,37.0,37.0,0.12106769997626543,0.039458799990825355,2,15,true
P50_N010_M020_R10_seed150102010,true,true,true,true,AGREEMENT,OPTIMAL,OPTIMAL,111.0,111.0,0.1225618000025861,0.0251307999715209,2,13,true
P50_N010_M020_R11_seed150102011,true,true,true,true,AGREEMENT,OPTIMAL,OPTIMAL,0.0,0.0,0.1440510000102222,0.037377400032710284,2,15,true
P50_N010_M020_R12_seed150102012,true,true,true,true,AGREEMENT,OPTIMAL,OPTIMAL,426.0,426.0,0.18057510000653565,0.16174169996520504,2,13,true
P50_N010_M020_R13_seed150102013,true,true,true,true,AGREEMENT,OPTIMAL,OPTIMAL,100.0,100.0,0.12114319996908307,0.05972229997860268,2,13,true
P50_N010_M020_R14_seed150102014,true,true,true,true,AGREEMENT,OPTIMAL,OPTIMAL,0.0,0.0,0.14685979997739196,0.03627229999983683,2,15,true
P50_N010_M020_R15_seed150102015,true,true,true,true,AGREEMENT,OPTIMAL,OPTIMAL,129.0,129.0,0.21689969999715686,0.048129300004802644,2,17,true
P50_N010_M020_R16_seed150102016,true,true,true,true,AGREEMENT,OPTIMAL,OPTIMAL,0.0,0.0,0.11981529998593032,0.03383360005682334,2,13,true
P50_N010_M020_R17_seed150102017,true,true,true,true,AGREEMENT,OPTIMAL,OPTIMAL,49.0,49.0,0.20442349999211729,0.5491213999921456,2,45,true
P50_N010_M020_R18_seed150102018,true,true,true,true,AGREEMENT,OPTIMAL,OPTIMAL,64.0,64.0,0.15030829998431727,0.03205929999239743,2,15,true
P50_N010_M020_R19_seed150102019,true,true,true,true,AGREEMENT,OPTIMAL,OPTIMAL,119.0,119.0,0.11227579996921122,0.03816599998390302,2,15,true
P50_N010_M020_R20_seed150102020,true,true,true,true,AGREEMENT,OPTIMAL,OPTIMAL,19.0,19.0,0.1332338000065647,0.24050449999049306,2,27,true
P50_N010_M020_R21_seed150102021,true,true,true,true,AGREEMENT,OPTIMAL,OPTIMAL,0.0,0.0,0.228150499984622,0.03862979996483773,2,13,true
P50_N010_M020_R22_seed150102022,true,true,true,true,AGREEMENT,OPTIMAL,OPTIMAL,19.0,19.0,0.12920890003442764,0.23771899996791035,2,23,true
P50_N010_M020_R23_seed150102023,true,true,true,true,AGREEMENT,OPTIMAL,OPTIMAL,817.0,817.0,0.17540060001192614,0.21198540000477806,2,17,true
P50_N010_M020_R24_seed150102024,true,true,true,true,AGREEMENT,OPTIMAL,OPTIMAL,113.0,113.0,0.16549129999475554,0.04564540000865236,2,13,true
P50_N010_M020_R25_seed150102025,true,true,true,true,AGREEMENT,OPTIMAL,OPTIMAL,0.0,0.0,0.17107859998941422,0.04953640000894666,2,13,true
P50_N010_M020_R26_seed150102026,true,true,true,true,AGREEMENT,OPTIMAL,OPTIMAL,180.0,180.0,0.15129569999407977,0.23830319999251515,2,19,true
P50_N010_M020_R27_seed150102027,true,true,true,true,AGREEMENT,OPTIMAL,OPTIMAL,183.0,183.0,0.12854479998350143,0.15063310001278296,2,13,true
P50_N010_M020_R28_seed150102028,true,true,true,true,AGREEMENT,OPTIMAL,OPTIMAL,25.0,25.0,0.16236050002044067,0.028172400023322552,2,13,true
P50_N010_M020_R29_seed150102029,true,true,true,true,AGREEMENT,OPTIMAL,OPTIMAL,80.0,80.0,0.15704910003114492,0.131629100011196,2,17,true
P50_N010_M020_R30_seed150102030,true,true,true,true,AGREEMENT,OPTIMAL,OPTIMAL,86.0,86.0,0.18876950000412762,0.05682980001438409,2,15,true
P50_N010_M030_R01_seed150103001,true,true,true,true,AGREEMENT,OPTIMAL,OPTIMAL,48.0,48.0,0.20496330002788454,0.06372820003889501,2,17,true
P50_N010_M030_R02_seed150103002,true,true,true,true,AGREEMENT,OPTIMAL,OPTIMAL,35.0,35.0,0.2182885999791324,0.048052099999040365,2,15,true
P50_N010_M030_R03_seed150103003,true,true,true,true,AGREEMENT,OPTIMAL,OPTIMAL,0.0,0.0,0.17074909998336807,0.03493789996718988,2,15,true
P50_N010_M030_R04_seed150103004,true,true,true,true,AGREEMENT,OPTIMAL,OPTIMAL,89.0,89.0,0.22010550001868978,0.08758380002109334,2,17,true
P50_N010_M030_R05_seed150103005,true,true,true,true,AGREEMENT,OPTIMAL,OPTIMAL,40.0,40.0,0.22895630000857636,0.06122839997988194,2,15,true
P50_N010_M030_R06_seed150103006,true,true,true,true,AGREEMENT,OPTIMAL,OPTIMAL,0.0,0.0,0.1885817000293173,0.04982499999459833,2,13,true
P50_N010_M030_R07_seed150103007,true,true,true,true,AGREEMENT,OPTIMAL,OPTIMAL,110.0,110.0,0.1784631999908015,0.12986749998526648,2,15,true
P50_N010_M030_R08_seed150103008,true,true,true,true,AGREEMENT,OPTIMAL,OPTIMAL,0.0,0.0,0.16716870001982898,0.04284229996846989,2,13,true
P50_N010_M030_R09_seed150103009,true,true,true,true,AGREEMENT,OPTIMAL,OPTIMAL,27.0,27.0,0.22310840000864118,0.035940199973993,2,13,true
P50_N010_M030_R10_seed150103010,true,true,true,true,AGREEMENT,OPTIMAL,OPTIMAL,122.0,122.0,0.18183189997216687,0.04363939998438582,2,13,true
P50_N010_M030_R11_seed150103011,true,true,true,true,AGREEMENT,OPTIMAL,OPTIMAL,43.0,43.0,0.2185845000203699,0.04508039995562285,2,13,true
P50_N010_M030_R12_seed150103012,true,true,true,true,AGREEMENT,OPTIMAL,OPTIMAL,137.0,137.0,0.2916755999904126,0.17405710002640262,2,17,true
P50_N010_M030_R13_seed150103013,true,true,true,true,AGREEMENT,OPTIMAL,OPTIMAL,173.0,173.0,0.24695549998432398,0.03799769998295233,2,13,true
P50_N010_M030_R14_seed150103014,true,true,true,true,AGREEMENT,OPTIMAL,OPTIMAL,1.0,1.0,0.24906120001105592,0.029372399963904172,2,13,true
P50_N010_M030_R15_seed150103015,true,true,true,true,AGREEMENT,OPTIMAL,OPTIMAL,0.0,0.0,0.26848689996404573,0.0499036000110209,2,13,true
P50_N010_M030_R16_seed150103016,true,true,true,true,AGREEMENT,OPTIMAL,OPTIMAL,0.0,0.0,0.19903359998716041,0.03891689999727532,2,13,true
P50_N010_M030_R17_seed150103017,true,true,true,true,AGREEMENT,OPTIMAL,OPTIMAL,248.0,248.0,0.19113340001786128,0.036349100002553314,2,15,true
P50_N010_M030_R18_seed150103018,true,true,true,true,AGREEMENT,OPTIMAL,OPTIMAL,27.0,27.0,0.26442630001110956,0.027768499974627048,2,13,true
P50_N010_M030_R19_seed150103019,true,true,true,true,AGREEMENT,OPTIMAL,OPTIMAL,0.0,0.0,0.2771362999919802,0.05825060000643134,2,15,true
P50_N010_M030_R20_seed150103020,true,true,true,true,AGREEMENT,OPTIMAL,OPTIMAL,0.0,0.0,0.1959064999828115,0.043238600017502904,2,13,true
P50_N010_M030_R21_seed150103021,true,true,true,true,AGREEMENT,OPTIMAL,OPTIMAL,168.0,168.0,0.18414430000120774,0.037006700003985316,2,13,true
P50_N010_M030_R22_seed150103022,true,true,true,true,AGREEMENT,OPTIMAL,OPTIMAL,122.0,122.0,0.1669996000127867,0.029492399946320802,2,13,true
P50_N010_M030_R23_seed150103023,true,true,true,true,AGREEMENT,OPTIMAL,OPTIMAL,0.0,0.0,0.2011519999941811,0.03167060000123456,2,13,true
P50_N010_M030_R24_seed150103024,true,true,true,true,AGREEMENT,OPTIMAL,OPTIMAL,94.0,94.0,0.2168254000134766,0.044699199963361025,2,13,true
P50_N010_M030_R25_seed150103025,true,true,true,true,AGREEMENT,OPTIMAL,OPTIMAL,0.0,0.0,0.2022735999780707,0.039684300019871444,2,13,true
P50_N010_M030_R26_seed150103026,true,true,true,true,AGREEMENT,OPTIMAL,OPTIMAL,38.0,38.0,0.16419239999959245,0.027852300030644983,2,13,true
P50_N010_M030_R27_seed150103027,true,true,true,true,AGREEMENT,OPTIMAL,OPTIMAL,43.0,43.0,0.18346599995857105,0.07710349996341392,2,15,true
P50_N010_M030_R28_seed150103028,true,true,true,true,AGREEMENT,OPTIMAL,OPTIMAL,79.0,79.0,0.22595749999163672,0.0988886000122875,2,17,true
P50_N010_M030_R29_seed150103029,true,true,true,true,AGREEMENT,OPTIMAL,OPTIMAL,109.0,109.0,0.17992749996483326,0.11301949998596683,2,15,true
P50_N010_M030_R30_seed150103030,true,true,true,true,AGREEMENT,OPTIMAL,OPTIMAL,54.0,54.0,0.17900300002656877,0.034538500010967255,2,15,true
P50_N010_M050_R01_seed150105001,true,true,true,true,AGREEMENT,OPTIMAL,OPTIMAL,90.0,90.0,0.434223500022199,0.04314880003221333,2,13,true
P50_N010_M050_R02_seed150105002,true,true,true,true,AGREEMENT,OPTIMAL,OPTIMAL,93.0,93.0,0.4670654999790713,0.04722419998142868,2,15,true
P50_N010_M050_R03_seed150105003,true,true,true,true,AGREEMENT,OPTIMAL,OPTIMAL,0.0,0.0,0.36882629996398464,0.041248499997891486,2,13,true
P50_N010_M050_R04_seed150105004,true,true,true,true,AGREEMENT,OPTIMAL,OPTIMAL,0.0,0.0,0.3320112000219524,0.03733959997771308,2,13,true
P50_N010_M050_R05_seed150105005,true,true,true,true,AGREEMENT,OPTIMAL,OPTIMAL,84.0,84.0,0.34492410003440455,0.03861829999368638,2,15,true
P50_N010_M050_R06_seed150105006,true,true,true,true,AGREEMENT,OPTIMAL,OPTIMAL,19.0,19.0,0.33125899999868125,0.031385500042233616,2,13,true
P50_N010_M050_R07_seed150105007,true,true,true,true,AGREEMENT,OPTIMAL,OPTIMAL,0.0,0.0,0.3496656999923289,0.033587399986572564,2,13,true
P50_N010_M050_R08_seed150105008,true,true,true,true,AGREEMENT,OPTIMAL,OPTIMAL,0.0,0.0,0.37086949998047203,0.03749059996334836,2,15,true
P50_N010_M050_R09_seed150105009,true,true,true,true,AGREEMENT,OPTIMAL,OPTIMAL,169.0,169.0,0.34401749999960884,0.04349740000907332,2,13,true
P50_N010_M050_R10_seed150105010,true,true,true,true,AGREEMENT,OPTIMAL,OPTIMAL,0.0,0.0,0.32097160001285374,0.033264400030020624,2,13,true
P50_N010_M050_R11_seed150105011,true,true,true,true,AGREEMENT,OPTIMAL,OPTIMAL,158.0,158.0,0.34804280003299937,0.11987180000869557,2,17,true
P50_N010_M050_R12_seed150105012,true,true,true,true,AGREEMENT,OPTIMAL,OPTIMAL,77.0,77.0,0.3305195000139065,0.0353878999594599,2,13,true
P50_N010_M050_R13_seed150105013,true,true,true,true,AGREEMENT,OPTIMAL,OPTIMAL,7.0,7.0,0.35145170002942905,0.04224829998565838,2,17,true
P50_N010_M050_R14_seed150105014,true,true,true,true,AGREEMENT,OPTIMAL,OPTIMAL,232.0,232.0,0.3399290000088513,0.06878850003704429,2,13,true
P50_N010_M050_R15_seed150105015,true,true,true,true,AGREEMENT,OPTIMAL,OPTIMAL,68.0,68.0,0.3439127000165172,0.03936890000477433,2,13,true
P50_N010_M050_R16_seed150105016,true,true,true,true,AGREEMENT,OPTIMAL,OPTIMAL,112.0,112.0,0.363754499994684,0.054692599980626255,2,15,true
P50_N010_M050_R17_seed150105017,true,true,true,true,AGREEMENT,OPTIMAL,OPTIMAL,1.0,1.0,0.5006542999763042,0.07452160003595054,2,17,true
P50_N010_M050_R18_seed150105018,true,true,true,true,AGREEMENT,OPTIMAL,OPTIMAL,1.0,1.0,0.4177075999905355,0.048696700017899275,2,15,true
P50_N010_M050_R19_seed150105019,true,true,true,true,AGREEMENT,OPTIMAL,OPTIMAL,109.0,109.0,0.42421420000027865,0.0655585999484174,2,13,true
P50_N010_M050_R20_seed150105020,true,true,true,true,AGREEMENT,OPTIMAL,OPTIMAL,0.0,0.0,0.4233439000090584,0.06229420000454411,2,13,true
P50_N010_M050_R21_seed150105021,true,true,true,true,AGREEMENT,OPTIMAL,OPTIMAL,59.0,59.0,0.5772516999859363,0.21443779999390244,2,19,true
P50_N010_M050_R22_seed150105022,true,true,true,true,AGREEMENT,OPTIMAL,OPTIMAL,0.0,0.0,0.3641926000127569,0.04405069997301325,2,13,true
P50_N010_M050_R23_seed150105023,true,true,true,true,AGREEMENT,OPTIMAL,OPTIMAL,0.0,0.0,0.42537090001860633,0.048585599986836314,2,15,true
P50_N010_M050_R24_seed150105024,true,true,true,true,AGREEMENT,OPTIMAL,OPTIMAL,45.0,45.0,0.47375549998832867,0.06132259999867529,2,13,true
P50_N010_M050_R25_seed150105025,true,true,true,true,AGREEMENT,OPTIMAL,OPTIMAL,0.0,0.0,0.503576899995096,0.043143500050064176,2,15,true
P50_N010_M050_R26_seed150105026,true,true,true,true,AGREEMENT,OPTIMAL,OPTIMAL,34.0,34.0,0.46253770001931116,0.07534989999840036,2,13,true
P50_N010_M050_R27_seed150105027,true,true,true,true,AGREEMENT,OPTIMAL,OPTIMAL,0.0,0.0,0.421760400000494,0.054092800011858344,2,13,true
P50_N010_M050_R28_seed150105028,true,true,true,true,AGREEMENT,OPTIMAL,OPTIMAL,55.0,55.0,0.5071899999747984,0.07975000003352761,2,13,true
P50_N010_M050_R29_seed150105029,true,true,true,true,AGREEMENT,OPTIMAL,OPTIMAL,0.0,0.0,0.6159341000020504,0.05529520002892241,2,15,true
P50_N010_M050_R30_seed150105030,true,true,true,true,AGREEMENT,OPTIMAL,OPTIMAL,38.0,38.0,0.3746159000438638,0.05296579998685047,2,15,true
P50_N020_M010_R01_seed150201001,true,true,true,true,AGREEMENT,OPTIMAL,OPTIMAL,0.0,0.0,0.2114268000004813,0.05405450001126155,2,23,true
P50_N020_M010_R02_seed150201002,true,true,true,true,AGREEMENT,OPTIMAL,OPTIMAL,182.0,182.0,0.43322969996370375,0.8899913000059314,2,69,true
P50_N020_M010_R03_seed150201003,true,true,true,true,AGREEMENT,OPTIMAL,OPTIMAL,475.0,475.0,0.22327810002025217,0.34141079999972135,2,25,true
P50_N020_M010_R04_seed150201004,true,true,true,true,AGREEMENT,OPTIMAL,OPTIMAL,811.0,811.0,1.5860545999603346,8.492366400023457,2,78,true
P50_N020_M010_R05_seed150201005,true,true,true,true,AGREEMENT,OPTIMAL,OPTIMAL,54.0,54.0,0.19897139997920021,0.047589999972842634,2,23,true
P50_N020_M010_R06_seed150201006,true,true,true,true,AGREEMENT,OPTIMAL,OPTIMAL,111.0,111.0,0.20884039998054504,0.04514629999175668,2,23,true
P50_N020_M010_R07_seed150201007,true,true,true,true,AGREEMENT,OPTIMAL,OPTIMAL,538.0,538.0,0.4887832999811508,3.365375800000038,2,120,true
P50_N020_M010_R08_seed150201008,true,false,false,false,ALIC_ONLY_OPTIMAL,OPTIMAL,TIME_LIMIT,1116.0,,4.519476199988276,300.0020229999791,2,1207,true
P50_N020_M010_R09_seed150201009,true,true,true,true,AGREEMENT,OPTIMAL,OPTIMAL,328.0,328.0,0.2456860999809578,0.38506550004240125,2,33,true
P50_N020_M010_R10_seed150201010,true,true,true,true,AGREEMENT,OPTIMAL,OPTIMAL,193.0,193.0,0.23656330001540482,0.3035463999840431,2,29,true
P50_N020_M010_R11_seed150201011,true,true,true,true,AGREEMENT,OPTIMAL,OPTIMAL,542.0,542.0,0.2590814000577666,0.24559679999947548,2,23,true
P50_N020_M010_R12_seed150201012,true,true,true,true,AGREEMENT,OPTIMAL,OPTIMAL,161.0,161.0,0.22575859999051318,0.27433029998792335,2,38,true
P50_N020_M010_R13_seed150201013,true,true,true,true,AGREEMENT,OPTIMAL,OPTIMAL,7.0,7.0,0.28280759998597205,0.23352970002451912,2,31,true
P50_N020_M010_R14_seed150201014,true,true,true,true,AGREEMENT,OPTIMAL,OPTIMAL,490.0,490.0,0.408151599986013,2.0332458000048064,2,72,true
P50_N020_M010_R15_seed150201015,true,true,true,true,AGREEMENT,OPTIMAL,OPTIMAL,376.0,376.0,0.23091759998351336,0.20237700000870973,2,25,true
P50_N020_M010_R16_seed150201016,true,true,true,true,AGREEMENT,OPTIMAL,OPTIMAL,932.0,932.0,0.22833160002483055,0.0732778999954462,2,23,true
P50_N020_M010_R17_seed150201017,true,true,true,true,AGREEMENT,OPTIMAL,OPTIMAL,266.0,266.0,0.22883090004324913,0.2804276999668218,2,25,true
P50_N020_M010_R18_seed150201018,true,true,true,true,AGREEMENT,OPTIMAL,OPTIMAL,36.0,36.0,0.2816086999955587,0.11176930001238361,2,23,true
P50_N020_M010_R19_seed150201019,true,true,true,true,AGREEMENT,OPTIMAL,OPTIMAL,200.0,200.0,0.21072410000488162,0.09960409998893738,2,25,true
P50_N020_M010_R20_seed150201020,true,true,true,true,AGREEMENT,OPTIMAL,OPTIMAL,240.0,240.0,0.414151499979198,0.8029377000057139,2,77,true
P50_N020_M010_R21_seed150201021,true,true,true,true,AGREEMENT,OPTIMAL,OPTIMAL,41.0,41.0,0.2338587999693118,0.2890223999856971,2,29,true
P50_N020_M010_R22_seed150201022,true,true,true,true,AGREEMENT,OPTIMAL,OPTIMAL,0.0,0.0,0.28106880001723766,0.055174300039652735,2,23,true
P50_N020_M010_R23_seed150201023,true,true,true,true,AGREEMENT,OPTIMAL,OPTIMAL,117.0,117.0,0.24739319999935105,0.38540810003178194,2,29,true
P50_N020_M010_R24_seed150201024,true,true,true,true,AGREEMENT,OPTIMAL,OPTIMAL,167.0,167.0,0.24089529999764636,0.18772380001610145,2,23,true
P50_N020_M010_R25_seed150201025,true,true,true,true,AGREEMENT,OPTIMAL,OPTIMAL,2790.0,2790.0,1.4749868999933824,0.7898027999908663,2,27,true
P50_N020_M010_R26_seed150201026,true,true,true,true,AGREEMENT,OPTIMAL,OPTIMAL,175.0,175.0,0.20603170001413673,0.15934650000417605,2,29,true
P50_N020_M010_R27_seed150201027,true,true,true,true,AGREEMENT,OPTIMAL,OPTIMAL,766.0,766.0,0.3050260999589227,0.39930399996228516,2,31,true
P50_N020_M010_R28_seed150201028,true,true,true,true,AGREEMENT,OPTIMAL,OPTIMAL,1011.0,1011.0,1.4657897999859415,56.88053680001758,2,289,true
P50_N020_M010_R29_seed150201029,true,true,true,true,AGREEMENT,OPTIMAL,OPTIMAL,0.0,0.0,0.22592539998004213,0.09079350001411512,2,26,true
P50_N020_M010_R30_seed150201030,true,true,true,true,AGREEMENT,OPTIMAL,OPTIMAL,45.0,45.0,0.21608990000095218,0.09567579999566078,2,27,true
P50_N020_M020_R01_seed150202001,true,true,true,true,AGREEMENT,OPTIMAL,OPTIMAL,58.0,58.0,0.3408839000039734,0.14018269994994625,2,25,true
P50_N020_M020_R02_seed150202002,true,true,true,true,AGREEMENT,OPTIMAL,OPTIMAL,0.0,0.0,0.3139996000099927,0.06774789997143671,2,25,true
P50_N020_M020_R03_seed150202003,true,true,true,true,AGREEMENT,OPTIMAL,OPTIMAL,200.0,200.0,0.3287247000262141,0.2185316999675706,2,23,true
P50_N020_M020_R04_seed150202004,true,true,true,true,AGREEMENT,OPTIMAL,OPTIMAL,20.0,20.0,0.4229969000443816,0.06381730001885444,2,27,true
P50_N020_M020_R05_seed150202005,true,true,true,true,AGREEMENT,OPTIMAL,OPTIMAL,101.0,101.0,0.5128912999643944,0.05873079999582842,2,23,true
P50_N020_M020_R06_seed150202006,true,true,true,true,AGREEMENT,OPTIMAL,OPTIMAL,43.0,43.0,0.3550832999753766,0.07717259996570647,2,27,true
P50_N020_M020_R07_seed150202007,true,true,true,true,AGREEMENT,OPTIMAL,OPTIMAL,143.0,143.0,0.4028136999695562,0.37920119997579604,2,28,true
P50_N020_M020_R08_seed150202008,true,true,true,true,AGREEMENT,OPTIMAL,OPTIMAL,311.0,311.0,0.33151859999634326,0.21833629999309778,2,25,true
P50_N020_M020_R09_seed150202009,true,true,true,true,AGREEMENT,OPTIMAL,OPTIMAL,122.0,122.0,0.35638519999338314,0.3167505000019446,2,25,true
P50_N020_M020_R10_seed150202010,true,true,true,true,AGREEMENT,OPTIMAL,OPTIMAL,200.0,200.0,0.4119186000316404,0.4050988999661058,2,25,true
P50_N020_M020_R11_seed150202011,true,true,true,true,AGREEMENT,OPTIMAL,OPTIMAL,275.0,275.0,0.9380670000100508,3.3325420999899507,2,120,true
P50_N020_M020_R12_seed150202012,true,true,true,true,AGREEMENT,OPTIMAL,OPTIMAL,28.0,28.0,0.32624419999774545,0.05060090002370998,2,23,true
P50_N020_M020_R13_seed150202013,true,true,true,true,AGREEMENT,OPTIMAL,OPTIMAL,95.0,95.0,0.4152546999976039,0.10457089997362345,2,23,true
P50_N020_M020_R14_seed150202014,true,true,true,true,AGREEMENT,OPTIMAL,OPTIMAL,93.0,93.0,0.32359009998617694,0.10112360003404319,2,25,true
P50_N020_M020_R15_seed150202015,true,true,true,true,AGREEMENT,OPTIMAL,OPTIMAL,83.0,83.0,0.44248979998519644,0.1003097000066191,2,23,true
P50_N020_M020_R16_seed150202016,true,true,true,true,AGREEMENT,OPTIMAL,OPTIMAL,25.0,25.0,0.3911384000093676,0.07970750000094995,2,25,true
P50_N020_M020_R17_seed150202017,true,true,true,true,AGREEMENT,OPTIMAL,OPTIMAL,87.0,87.0,0.4827483000117354,0.3045429000048898,2,25,true
P50_N020_M020_R18_seed150202018,true,true,true,true,AGREEMENT,OPTIMAL,OPTIMAL,111.0,111.0,0.54208689997904,0.3074761999887414,2,35,true
P50_N020_M020_R19_seed150202019,true,true,true,true,AGREEMENT,OPTIMAL,OPTIMAL,2.0,2.0,0.3204039999982342,0.06387119996361434,2,25,true
P50_N020_M020_R20_seed150202020,true,true,true,true,AGREEMENT,OPTIMAL,OPTIMAL,316.0,316.0,0.5364103999454528,0.3377801000024192,2,25,true
P50_N020_M020_R21_seed150202021,true,true,true,true,AGREEMENT,OPTIMAL,OPTIMAL,19.0,19.0,0.41548329999204725,0.13109819998499006,2,25,true
P50_N020_M020_R22_seed150202022,true,true,true,true,AGREEMENT,OPTIMAL,OPTIMAL,137.0,137.0,0.32748400000855327,0.44838389998767525,2,39,true
P50_N020_M020_R23_seed150202023,true,true,true,true,AGREEMENT,OPTIMAL,OPTIMAL,46.0,46.0,0.35391710000112653,0.05616209999425337,2,23,true
P50_N020_M020_R24_seed150202024,true,true,true,true,AGREEMENT,OPTIMAL,OPTIMAL,184.0,184.0,0.5256128000328317,0.27479789999779314,2,25,true
P50_N020_M020_R25_seed150202025,true,true,true,true,AGREEMENT,OPTIMAL,OPTIMAL,358.0,358.0,0.567415900004562,0.6336969999829307,2,33,true
P50_N020_M020_R26_seed150202026,true,true,true,true,AGREEMENT,OPTIMAL,OPTIMAL,28.0,28.0,0.3138736999826506,0.055919300008099526,2,23,true
P50_N020_M020_R27_seed150202027,true,true,true,true,AGREEMENT,OPTIMAL,OPTIMAL,104.0,104.0,0.4895890000043437,0.29817839997122064,2,31,true
P50_N020_M020_R28_seed150202028,true,true,true,true,AGREEMENT,OPTIMAL,OPTIMAL,296.0,296.0,0.548923000053037,0.4098410999868065,2,27,true
P50_N020_M020_R29_seed150202029,true,true,true,true,AGREEMENT,OPTIMAL,OPTIMAL,94.0,94.0,0.3561750999651849,0.05993109999690205,2,23,true
P50_N020_M020_R30_seed150202030,true,true,true,true,AGREEMENT,OPTIMAL,OPTIMAL,94.0,94.0,0.4328516999958083,0.39104029996087775,2,41,true
P50_N020_M030_R01_seed150203001,true,true,true,true,AGREEMENT,OPTIMAL,OPTIMAL,170.0,170.0,0.6462626999709755,0.19729600002756342,2,23,true
P50_N020_M030_R02_seed150203002,true,true,true,true,AGREEMENT,OPTIMAL,OPTIMAL,59.0,59.0,0.5784427000326104,0.1772375000291504,2,25,true
P50_N020_M030_R03_seed150203003,true,true,true,true,AGREEMENT,OPTIMAL,OPTIMAL,102.0,102.0,0.6970814000233077,0.4359997999854386,2,43,true
P50_N020_M030_R04_seed150203004,true,true,true,true,AGREEMENT,OPTIMAL,OPTIMAL,26.0,26.0,0.5381835000007413,0.1106148999533616,2,23,true
P50_N020_M030_R05_seed150203005,true,true,true,true,AGREEMENT,OPTIMAL,OPTIMAL,94.0,94.0,0.6170753000187688,0.2588205999927595,2,29,true
P50_N020_M030_R06_seed150203006,true,true,true,true,AGREEMENT,OPTIMAL,OPTIMAL,38.0,38.0,0.5096072999876924,0.08083499997155741,2,25,true
P50_N020_M030_R07_seed150203007,true,true,true,true,AGREEMENT,OPTIMAL,OPTIMAL,56.0,56.0,0.610061899991706,0.35640049999346957,2,37,true
P50_N020_M030_R08_seed150203008,true,true,true,true,AGREEMENT,OPTIMAL,OPTIMAL,143.0,143.0,0.4583150999969803,0.24280370003543794,2,25,true
P50_N020_M030_R09_seed150203009,true,true,true,true,AGREEMENT,OPTIMAL,OPTIMAL,250.0,250.0,0.4557831999845803,0.2529941000393592,2,27,true
P50_N020_M030_R10_seed150203010,true,true,true,true,AGREEMENT,OPTIMAL,OPTIMAL,184.0,184.0,0.4733727999846451,0.24824730004183948,2,25,true
P50_N020_M030_R11_seed150203011,true,true,true,true,AGREEMENT,OPTIMAL,OPTIMAL,0.0,0.0,0.4613406999851577,0.06666949996724725,2,25,true
P50_N020_M030_R12_seed150203012,true,true,true,true,AGREEMENT,OPTIMAL,OPTIMAL,0.0,0.0,0.43518889998085797,0.058700599998701364,2,23,true
P50_N020_M030_R13_seed150203013,true,true,true,true,AGREEMENT,OPTIMAL,OPTIMAL,0.0,0.0,0.43904879997717217,0.061419099976774305,2,23,true
P50_N020_M030_R14_seed150203014,true,true,true,true,AGREEMENT,OPTIMAL,OPTIMAL,14.0,14.0,0.4701016000472009,0.06474989996058866,2,25,true
P50_N020_M030_R15_seed150203015,true,true,true,true,AGREEMENT,OPTIMAL,OPTIMAL,9.0,9.0,0.6839906999957748,0.0866814999608323,2,23,true
P50_N020_M030_R16_seed150203016,true,true,true,true,AGREEMENT,OPTIMAL,OPTIMAL,0.0,0.0,0.461937400046736,0.07719680003356189,2,23,true
P50_N020_M030_R17_seed150203017,true,true,true,true,AGREEMENT,OPTIMAL,OPTIMAL,0.0,0.0,0.4777995999902487,0.06242099998053163,2,23,true
P50_N020_M030_R18_seed150203018,true,true,true,true,AGREEMENT,OPTIMAL,OPTIMAL,374.0,374.0,1.1993828000267968,14.433908199949656,2,129,true
P50_N020_M030_R19_seed150203019,true,true,true,true,AGREEMENT,OPTIMAL,OPTIMAL,164.0,164.0,0.4623139000032097,0.10924530000193045,2,23,true
P50_N020_M030_R20_seed150203020,true,true,true,true,AGREEMENT,OPTIMAL,OPTIMAL,125.0,125.0,0.757962999981828,0.47531439998419955,2,46,true
P50_N020_M030_R21_seed150203021,true,true,true,true,AGREEMENT,OPTIMAL,OPTIMAL,38.0,38.0,0.4831802999833599,0.0675446999957785,2,23,true
P50_N020_M030_R22_seed150203022,true,true,true,true,AGREEMENT,OPTIMAL,OPTIMAL,88.0,88.0,0.5196209999849088,0.05820930004119873,2,23,true
P50_N020_M030_R23_seed150203023,true,true,true,true,AGREEMENT,OPTIMAL,OPTIMAL,19.0,19.0,0.7078515999601223,0.07224100001621991,2,23,true
P50_N020_M030_R24_seed150203024,true,true,true,true,AGREEMENT,OPTIMAL,OPTIMAL,368.0,368.0,0.5837271999916993,0.3305512000224553,2,23,true
P50_N020_M030_R25_seed150203025,true,true,true,true,AGREEMENT,OPTIMAL,OPTIMAL,95.0,95.0,0.5328532000421546,0.10287260002223775,2,23,true
P50_N020_M030_R26_seed150203026,true,true,true,true,AGREEMENT,OPTIMAL,OPTIMAL,0.0,0.0,0.5669327999930829,0.0961335000465624,2,23,true
P50_N020_M030_R27_seed150203027,true,true,true,true,AGREEMENT,OPTIMAL,OPTIMAL,426.0,426.0,0.7227594999712892,0.5236345999874175,2,31,true
P50_N020_M030_R28_seed150203028,true,true,true,true,AGREEMENT,OPTIMAL,OPTIMAL,0.0,0.0,0.4669735999777913,0.07040759996743873,2,23,true
P50_N020_M030_R29_seed150203029,true,true,true,true,AGREEMENT,OPTIMAL,OPTIMAL,0.0,0.0,0.45017060003010556,0.07057470001745969,2,25,true
P50_N020_M030_R30_seed150203030,true,true,true,true,AGREEMENT,OPTIMAL,OPTIMAL,0.0,0.0,0.5085567999631166,0.05586490000132471,2,23,true
P50_N020_M050_R01_seed150205001,true,true,true,true,AGREEMENT,OPTIMAL,OPTIMAL,62.0,62.0,1.0498831999721006,0.08446299994830042,2,23,true
P50_N020_M050_R02_seed150205002,true,true,true,true,AGREEMENT,OPTIMAL,OPTIMAL,0.0,0.0,1.115065300022252,0.08062730001984164,2,25,true
P50_N020_M050_R03_seed150205003,true,true,true,true,AGREEMENT,OPTIMAL,OPTIMAL,0.0,0.0,0.9754832999897189,0.10573719994863495,2,23,true
P50_N020_M050_R04_seed150205004,true,true,true,true,AGREEMENT,OPTIMAL,OPTIMAL,135.0,135.0,1.0343964000348933,0.08862949995091185,2,25,true
P50_N020_M050_R05_seed150205005,true,true,true,true,AGREEMENT,OPTIMAL,OPTIMAL,0.0,0.0,1.2031089999945834,0.08943990000989288,2,23,true
P50_N020_M050_R06_seed150205006,true,true,true,true,AGREEMENT,OPTIMAL,OPTIMAL,1.0,1.0,0.8182760000345297,0.07732490001944825,2,25,true
P50_N020_M050_R07_seed150205007,true,true,true,true,AGREEMENT,OPTIMAL,OPTIMAL,0.0,0.0,0.8591039000311866,0.08133650000672787,2,23,true
P50_N020_M050_R08_seed150205008,true,true,true,true,AGREEMENT,OPTIMAL,OPTIMAL,0.0,0.0,0.8402892999583855,0.09395559999393299,2,23,true
P50_N020_M050_R09_seed150205009,true,true,true,true,AGREEMENT,OPTIMAL,OPTIMAL,0.0,0.0,0.8401090000406839,0.09764360002009198,2,27,true
P50_N020_M050_R10_seed150205010,true,true,true,true,AGREEMENT,OPTIMAL,OPTIMAL,0.0,0.0,0.8462521999608725,0.07529589999467134,2,23,true
P50_N020_M050_R11_seed150205011,true,true,true,true,AGREEMENT,OPTIMAL,OPTIMAL,32.0,32.0,0.9014577000052668,0.08730509999440983,2,25,true
P50_N020_M050_R12_seed150205012,true,true,true,true,AGREEMENT,OPTIMAL,OPTIMAL,0.0,0.0,0.8495450000045821,0.09180739999283105,2,27,true
P50_N020_M050_R13_seed150205013,true,true,true,true,AGREEMENT,OPTIMAL,OPTIMAL,0.0,0.0,0.8833864000043832,0.08398440002929419,2,25,true
P50_N020_M050_R14_seed150205014,true,true,true,true,AGREEMENT,OPTIMAL,OPTIMAL,60.0,60.0,0.8240094000357203,0.08533700002590194,2,23,true
P50_N020_M050_R15_seed150205015,true,true,true,true,AGREEMENT,OPTIMAL,OPTIMAL,0.0,0.0,0.8041251000249758,0.08471199998166412,2,25,true
P50_N020_M050_R16_seed150205016,true,true,true,true,AGREEMENT,OPTIMAL,OPTIMAL,0.0,0.0,0.8241912000230514,0.07309710001572967,2,23,true
P50_N020_M050_R17_seed150205017,true,true,true,true,AGREEMENT,OPTIMAL,OPTIMAL,99.0,99.0,0.8306563000078313,0.15059560001827776,2,23,true
P50_N020_M050_R18_seed150205018,true,true,true,true,AGREEMENT,OPTIMAL,OPTIMAL,0.0,0.0,0.8456475000130013,0.07551709999097511,2,25,true
P50_N020_M050_R19_seed150205019,true,true,true,true,AGREEMENT,OPTIMAL,OPTIMAL,157.0,157.0,0.9647494999808259,0.15990299999248236,2,23,true
P50_N020_M050_R20_seed150205020,true,true,true,true,AGREEMENT,OPTIMAL,OPTIMAL,18.0,18.0,1.2099010000238195,0.10460280004190281,2,23,true
P50_N020_M050_R21_seed150205021,true,true,true,true,AGREEMENT,OPTIMAL,OPTIMAL,74.0,74.0,0.8727298000012524,0.10776420001639053,2,25,true
P50_N020_M050_R22_seed150205022,true,true,true,true,AGREEMENT,OPTIMAL,OPTIMAL,25.0,25.0,0.8467504999716766,0.08578429999761283,2,23,true
P50_N020_M050_R23_seed150205023,true,true,true,true,AGREEMENT,OPTIMAL,OPTIMAL,0.0,0.0,0.8994377999915741,0.08210619998862967,2,25,true
P50_N020_M050_R24_seed150205024,true,true,true,true,AGREEMENT,OPTIMAL,OPTIMAL,151.0,151.0,0.8423905000090599,0.08999670000048354,2,23,true
P50_N020_M050_R25_seed150205025,true,true,true,true,AGREEMENT,OPTIMAL,OPTIMAL,0.0,0.0,0.8460236000246368,0.08985000004759058,2,23,true
P50_N020_M050_R26_seed150205026,true,true,true,true,AGREEMENT,OPTIMAL,OPTIMAL,0.0,0.0,0.9862481000018306,0.08067910000681877,2,23,true
P50_N020_M050_R27_seed150205027,true,true,true,true,AGREEMENT,OPTIMAL,OPTIMAL,151.0,151.0,1.230751800001599,0.12959640001645312,2,23,true
P50_N020_M050_R28_seed150205028,true,true,true,true,AGREEMENT,OPTIMAL,OPTIMAL,26.0,26.0,1.0389893000246957,0.11459870001999661,2,27,true
P50_N020_M050_R29_seed150205029,true,true,true,true,AGREEMENT,OPTIMAL,OPTIMAL,0.0,0.0,1.0506730999913998,0.11536339996382594,2,25,true
P50_N020_M050_R30_seed150205030,true,true,true,true,AGREEMENT,OPTIMAL,OPTIMAL,10.0,10.0,1.157049499975983,0.2564665999962017,2,27,true
P50_N050_M010_R01_seed150501001,true,true,true,true,AGREEMENT,OPTIMAL,OPTIMAL,534.0,534.0,2.624458300007973,0.9510078000021167,2,59,true
P50_N050_M010_R02_seed150501002,true,true,true,true,AGREEMENT,OPTIMAL,OPTIMAL,436.0,436.0,2.157508999982383,2.6629262000205927,2,77,true
P50_N050_M010_R03_seed150501003,true,true,true,true,AGREEMENT,OPTIMAL,OPTIMAL,0.0,0.0,2.07282539998414,0.15312540001468733,2,53,true
P50_N050_M010_R04_seed150501004,true,true,true,true,AGREEMENT,OPTIMAL,OPTIMAL,48.0,48.0,2.0824357999954373,0.15199039998697117,2,53,true
P50_N050_M010_R05_seed150501005,true,true,true,true,AGREEMENT,OPTIMAL,OPTIMAL,475.0,475.0,10.727639199991245,241.670968899969,2,787,true
P50_N050_M010_R06_seed150501006,true,true,true,true,AGREEMENT,OPTIMAL,OPTIMAL,168.0,168.0,2.4077738000196405,0.16587210004217923,2,53,true
P50_N050_M010_R07_seed150501007,true,true,true,true,AGREEMENT,OPTIMAL,OPTIMAL,293.0,293.0,4.390011100040283,4.992890800000168,2,174,true
P50_N050_M010_R08_seed150501008,true,false,false,false,ALIC_ONLY_OPTIMAL,OPTIMAL,TIME_LIMIT,2393.0,,46.611709799966775,300.0047443000367,2,460,true
P50_N050_M010_R09_seed150501009,true,true,true,true,AGREEMENT,OPTIMAL,OPTIMAL,378.0,378.0,2.162776399985887,0.3725515999831259,2,53,true
P50_N050_M010_R10_seed150501010,true,true,true,true,AGREEMENT,OPTIMAL,OPTIMAL,148.0,148.0,2.0951454999740236,0.3996127999853343,2,53,true
P50_N050_M010_R11_seed150501011,true,true,true,true,AGREEMENT,OPTIMAL,OPTIMAL,259.0,259.0,2.0985652000526898,0.2995163000305183,2,55,true
P50_N050_M010_R12_seed150501012,true,true,true,true,AGREEMENT,OPTIMAL,OPTIMAL,502.0,502.0,2.298051099991426,0.6434648999711499,2,57,true
P50_N050_M010_R13_seed150501013,true,true,true,true,AGREEMENT,OPTIMAL,OPTIMAL,0.0,0.0,2.11148109997157,0.21727480000117794,2,53,true
P50_N050_M010_R14_seed150501014,true,false,false,false,ALIC_ONLY_OPTIMAL,OPTIMAL,TIME_LIMIT,2007.0,,18.519270599994343,300.004992400005,2,526,true
P50_N050_M010_R15_seed150501015,true,true,true,true,AGREEMENT,OPTIMAL,OPTIMAL,151.0,151.0,2.330330699973274,1.5681010000407696,2,119,true
P50_N050_M010_R16_seed150501016,true,true,true,true,AGREEMENT,OPTIMAL,OPTIMAL,779.0,779.0,2.459880999987945,1.4344955999986269,2,65,true
P50_N050_M010_R17_seed150501017,true,true,true,true,AGREEMENT,OPTIMAL,OPTIMAL,497.0,497.0,2.476062899979297,6.020765199966263,2,154,true
P50_N050_M010_R18_seed150501018,true,true,true,true,AGREEMENT,OPTIMAL,OPTIMAL,0.0,0.0,2.1130689999554306,0.16547469998477027,2,57,true
P50_N050_M010_R19_seed150501019,true,true,true,true,AGREEMENT,OPTIMAL,OPTIMAL,40.0,40.0,2.3198735000332817,0.16120999999111518,2,53,true
P50_N050_M010_R20_seed150501020,true,true,true,true,AGREEMENT,OPTIMAL,OPTIMAL,268.0,268.0,2.196961999987252,0.5302335000014864,2,57,true
P50_N050_M010_R21_seed150501021,true,true,true,true,AGREEMENT,OPTIMAL,OPTIMAL,215.0,215.0,2.241726499982178,0.8496649999869987,2,68,true
P50_N050_M010_R22_seed150501022,true,false,false,false,ALIC_ONLY_OPTIMAL,OPTIMAL,TIME_LIMIT,1237.0,,30.709035000007134,300.1222496999544,2,427,true
P50_N050_M010_R23_seed150501023,true,true,true,true,AGREEMENT,OPTIMAL,OPTIMAL,541.0,541.0,9.170377699949313,78.5682665000204,2,292,true
P50_N050_M010_R24_seed150501024,true,true,true,true,AGREEMENT,OPTIMAL,OPTIMAL,1112.0,1112.0,7.200201600033324,28.021760000032373,2,172,true
P50_N050_M010_R25_seed150501025,true,true,true,true,AGREEMENT,OPTIMAL,OPTIMAL,313.0,313.0,2.237453700043261,1.9820556999766268,2,129,true
P50_N050_M010_R26_seed150501026,true,true,true,true,AGREEMENT,OPTIMAL,OPTIMAL,396.0,396.0,6.361228000023402,68.69393740000669,2,386,true
P50_N050_M010_R27_seed150501027,true,true,true,true,AGREEMENT,OPTIMAL,OPTIMAL,462.0,462.0,7.063523899996653,143.39601029996993,2,497,true
P50_N050_M010_R28_seed150501028,true,true,true,true,AGREEMENT,OPTIMAL,OPTIMAL,1148.0,1148.0,2.1127809999743477,0.572165000019595,2,53,true
P50_N050_M010_R29_seed150501029,true,false,false,false,ALIC_ONLY_OPTIMAL,OPTIMAL,TIME_LIMIT,1485.0,,29.28215610003099,300.0060161000001,2,575,true
P50_N050_M010_R30_seed150501030,true,true,true,true,AGREEMENT,OPTIMAL,OPTIMAL,156.0,156.0,2.094191599986516,0.5846707000164315,2,69,true
P50_N050_M020_R01_seed150502001,true,true,true,true,AGREEMENT,OPTIMAL,OPTIMAL,370.0,370.0,3.3640287999878637,3.407346499967389,2,105,true
P50_N050_M020_R02_seed150502002,true,true,true,true,AGREEMENT,OPTIMAL,OPTIMAL,193.0,193.0,2.5327725000097416,0.6045726000447758,2,53,true
P50_N050_M020_R03_seed150502003,true,true,true,true,AGREEMENT,OPTIMAL,OPTIMAL,0.0,0.0,2.582111299969256,0.2018909000325948,2,55,true
P50_N050_M020_R04_seed150502004,true,true,true,true,AGREEMENT,OPTIMAL,OPTIMAL,510.0,510.0,4.153830500028562,0.7403384000062943,2,55,true
P50_N050_M020_R05_seed150502005,true,true,true,true,AGREEMENT,OPTIMAL,OPTIMAL,292.0,292.0,2.583296800032258,0.7977744999807328,2,59,true
P50_N050_M020_R06_seed150502006,true,true,true,true,AGREEMENT,OPTIMAL,OPTIMAL,194.0,194.0,2.617420200025663,1.0537590000312775,2,83,true
P50_N050_M020_R07_seed150502007,true,true,true,true,AGREEMENT,OPTIMAL,OPTIMAL,284.0,284.0,2.634643600031268,0.8372941999696195,2,69,true
P50_N050_M020_R08_seed150502008,true,true,true,true,AGREEMENT,OPTIMAL,OPTIMAL,0.0,0.0,2.608304399996996,0.20391079998807982,2,55,true
P50_N050_M020_R09_seed150502009,true,true,true,true,AGREEMENT,OPTIMAL,OPTIMAL,392.0,392.0,3.883668900001794,1.7266446000430733,2,69,true
P50_N050_M020_R10_seed150502010,true,true,true,true,AGREEMENT,OPTIMAL,OPTIMAL,42.0,42.0,4.161794099956751,0.4168745999922976,2,59,true
P50_N050_M020_R11_seed150502011,true,true,true,true,AGREEMENT,OPTIMAL,OPTIMAL,248.0,248.0,4.463112599973101,0.8015827999915928,2,67,true
P50_N050_M020_R12_seed150502012,true,true,true,true,AGREEMENT,OPTIMAL,OPTIMAL,430.0,430.0,5.021436500013806,2.5516426999820396,2,69,true
P50_N050_M020_R13_seed150502013,true,true,true,true,AGREEMENT,OPTIMAL,OPTIMAL,0.0,0.0,2.5467317000147887,0.19748009997420013,2,55,true
P50_N050_M020_R14_seed150502014,true,true,true,true,AGREEMENT,OPTIMAL,OPTIMAL,145.0,145.0,2.7359578000032343,0.1825045999721624,2,53,true
P50_N050_M020_R15_seed150502015,true,true,true,true,AGREEMENT,OPTIMAL,OPTIMAL,160.0,160.0,3.1597162999678403,0.8678601999999955,2,72,true
P50_N050_M020_R16_seed150502016,true,true,true,true,AGREEMENT,OPTIMAL,OPTIMAL,392.0,392.0,2.8660845000413246,0.9237687000422738,2,55,true
P50_N050_M020_R17_seed150502017,true,true,true,true,AGREEMENT,OPTIMAL,OPTIMAL,172.0,172.0,3.208113999979105,0.17585030000191182,2,53,true
P50_N050_M020_R18_seed150502018,true,true,true,true,AGREEMENT,OPTIMAL,OPTIMAL,248.0,248.0,2.6727042999700643,0.8080798999872059,2,61,true
P50_N050_M020_R19_seed150502019,true,true,true,true,AGREEMENT,OPTIMAL,OPTIMAL,0.0,0.0,2.539745200017933,0.18914229999063537,2,55,true
P50_N050_M020_R20_seed150502020,true,true,true,true,AGREEMENT,OPTIMAL,OPTIMAL,88.0,88.0,2.712113500048872,0.22201019997010008,2,55,true
P50_N050_M020_R21_seed150502021,true,true,true,true,AGREEMENT,OPTIMAL,OPTIMAL,20.0,20.0,2.514935699990019,0.17314319999422878,2,53,true
P50_N050_M020_R22_seed150502022,true,true,true,true,AGREEMENT,OPTIMAL,OPTIMAL,66.0,66.0,2.7013522000052035,0.1805500999907963,2,53,true
P50_N050_M020_R23_seed150502023,true,true,true,true,AGREEMENT,OPTIMAL,OPTIMAL,155.0,155.0,2.614620299951639,0.7739020999870263,2,59,true
P50_N050_M020_R24_seed150502024,true,true,true,true,AGREEMENT,OPTIMAL,OPTIMAL,0.0,0.0,2.608165999990888,0.18654110003262758,2,53,true
P50_N050_M020_R25_seed150502025,true,true,true,true,AGREEMENT,OPTIMAL,OPTIMAL,118.0,118.0,2.560600099968724,0.1898279000306502,2,53,true
P50_N050_M020_R26_seed150502026,true,true,true,true,AGREEMENT,OPTIMAL,OPTIMAL,0.0,0.0,2.6344922999851406,0.1822575000114739,2,53,true
P50_N050_M020_R27_seed150502027,true,true,true,true,AGREEMENT,OPTIMAL,OPTIMAL,118.0,118.0,2.7894329000264406,0.768101800000295,2,61,true
P50_N050_M020_R28_seed150502028,true,true,true,true,AGREEMENT,OPTIMAL,OPTIMAL,99.0,99.0,2.6273069999879226,0.6194615999702364,2,59,true
P50_N050_M020_R29_seed150502029,true,true,true,true,AGREEMENT,OPTIMAL,OPTIMAL,340.0,340.0,4.096539699996356,0.805246600008104,2,63,true
P50_N050_M020_R30_seed150502030,true,true,true,true,AGREEMENT,OPTIMAL,OPTIMAL,239.0,239.0,2.660163599997759,0.19329959998140112,2,56,true
P50_N050_M030_R01_seed150503001,true,true,true,true,AGREEMENT,OPTIMAL,OPTIMAL,138.0,138.0,4.661843999987468,0.4722972000017762,2,53,true
P50_N050_M030_R02_seed150503002,true,true,true,true,AGREEMENT,OPTIMAL,OPTIMAL,103.0,103.0,5.220029300020542,0.2896986000123434,2,53,true
P50_N050_M030_R03_seed150503003,true,true,true,true,AGREEMENT,OPTIMAL,OPTIMAL,328.0,328.0,7.640070799970999,48.011992699990515,2,274,true
P50_N050_M030_R04_seed150503004,true,true,true,true,AGREEMENT,OPTIMAL,OPTIMAL,0.0,0.0,3.2101935999817215,0.21109319996321574,2,55,true
P50_N050_M030_R05_seed150503005,true,true,true,true,AGREEMENT,OPTIMAL,OPTIMAL,12.0,12.0,3.4578438000171445,0.22788199997739866,2,57,true
P50_N050_M030_R06_seed150503006,true,true,true,true,AGREEMENT,OPTIMAL,OPTIMAL,24.0,24.0,3.1519042999716476,0.22738110000500455,2,55,true
P50_N050_M030_R07_seed150503007,true,true,true,true,AGREEMENT,OPTIMAL,OPTIMAL,182.0,182.0,3.319369800039567,0.42918430001009256,2,55,true
P50_N050_M030_R08_seed150503008,true,true,true,true,AGREEMENT,OPTIMAL,OPTIMAL,70.0,70.0,3.1941523000132293,0.19977509998716414,2,53,true
P50_N050_M030_R09_seed150503009,true,true,true,true,AGREEMENT,OPTIMAL,OPTIMAL,508.0,508.0,3.370070200006012,0.9775505000143312,2,61,true
P50_N050_M030_R10_seed150503010,true,true,true,true,AGREEMENT,OPTIMAL,OPTIMAL,290.0,290.0,4.658156300021801,0.6077222999883816,2,58,true
P50_N050_M030_R11_seed150503011,true,true,true,true,AGREEMENT,OPTIMAL,OPTIMAL,17.0,17.0,3.2060861999634653,0.21147919999202713,2,53,true
P50_N050_M030_R12_seed150503012,true,true,true,true,AGREEMENT,OPTIMAL,OPTIMAL,257.0,257.0,3.259615999995731,0.7352984999888577,2,59,true
P50_N050_M030_R13_seed150503013,true,true,true,true,AGREEMENT,OPTIMAL,OPTIMAL,175.0,175.0,4.95514869998442,0.6583450000034645,2,57,true
P50_N050_M030_R14_seed150503014,true,true,true,true,AGREEMENT,OPTIMAL,OPTIMAL,303.0,303.0,3.3787589999847114,1.5680714000482112,2,84,true
P50_N050_M030_R15_seed150503015,true,true,true,true,AGREEMENT,OPTIMAL,OPTIMAL,234.0,234.0,3.2377419999684207,0.4695371999987401,2,55,true
P50_N050_M030_R16_seed150503016,true,true,true,true,AGREEMENT,OPTIMAL,OPTIMAL,240.0,240.0,3.2699013999663293,0.7591693999711424,2,61,true
P50_N050_M030_R17_seed150503017,true,true,true,true,AGREEMENT,OPTIMAL,OPTIMAL,0.0,0.0,3.240558499994222,0.23598209995543584,2,53,true
P50_N050_M030_R18_seed150503018,true,true,true,true,AGREEMENT,OPTIMAL,OPTIMAL,578.0,578.0,3.3555649000336416,1.0119359999662265,2,55,true
P50_N050_M030_R19_seed150503019,true,true,true,true,AGREEMENT,OPTIMAL,OPTIMAL,23.0,23.0,4.604405000049155,0.2578950999886729,2,55,true
P50_N050_M030_R20_seed150503020,true,true,true,true,AGREEMENT,OPTIMAL,OPTIMAL,23.0,23.0,3.616878299973905,0.847032199962996,2,68,true
P50_N050_M030_R21_seed150503021,true,true,true,true,AGREEMENT,OPTIMAL,OPTIMAL,128.0,128.0,3.2313922000466846,0.798666000016965,2,59,true
P50_N050_M030_R22_seed150503022,true,true,true,true,AGREEMENT,OPTIMAL,OPTIMAL,101.0,101.0,3.2838982000248507,0.3928865999914706,2,53,true
P50_N050_M030_R23_seed150503023,true,true,true,true,AGREEMENT,OPTIMAL,OPTIMAL,0.0,0.0,3.2532418000046164,0.24256240000249818,2,53,true
P50_N050_M030_R24_seed150503024,true,true,true,true,AGREEMENT,OPTIMAL,OPTIMAL,26.0,26.0,3.2775880999979563,0.49912659998517483,2,59,true
P50_N050_M030_R25_seed150503025,true,true,true,true,AGREEMENT,OPTIMAL,OPTIMAL,189.0,189.0,3.237020600005053,0.7227904999745078,2,57,true
P50_N050_M030_R26_seed150503026,true,true,true,true,AGREEMENT,OPTIMAL,OPTIMAL,0.0,0.0,3.196335899992846,0.23443189996760339,2,55,true
P50_N050_M030_R27_seed150503027,true,true,true,true,AGREEMENT,OPTIMAL,OPTIMAL,0.0,0.0,3.2678481999901123,0.2373896000208333,2,53,true
P50_N050_M030_R28_seed150503028,true,true,true,true,AGREEMENT,OPTIMAL,OPTIMAL,13.0,13.0,3.1879440000047907,0.21233819995541126,2,53,true
P50_N050_M030_R29_seed150503029,true,true,true,true,AGREEMENT,OPTIMAL,OPTIMAL,228.0,228.0,3.227173599996604,0.5973225999623537,2,55,true
P50_N050_M030_R30_seed150503030,true,true,true,true,AGREEMENT,OPTIMAL,OPTIMAL,127.0,127.0,3.2216051999712363,0.2740273000090383,2,53,true
P50_N050_M050_R01_seed150505001,true,true,true,true,AGREEMENT,OPTIMAL,OPTIMAL,34.0,34.0,0.04159759997855872,0.2991131999879144,2,55,true
P50_N050_M050_R02_seed150505002,true,true,true,true,AGREEMENT,OPTIMAL,OPTIMAL,111.0,111.0,0.06684970000060275,0.6607615000102669,2,57,true
P50_N050_M050_R03_seed150505003,true,true,true,true,AGREEMENT,OPTIMAL,OPTIMAL,79.0,79.0,0.05006209999555722,0.27917719999095425,2,53,true
P50_N050_M050_R04_seed150505004,true,true,true,true,AGREEMENT,OPTIMAL,OPTIMAL,73.0,73.0,0.05954679998103529,0.3168149999692105,2,55,true
P50_N050_M050_R05_seed150505005,true,true,true,true,AGREEMENT,OPTIMAL,OPTIMAL,22.0,22.0,0.05551380000542849,0.4788361999671906,2,57,true
P50_N050_M050_R06_seed150505006,true,true,true,true,AGREEMENT,OPTIMAL,OPTIMAL,109.0,109.0,0.05672280001454055,0.30126919999020174,2,53,true
P50_N050_M050_R07_seed150505007,true,true,true,true,AGREEMENT,OPTIMAL,OPTIMAL,15.0,15.0,0.05971140001202002,0.3473727999953553,2,53,true
P50_N050_M050_R08_seed150505008,true,true,true,true,AGREEMENT,OPTIMAL,OPTIMAL,10.0,10.0,0.044672499992884696,0.3107848000363447,2,53,true
P50_N050_M050_R09_seed150505009,true,true,true,true,AGREEMENT,OPTIMAL,OPTIMAL,0.0,0.0,0.05198529997142032,0.3766573999891989,2,55,true
P50_N050_M050_R10_seed150505010,true,true,true,true,AGREEMENT,OPTIMAL,OPTIMAL,0.0,0.0,0.04600980004761368,0.43812659999821335,2,55,true
P50_N050_M050_R11_seed150505011,true,true,true,true,AGREEMENT,OPTIMAL,OPTIMAL,0.0,0.0,0.08138249994954094,0.47194419999141246,2,55,true
P50_N050_M050_R12_seed150505012,true,true,true,true,AGREEMENT,OPTIMAL,OPTIMAL,0.0,0.0,0.06360850000055507,0.5816912000300363,2,55,true
P50_N050_M050_R13_seed150505013,true,true,true,true,AGREEMENT,OPTIMAL,OPTIMAL,43.0,43.0,0.06308839999837801,0.46921010001096874,2,53,true
P50_N050_M050_R14_seed150505014,true,true,true,true,AGREEMENT,OPTIMAL,OPTIMAL,0.0,0.0,0.04458539996994659,0.3165624000248499,2,55,true
P50_N050_M050_R15_seed150505015,true,true,true,true,AGREEMENT,OPTIMAL,OPTIMAL,54.0,54.0,0.09755959996255115,0.6495780000113882,2,59,true
P50_N050_M050_R16_seed150505016,true,true,true,true,AGREEMENT,OPTIMAL,OPTIMAL,13.0,13.0,0.04642189998412505,0.3036007999908179,2,55,true
P50_N050_M050_R17_seed150505017,true,true,true,true,AGREEMENT,OPTIMAL,OPTIMAL,152.0,152.0,0.1220886999508366,0.9188777999952435,2,55,true
P50_N050_M050_R18_seed150505018,true,true,true,true,AGREEMENT,OPTIMAL,OPTIMAL,97.0,97.0,0.08133389998693019,1.079694699961692,2,63,true
P50_N050_M050_R19_seed150505019,true,true,true,true,AGREEMENT,OPTIMAL,OPTIMAL,23.0,23.0,0.05780509999021888,0.5120598000357859,2,55,true
P50_N050_M050_R20_seed150505020,true,true,true,true,AGREEMENT,OPTIMAL,OPTIMAL,9.0,9.0,0.06754900002852082,0.42289389995858073,2,53,true
P50_N050_M050_R21_seed150505021,true,true,true,true,AGREEMENT,OPTIMAL,OPTIMAL,143.0,143.0,0.05805679998593405,0.3609703000402078,2,53,true
P50_N050_M050_R22_seed150505022,true,true,true,true,AGREEMENT,OPTIMAL,OPTIMAL,0.0,0.0,0.10495390003779903,0.4689065999700688,2,53,true
P50_N050_M050_R23_seed150505023,true,true,true,true,AGREEMENT,OPTIMAL,OPTIMAL,133.0,133.0,0.06413499999325722,0.3331120000220835,2,55,true
P50_N050_M050_R24_seed150505024,true,true,true,true,AGREEMENT,OPTIMAL,OPTIMAL,80.0,80.0,0.08599560003494844,1.2279777000076137,2,67,true
P50_N050_M050_R25_seed150505025,true,true,true,true,AGREEMENT,OPTIMAL,OPTIMAL,154.0,154.0,0.06165439996402711,0.797528900031466,2,55,true
P50_N050_M050_R26_seed150505026,true,true,true,true,AGREEMENT,OPTIMAL,OPTIMAL,22.0,22.0,0.04752369999187067,0.2812709999852814,2,53,true
P50_N050_M050_R27_seed150505027,true,true,true,true,AGREEMENT,OPTIMAL,OPTIMAL,135.0,135.0,0.0651371999992989,0.7047486999654211,2,53,true
P50_N050_M050_R28_seed150505028,true,true,true,true,AGREEMENT,OPTIMAL,OPTIMAL,108.0,108.0,0.09882870002184063,0.9190019000088796,2,54,true
P50_N050_M050_R29_seed150505029,true,true,true,true,AGREEMENT,OPTIMAL,OPTIMAL,11.0,11.0,0.06245259998831898,0.37449840002227575,2,53,true
P50_N050_M050_R30_seed150505030,true,true,true,true,AGREEMENT,OPTIMAL,OPTIMAL,108.0,108.0,0.12304710003081709,0.5328591000288725,2,53,true
